{
	"__comment": "Designed by Galingueur with BDcraft Cubik PRO 0.96 Beta - http://bdcraft.net",
	"textures": {
		"particle": "block/m_pipe_01",
		"texture": "block/m_pipe_01"
	},
	"elements": [
		{
			"from": [ 6, 9, 0 ],
			"to": [ 10, 10, 14 ],
			"faces": {
				"down": { "uv": [ 16, 10, 2, 6 ], "texture": "#texture", "rotation": 270 },
				"up": { "uv": [ 0, 6, 14, 10 ], "texture": "#texture", "rotation": 90 },
				"north": { "uv": [ 6, 6, 10, 7 ], "texture": "#texture" },
				"south": { "uv": [ 6, 6, 10, 7 ], "texture": "#texture" },
				"west": { "uv": [ 0, 6, 14, 7 ], "texture": "#texture" },
				"east": { "uv": [ 2, 6, 16, 7 ], "texture": "#texture" }
			}
		},
		{
			"from": [ 6, 6, 0 ],
			"to": [ 10, 7, 14 ],
			"faces": {
				"down": { "uv": [ 16, 10, 2, 6 ], "texture": "#texture", "rotation": 270 },
				"up": { "uv": [ 0, 6, 14, 10 ], "texture": "#texture", "rotation": 90 },
				"north": { "uv": [ 6, 9, 10, 10 ], "texture": "#texture" },
				"south": { "uv": [ 6, 9, 10, 10 ], "texture": "#texture" },
				"west": { "uv": [ 0, 9, 14, 10 ], "texture": "#texture" },
				"east": { "uv": [ 2, 9, 16, 10 ], "texture": "#texture" }
			}
		},
		{
			"from": [ 6, 1, 0 ],
			"to": [ 10, 2, 14 ],
			"faces": {
				"down": { "uv": [ 16, 10, 2, 6 ], "texture": "#texture", "rotation": 270 },
				"up": { "uv": [ 0, 6, 14, 10 ], "texture": "#texture", "rotation": 90 },
				"north": { "uv": [ 6, 14, 10, 15 ], "texture": "#texture" },
				"south": { "uv": [ 6, 14, 10, 15 ], "texture": "#texture" },
				"west": { "uv": [ 0, 14, 14, 15 ], "texture": "#texture" },
				"east": { "uv": [ 2, 14, 16, 15 ], "texture": "#texture" }
			}
		},
		{
			"from": [ 10, 2, 0 ],
			"to": [ 11, 6, 6 ],
			"faces": {
				"down": { "uv": [ 10, 10, 11, 16 ], "texture": "#texture" },
				"up": { "uv": [ 10, 0, 11, 6 ], "texture": "#texture" },
				"north": { "uv": [ 5, 10, 6, 14 ], "texture": "#texture" },
				"south": { "uv": [ 10, 10, 11, 14 ], "texture": "#texture" },
				"west": { "uv": [ 0, 10, 6, 14 ], "texture": "#texture" },
				"east": { "uv": [ 10, 10, 16, 14 ], "texture": "#texture" }
			}
		},
		{
			"from": [ 5, 2, 0 ],
			"to": [ 6, 6, 14 ],
			"faces": {
				"down": { "uv": [ 16, 11, 2, 10 ], "texture": "#texture", "rotation": 270 },
				"up": { "uv": [ 0, 10, 14, 11 ], "texture": "#texture", "rotation": 90 },
				"north": { "uv": [ 10, 10, 11, 14 ], "texture": "#texture" },
				"south": { "uv": [ 5, 10, 6, 14 ], "texture": "#texture" },
				"west": { "uv": [ 0, 10, 14, 14 ], "texture": "#texture" },
				"east": { "uv": [ 2, 10, 16, 14 ], "texture": "#texture" }
			}
		},
		{
			"from": [ 10, 10, 0 ],
			"to": [ 11, 14, 6 ],
			"faces": {
				"down": { "uv": [ 10, 10, 11, 16 ], "texture": "#texture" },
				"up": { "uv": [ 10, 0, 11, 6 ], "texture": "#texture" },
				"north": { "uv": [ 5, 2, 6, 6 ], "texture": "#texture" },
				"south": { "uv": [ 10, 2, 11, 6 ], "texture": "#texture" },
				"west": { "uv": [ 0, 2, 6, 6 ], "texture": "#texture" },
				"east": { "uv": [ 10, 2, 16, 6 ], "texture": "#texture" }
			}
		},
		{
			"from": [ 5, 10, 0 ],
			"to": [ 6, 14, 14 ],
			"faces": {
				"down": { "uv": [ 16, 11, 2, 10 ], "texture": "#texture", "rotation": 270 },
				"up": { "uv": [ 0, 10, 14, 11 ], "texture": "#texture", "rotation": 90 },
				"north": { "uv": [ 10, 2, 11, 6 ], "texture": "#texture" },
				"south": { "uv": [ 5, 2, 6, 6 ], "texture": "#texture" },
				"west": { "uv": [ 0, 2, 14, 6 ], "texture": "#texture" },
				"east": { "uv": [ 2, 2, 16, 6 ], "texture": "#texture" }
			}
		},
		{
			"from": [ 6, 14, 0 ],
			"to": [ 10, 15, 14 ],
			"faces": {
				"down": { "uv": [ 16, 10, 2, 6 ], "texture": "#texture", "rotation": 270 },
				"up": { "uv": [ 0, 6, 14, 10 ], "texture": "#texture", "rotation": 90 },
				"north": { "uv": [ 6, 1, 10, 2 ], "texture": "#texture" },
				"south": { "uv": [ 6, 1, 10, 2 ], "texture": "#texture" },
				"west": { "uv": [ 0, 1, 14, 2 ], "texture": "#texture" },
				"east": { "uv": [ 2, 1, 16, 2 ], "texture": "#texture" }
			}
		},
		{
			"from": [ 11, 10, 14 ],
			"to": [ 11.5, 14, 16 ],
			"faces": {
				"down": { "uv": [ 2, 5, 0, 4.5 ], "texture": "#texture", "rotation": 270 },
				"up": { "uv": [ 14, 4.5, 16, 5 ], "texture": "#texture", "rotation": 90 },
				"north": { "uv": [ 4.5, 2, 5, 6 ], "texture": "#texture" },
				"south": { "uv": [ 11, 2, 11.5, 6 ], "texture": "#texture" },
				"west": { "uv": [ 14, 2, 16, 6 ], "texture": "#texture" },
				"east": { "uv": [ 0, 2, 2, 6 ], "texture": "#texture" }
			}
		},
		{
			"from": [ 4.5, 10, 14 ],
			"to": [ 5, 14, 16 ],
			"faces": {
				"down": { "uv": [ 2, 11.5, 0, 11 ], "texture": "#texture", "rotation": 270 },
				"up": { "uv": [ 14, 11, 16, 11.5 ], "texture": "#texture", "rotation": 90 },
				"north": { "uv": [ 11, 2, 11.5, 6 ], "texture": "#texture" },
				"south": { "uv": [ 4.5, 2, 5, 6 ], "texture": "#texture" },
				"west": { "uv": [ 14, 2, 16, 6 ], "texture": "#texture" },
				"east": { "uv": [ 0, 2, 2, 6 ], "texture": "#texture" }
			}
		},
		{
			"from": [ 6, 15, 14 ],
			"to": [ 10, 15.5, 16 ],
			"faces": {
				"down": { "uv": [ 2, 10, 0, 6 ], "texture": "#texture", "rotation": 270 },
				"up": { "uv": [ 14, 6, 16, 10 ], "texture": "#texture", "rotation": 90 },
				"north": { "uv": [ 6, 0.5, 10, 1 ], "texture": "#texture" },
				"south": { "uv": [ 6, 0.5, 10, 1 ], "texture": "#texture" },
				"west": { "uv": [ 14, 0.5, 16, 1 ], "texture": "#texture" },
				"east": { "uv": [ 0, 0.5, 2, 1 ], "texture": "#texture" }
			}
		},
		{
			"from": [ 6, 8.5, 14 ],
			"to": [ 10, 9, 16 ],
			"faces": {
				"down": { "uv": [ 2, 10, 0, 6 ], "texture": "#texture", "rotation": 270 },
				"up": { "uv": [ 14, 6, 16, 10 ], "texture": "#texture", "rotation": 90 },
				"north": { "uv": [ 6, 7, 10, 7.5 ], "texture": "#texture" },
				"south": { "uv": [ 6, 7, 10, 7.5 ], "texture": "#texture" },
				"west": { "uv": [ 14, 7, 16, 7.5 ], "texture": "#texture" },
				"east": { "uv": [ 0, 7, 2, 7.5 ], "texture": "#texture" }
			}
		},
		{
			"from": [ 10, 9, 14 ],
			"to": [ 11, 10, 16 ],
			"faces": {
				"down": { "uv": [ 2, 6, 0, 5 ], "texture": "#texture", "rotation": 270 },
				"up": { "uv": [ 14, 5, 16, 6 ], "texture": "#texture", "rotation": 90 },
				"north": { "uv": [ 5, 6, 6, 7 ], "texture": "#texture" },
				"south": { "uv": [ 10, 6, 11, 7 ], "texture": "#texture" },
				"west": { "uv": [ 14, 6, 16, 7 ], "texture": "#texture" },
				"east": { "uv": [ 0, 6, 2, 7 ], "texture": "#texture" }
			}
		},
		{
			"from": [ 5, 9, 14 ],
			"to": [ 6, 10, 16 ],
			"faces": {
				"down": { "uv": [ 2, 11, 0, 10 ], "texture": "#texture", "rotation": 270 },
				"up": { "uv": [ 14, 10, 16, 11 ], "texture": "#texture", "rotation": 90 },
				"north": { "uv": [ 10, 6, 11, 7 ], "texture": "#texture" },
				"south": { "uv": [ 5, 6, 6, 7 ], "texture": "#texture" },
				"west": { "uv": [ 14, 6, 16, 7 ], "texture": "#texture" },
				"east": { "uv": [ 0, 6, 2, 7 ], "texture": "#texture" }
			}
		},
		{
			"from": [ 5, 14, 14 ],
			"to": [ 6, 15, 16 ],
			"faces": {
				"down": { "uv": [ 2, 11, 0, 10 ], "texture": "#texture", "rotation": 270 },
				"up": { "uv": [ 14, 10, 16, 11 ], "texture": "#texture", "rotation": 90 },
				"north": { "uv": [ 10, 1, 11, 2 ], "texture": "#texture" },
				"south": { "uv": [ 5, 1, 6, 2 ], "texture": "#texture" },
				"west": { "uv": [ 14, 1, 16, 2 ], "texture": "#texture" },
				"east": { "uv": [ 0, 1, 2, 2 ], "texture": "#texture" }
			}
		},
		{
			"from": [ 10, 14, 14 ],
			"to": [ 11, 15, 16 ],
			"faces": {
				"down": { "uv": [ 2, 6, 0, 5 ], "texture": "#texture", "rotation": 270 },
				"up": { "uv": [ 14, 5, 16, 6 ], "texture": "#texture", "rotation": 90 },
				"north": { "uv": [ 5, 1, 6, 2 ], "texture": "#texture" },
				"south": { "uv": [ 10, 1, 11, 2 ], "texture": "#texture" },
				"west": { "uv": [ 14, 1, 16, 2 ], "texture": "#texture" },
				"east": { "uv": [ 0, 1, 2, 2 ], "texture": "#texture" }
			}
		},
		{
			"from": [ 6, 7, 14 ],
			"to": [ 10, 7.5, 16 ],
			"faces": {
				"down": { "uv": [ 2, 10, 0, 6 ], "texture": "#texture", "rotation": 270 },
				"up": { "uv": [ 14, 6, 16, 10 ], "texture": "#texture", "rotation": 90 },
				"north": { "uv": [ 6, 8.5, 10, 9 ], "texture": "#texture" },
				"south": { "uv": [ 6, 8.5, 10, 9 ], "texture": "#texture" },
				"west": { "uv": [ 14, 8.5, 16, 9 ], "texture": "#texture" },
				"east": { "uv": [ 0, 8.5, 2, 9 ], "texture": "#texture" }
			}
		},
		{
			"from": [ 10, 6, 14 ],
			"to": [ 11, 7, 16 ],
			"faces": {
				"down": { "uv": [ 2, 6, 0, 5 ], "texture": "#texture", "rotation": 270 },
				"up": { "uv": [ 14, 5, 16, 6 ], "texture": "#texture", "rotation": 90 },
				"north": { "uv": [ 5, 9, 6, 10 ], "texture": "#texture" },
				"south": { "uv": [ 10, 9, 11, 10 ], "texture": "#texture" },
				"west": { "uv": [ 14, 9, 16, 10 ], "texture": "#texture" },
				"east": { "uv": [ 0, 9, 2, 10 ], "texture": "#texture" }
			}
		},
		{
			"from": [ 5, 6, 14 ],
			"to": [ 6, 7, 16 ],
			"faces": {
				"down": { "uv": [ 2, 11, 0, 10 ], "texture": "#texture", "rotation": 270 },
				"up": { "uv": [ 14, 10, 16, 11 ], "texture": "#texture", "rotation": 90 },
				"north": { "uv": [ 10, 9, 11, 10 ], "texture": "#texture" },
				"south": { "uv": [ 5, 9, 6, 10 ], "texture": "#texture" },
				"west": { "uv": [ 14, 9, 16, 10 ], "texture": "#texture" },
				"east": { "uv": [ 0, 9, 2, 10 ], "texture": "#texture" }
			}
		},
		{
			"from": [ 5, 1, 14 ],
			"to": [ 6, 2, 16 ],
			"faces": {
				"down": { "uv": [ 2, 11, 0, 10 ], "texture": "#texture", "rotation": 270 },
				"up": { "uv": [ 14, 10, 16, 11 ], "texture": "#texture", "rotation": 90 },
				"north": { "uv": [ 10, 14, 11, 15 ], "texture": "#texture" },
				"south": { "uv": [ 5, 14, 6, 15 ], "texture": "#texture" },
				"west": { "uv": [ 14, 14, 16, 15 ], "texture": "#texture" },
				"east": { "uv": [ 0, 14, 2, 15 ], "texture": "#texture" }
			}
		},
		{
			"from": [ 10, 1, 14 ],
			"to": [ 11, 2, 16 ],
			"faces": {
				"down": { "uv": [ 2, 6, 0, 5 ], "texture": "#texture", "rotation": 270 },
				"up": { "uv": [ 14, 5, 16, 6 ], "texture": "#texture", "rotation": 90 },
				"north": { "uv": [ 5, 14, 6, 15 ], "texture": "#texture" },
				"south": { "uv": [ 10, 14, 11, 15 ], "texture": "#texture" },
				"west": { "uv": [ 14, 14, 16, 15 ], "texture": "#texture" },
				"east": { "uv": [ 0, 14, 2, 15 ], "texture": "#texture" }
			}
		},
		{
			"from": [ 6, 0.5, 14 ],
			"to": [ 10, 1, 16 ],
			"faces": {
				"down": { "uv": [ 2, 10, 0, 6 ], "texture": "#texture", "rotation": 270 },
				"up": { "uv": [ 14, 6, 16, 10 ], "texture": "#texture", "rotation": 90 },
				"north": { "uv": [ 6, 15, 10, 15.5 ], "texture": "#texture" },
				"south": { "uv": [ 6, 15, 10, 15.5 ], "texture": "#texture" },
				"west": { "uv": [ 14, 15, 16, 15.5 ], "texture": "#texture" },
				"east": { "uv": [ 0, 15, 2, 15.5 ], "texture": "#texture" }
			}
		},
		{
			"from": [ 4.5, 2, 14 ],
			"to": [ 5, 6, 16 ],
			"faces": {
				"down": { "uv": [ 2, 11.5, 0, 11 ], "texture": "#texture", "rotation": 270 },
				"up": { "uv": [ 14, 11, 16, 11.5 ], "texture": "#texture", "rotation": 90 },
				"north": { "uv": [ 11, 10, 11.5, 14 ], "texture": "#texture" },
				"south": { "uv": [ 4.5, 10, 5, 14 ], "texture": "#texture" },
				"west": { "uv": [ 14, 10, 16, 14 ], "texture": "#texture" },
				"east": { "uv": [ 0, 10, 2, 14 ], "texture": "#texture" }
			}
		},
		{
			"from": [ 11, 2, 14 ],
			"to": [ 11.5, 6, 16 ],
			"faces": {
				"down": { "uv": [ 2, 5, 0, 4.5 ], "texture": "#texture", "rotation": 270 },
				"up": { "uv": [ 14, 4.5, 16, 5 ], "texture": "#texture", "rotation": 90 },
				"north": { "uv": [ 4.5, 10, 5, 14 ], "texture": "#texture" },
				"south": { "uv": [ 11, 10, 11.5, 14 ], "texture": "#texture" },
				"west": { "uv": [ 14, 10, 16, 14 ], "texture": "#texture" },
				"east": { "uv": [ 0, 10, 2, 14 ], "texture": "#texture" }
			}
		},
		{
			"from": [ 10, 14, 6 ],
			"to": [ 16, 15, 10 ],
			"faces": {
				"down": { "uv": [ 10, 6, 16, 10 ], "texture": "#texture" },
				"up": { "uv": [ 10, 6, 16, 10 ], "texture": "#texture" },
				"north": { "uv": [ 10, 1, 16, 2 ], "texture": "#texture" },
				"south": { "uv": [ 10, 1, 16, 2 ], "texture": "#texture" },
				"west": { "uv": [ 6, 1, 10, 2 ], "texture": "#texture" },
				"east": { "uv": [ 6, 1, 10, 2 ], "texture": "#texture" }
			}
		},
		{
			"from": [ 10, 2, 10 ],
			"to": [ 11, 6, 14 ],
			"faces": {
				"down": { "uv": [ 16, 6, 2, 5 ], "texture": "#texture", "rotation": 270 },
				"up": { "uv": [ 0, 5, 14, 6 ], "texture": "#texture", "rotation": 90 },
				"north": { "uv": [ 5, 10, 6, 14 ], "texture": "#texture" },
				"south": { "uv": [ 10, 10, 11, 14 ], "texture": "#texture" },
				"west": { "uv": [ 0, 10, 14, 14 ], "texture": "#texture" },
				"east": { "uv": [ 2, 10, 16, 14 ], "texture": "#texture" }
			}
		},
		{
			"from": [ 10, 10, 10 ],
			"to": [ 11, 14, 14 ],
			"faces": {
				"down": { "uv": [ 16, 6, 2, 5 ], "texture": "#texture", "rotation": 270 },
				"up": { "uv": [ 0, 5, 14, 6 ], "texture": "#texture", "rotation": 90 },
				"north": { "uv": [ 5, 2, 6, 6 ], "texture": "#texture" },
				"south": { "uv": [ 10, 2, 11, 6 ], "texture": "#texture" },
				"west": { "uv": [ 0, 2, 14, 6 ], "texture": "#texture" },
				"east": { "uv": [ 2, 2, 16, 6 ], "texture": "#texture" }
			}
		},
		{
			"from": [ 10, 9, 6 ],
			"to": [ 16, 10, 10 ],
			"faces": {
				"down": { "uv": [ 10, 6, 16, 10 ], "texture": "#texture" },
				"up": { "uv": [ 10, 6, 16, 10 ], "texture": "#texture" },
				"north": { "uv": [ 0, 6, 6, 7 ], "texture": "#texture" },
				"south": { "uv": [ 10, 6, 16, 7 ], "texture": "#texture" },
				"west": { "uv": [ 6, 6, 10, 7 ], "texture": "#texture" },
				"east": { "uv": [ 6, 6, 10, 7 ], "texture": "#texture" }
			}
		},
		{
			"from": [ 10, 6, 6 ],
			"to": [ 16, 7, 10 ],
			"faces": {
				"down": { "uv": [ 10, 6, 16, 10 ], "texture": "#texture" },
				"up": { "uv": [ 10, 6, 16, 10 ], "texture": "#texture" },
				"north": { "uv": [ 10, 9, 16, 10 ], "texture": "#texture" },
				"south": { "uv": [ 10, 9, 16, 10 ], "texture": "#texture" },
				"west": { "uv": [ 6, 9, 10, 10 ], "texture": "#texture" },
				"east": { "uv": [ 6, 9, 10, 10 ], "texture": "#texture" }
			}
		},
		{
			"from": [ 10, 1, 6 ],
			"to": [ 16, 2, 10 ],
			"faces": {
				"down": { "uv": [ 10, 6, 16, 10 ], "texture": "#texture" },
				"up": { "uv": [ 10, 6, 16, 10 ], "texture": "#texture" },
				"north": { "uv": [ 10, 14, 16, 15 ], "texture": "#texture" },
				"south": { "uv": [ 10, 14, 16, 15 ], "texture": "#texture" },
				"west": { "uv": [ 6, 14, 10, 15 ], "texture": "#texture" },
				"east": { "uv": [ 6, 14, 10, 15 ], "texture": "#texture" }
			}
		},
		{
			"from": [ 11, 10, 5 ],
			"to": [ 16, 14, 6 ],
			"faces": {
				"down": { "uv": [ 11, 5, 16, 6 ], "texture": "#texture" },
				"up": { "uv": [ 11, 5, 16, 6 ], "texture": "#texture" },
				"north": { "uv": [ 11, 2, 16, 6 ], "texture": "#texture" },
				"south": { "uv": [ 11, 2, 16, 6 ], "texture": "#texture" },
				"west": { "uv": [ 5, 2, 6, 6 ], "texture": "#texture" },
				"east": { "uv": [ 5, 2, 6, 6 ], "texture": "#texture" }
			}
		},
		{
			"from": [ 11, 2, 5 ],
			"to": [ 16, 6, 6 ],
			"faces": {
				"down": { "uv": [ 11, 5, 16, 6 ], "texture": "#texture" },
				"up": { "uv": [ 11, 5, 16, 6 ], "texture": "#texture" },
				"north": { "uv": [ 11, 10, 16, 14 ], "texture": "#texture" },
				"south": { "uv": [ 11, 10, 16, 14 ], "texture": "#texture" },
				"west": { "uv": [ 5, 10, 6, 14 ], "texture": "#texture" },
				"east": { "uv": [ 5, 10, 6, 14 ], "texture": "#texture" }
			}
		},
		{
			"from": [ 11, 2, 10 ],
			"to": [ 16, 6, 11 ],
			"faces": {
				"down": { "uv": [ 11, 10, 16, 11 ], "texture": "#texture" },
				"up": { "uv": [ 11, 10, 16, 11 ], "texture": "#texture" },
				"north": { "uv": [ 11, 10, 16, 14 ], "texture": "#texture" },
				"south": { "uv": [ 11, 10, 16, 14 ], "texture": "#texture" },
				"west": { "uv": [ 10, 10, 11, 14 ], "texture": "#texture" },
				"east": { "uv": [ 10, 10, 11, 14 ], "texture": "#texture" }
			}
		},
		{
			"from": [ 11, 10, 10 ],
			"to": [ 16, 14, 11 ],
			"faces": {
				"down": { "uv": [ 11, 10, 16, 11 ], "texture": "#texture" },
				"up": { "uv": [ 11, 10, 16, 11 ], "texture": "#texture" },
				"north": { "uv": [ 11, 2, 16, 6 ], "texture": "#texture" },
				"south": { "uv": [ 11, 2, 16, 6 ], "texture": "#texture" },
				"west": { "uv": [ 10, 2, 11, 6 ], "texture": "#texture" },
				"east": { "uv": [ 10, 2, 11, 6 ], "texture": "#texture" }
			}
		},
		{
			"from": [ 4.5, 2, 0 ],
			"to": [ 5, 6, 2 ],
			"faces": {
				"down": { "uv": [ 2, 11.5, 0, 11 ], "texture": "#texture", "rotation": 270 },
				"up": { "uv": [ 14, 11, 16, 11.5 ], "texture": "#texture", "rotation": 90 },
				"north": { "uv": [ 11, 10, 11.5, 14 ], "texture": "#texture" },
				"south": { "uv": [ 4.5, 10, 5, 14 ], "texture": "#texture" },
				"west": { "uv": [ 14, 10, 16, 14 ], "texture": "#texture" },
				"east": { "uv": [ 0, 10, 2, 14 ], "texture": "#texture" }
			}
		},
		{
			"from": [ 5, 6, 0 ],
			"to": [ 6, 7, 2 ],
			"faces": {
				"down": { "uv": [ 2, 11, 0, 10 ], "texture": "#texture", "rotation": 270 },
				"up": { "uv": [ 14, 10, 16, 11 ], "texture": "#texture", "rotation": 90 },
				"north": { "uv": [ 10, 9, 11, 10 ], "texture": "#texture" },
				"south": { "uv": [ 5, 9, 6, 10 ], "texture": "#texture" },
				"west": { "uv": [ 14, 9, 16, 10 ], "texture": "#texture" },
				"east": { "uv": [ 0, 9, 2, 10 ], "texture": "#texture" }
			}
		},
		{
			"from": [ 6, 7, 0 ],
			"to": [ 10, 7.5, 2 ],
			"faces": {
				"down": { "uv": [ 2, 10, 0, 6 ], "texture": "#texture", "rotation": 270 },
				"up": { "uv": [ 14, 6, 16, 10 ], "texture": "#texture", "rotation": 90 },
				"north": { "uv": [ 6, 8.5, 10, 9 ], "texture": "#texture" },
				"south": { "uv": [ 6, 8.5, 10, 9 ], "texture": "#texture" },
				"west": { "uv": [ 14, 8.5, 16, 9 ], "texture": "#texture" },
				"east": { "uv": [ 0, 8.5, 2, 9 ], "texture": "#texture" }
			}
		},
		{
			"from": [ 5, 1, 0 ],
			"to": [ 6, 2, 2 ],
			"faces": {
				"down": { "uv": [ 2, 11, 0, 10 ], "texture": "#texture", "rotation": 270 },
				"up": { "uv": [ 14, 10, 16, 11 ], "texture": "#texture", "rotation": 90 },
				"north": { "uv": [ 10, 14, 11, 15 ], "texture": "#texture" },
				"south": { "uv": [ 5, 14, 6, 15 ], "texture": "#texture" },
				"west": { "uv": [ 14, 14, 16, 15 ], "texture": "#texture" },
				"east": { "uv": [ 0, 14, 2, 15 ], "texture": "#texture" }
			}
		},
		{
			"from": [ 6, 0.5, 0 ],
			"to": [ 10, 1, 2 ],
			"faces": {
				"down": { "uv": [ 2, 10, 0, 6 ], "texture": "#texture", "rotation": 270 },
				"up": { "uv": [ 14, 6, 16, 10 ], "texture": "#texture", "rotation": 90 },
				"north": { "uv": [ 6, 15, 10, 15.5 ], "texture": "#texture" },
				"south": { "uv": [ 6, 15, 10, 15.5 ], "texture": "#texture" },
				"west": { "uv": [ 14, 15, 16, 15.5 ], "texture": "#texture" },
				"east": { "uv": [ 0, 15, 2, 15.5 ], "texture": "#texture" }
			}
		},
		{
			"from": [ 6, 8.5, 0 ],
			"to": [ 10, 9, 2 ],
			"faces": {
				"down": { "uv": [ 2, 10, 0, 6 ], "texture": "#texture", "rotation": 270 },
				"up": { "uv": [ 14, 6, 16, 10 ], "texture": "#texture", "rotation": 90 },
				"north": { "uv": [ 6, 7, 10, 7.5 ], "texture": "#texture" },
				"south": { "uv": [ 6, 7, 10, 7.5 ], "texture": "#texture" },
				"west": { "uv": [ 14, 7, 16, 7.5 ], "texture": "#texture" },
				"east": { "uv": [ 0, 7, 2, 7.5 ], "texture": "#texture" }
			}
		},
		{
			"from": [ 5, 9, 0 ],
			"to": [ 6, 10, 2 ],
			"faces": {
				"down": { "uv": [ 2, 11, 0, 10 ], "texture": "#texture", "rotation": 270 },
				"up": { "uv": [ 14, 10, 16, 11 ], "texture": "#texture", "rotation": 90 },
				"north": { "uv": [ 10, 6, 11, 7 ], "texture": "#texture" },
				"south": { "uv": [ 5, 6, 6, 7 ], "texture": "#texture" },
				"west": { "uv": [ 14, 6, 16, 7 ], "texture": "#texture" },
				"east": { "uv": [ 0, 6, 2, 7 ], "texture": "#texture" }
			}
		},
		{
			"from": [ 4.5, 10, 0 ],
			"to": [ 5, 14, 2 ],
			"faces": {
				"down": { "uv": [ 2, 11.5, 0, 11 ], "texture": "#texture", "rotation": 270 },
				"up": { "uv": [ 14, 11, 16, 11.5 ], "texture": "#texture", "rotation": 90 },
				"north": { "uv": [ 11, 2, 11.5, 6 ], "texture": "#texture" },
				"south": { "uv": [ 4.5, 2, 5, 6 ], "texture": "#texture" },
				"west": { "uv": [ 14, 2, 16, 6 ], "texture": "#texture" },
				"east": { "uv": [ 0, 2, 2, 6 ], "texture": "#texture" }
			}
		},
		{
			"from": [ 5, 14, 0 ],
			"to": [ 6, 15, 2 ],
			"faces": {
				"down": { "uv": [ 2, 11, 0, 10 ], "texture": "#texture", "rotation": 270 },
				"up": { "uv": [ 14, 10, 16, 11 ], "texture": "#texture", "rotation": 90 },
				"north": { "uv": [ 10, 1, 11, 2 ], "texture": "#texture" },
				"south": { "uv": [ 5, 1, 6, 2 ], "texture": "#texture" },
				"west": { "uv": [ 14, 1, 16, 2 ], "texture": "#texture" },
				"east": { "uv": [ 0, 1, 2, 2 ], "texture": "#texture" }
			}
		},
		{
			"from": [ 6, 15, 0 ],
			"to": [ 10, 15.5, 2 ],
			"faces": {
				"down": { "uv": [ 2, 10, 0, 6 ], "texture": "#texture", "rotation": 270 },
				"up": { "uv": [ 14, 6, 16, 10 ], "texture": "#texture", "rotation": 90 },
				"north": { "uv": [ 6, 0.5, 10, 1 ], "texture": "#texture" },
				"south": { "uv": [ 6, 0.5, 10, 1 ], "texture": "#texture" },
				"west": { "uv": [ 14, 0.5, 16, 1 ], "texture": "#texture" },
				"east": { "uv": [ 0, 0.5, 2, 1 ], "texture": "#texture" }
			}
		},
		{
			"from": [ 10, 14, 0 ],
			"to": [ 11, 15, 2 ],
			"faces": {
				"down": { "uv": [ 2, 6, 0, 5 ], "texture": "#texture", "rotation": 270 },
				"up": { "uv": [ 14, 5, 16, 6 ], "texture": "#texture", "rotation": 90 },
				"north": { "uv": [ 5, 1, 6, 2 ], "texture": "#texture" },
				"south": { "uv": [ 10, 1, 11, 2 ], "texture": "#texture" },
				"west": { "uv": [ 14, 1, 16, 2 ], "texture": "#texture" },
				"east": { "uv": [ 0, 1, 2, 2 ], "texture": "#texture" }
			}
		},
		{
			"from": [ 11, 10, 0 ],
			"to": [ 11.5, 14, 2 ],
			"faces": {
				"down": { "uv": [ 2, 5, 0, 4.5 ], "texture": "#texture", "rotation": 270 },
				"up": { "uv": [ 14, 4.5, 16, 5 ], "texture": "#texture", "rotation": 90 },
				"north": { "uv": [ 4.5, 2, 5, 6 ], "texture": "#texture" },
				"south": { "uv": [ 11, 2, 11.5, 6 ], "texture": "#texture" },
				"west": { "uv": [ 14, 2, 16, 6 ], "texture": "#texture" },
				"east": { "uv": [ 0, 2, 2, 6 ], "texture": "#texture" }
			}
		},
		{
			"from": [ 10, 9, 0 ],
			"to": [ 11, 10, 2 ],
			"faces": {
				"down": { "uv": [ 2, 11, 0, 10 ], "texture": "#texture", "rotation": 270 },
				"up": { "uv": [ 14, 10, 16, 11 ], "texture": "#texture", "rotation": 90 },
				"north": { "uv": [ 10, 6, 11, 7 ], "texture": "#texture" },
				"south": { "uv": [ 5, 6, 6, 7 ], "texture": "#texture" },
				"west": { "uv": [ 14, 6, 16, 7 ], "texture": "#texture" },
				"east": { "uv": [ 0, 6, 2, 7 ], "texture": "#texture" }
			}
		},
		{
			"from": [ 10, 6, 0 ],
			"to": [ 11, 7, 2 ],
			"faces": {
				"down": { "uv": [ 2, 11, 0, 10 ], "texture": "#texture", "rotation": 270 },
				"up": { "uv": [ 14, 10, 16, 11 ], "texture": "#texture", "rotation": 90 },
				"north": { "uv": [ 10, 9, 11, 10 ], "texture": "#texture" },
				"south": { "uv": [ 5, 9, 6, 10 ], "texture": "#texture" },
				"west": { "uv": [ 14, 9, 16, 10 ], "texture": "#texture" },
				"east": { "uv": [ 0, 9, 2, 10 ], "texture": "#texture" }
			}
		},
		{
			"from": [ 11, 2, 0 ],
			"to": [ 11.5, 6, 2 ],
			"faces": {
				"down": { "uv": [ 2, 11.5, 0, 11 ], "texture": "#texture", "rotation": 270 },
				"up": { "uv": [ 14, 11, 16, 11.5 ], "texture": "#texture", "rotation": 90 },
				"north": { "uv": [ 11, 10, 11.5, 14 ], "texture": "#texture" },
				"south": { "uv": [ 4.5, 10, 5, 14 ], "texture": "#texture" },
				"west": { "uv": [ 14, 10, 16, 14 ], "texture": "#texture" },
				"east": { "uv": [ 0, 10, 2, 14 ], "texture": "#texture" }
			}
		},
		{
			"from": [ 10, 1, 0 ],
			"to": [ 11, 2, 2 ],
			"faces": {
				"down": { "uv": [ 2, 11, 0, 10 ], "texture": "#texture", "rotation": 270 },
				"up": { "uv": [ 14, 10, 16, 11 ], "texture": "#texture", "rotation": 90 },
				"north": { "uv": [ 10, 14, 11, 15 ], "texture": "#texture" },
				"south": { "uv": [ 5, 14, 6, 15 ], "texture": "#texture" },
				"west": { "uv": [ 14, 14, 16, 15 ], "texture": "#texture" },
				"east": { "uv": [ 0, 14, 2, 15 ], "texture": "#texture" }
			}
		},
		{
			"from": [ 14, 6, 5 ],
			"to": [ 16, 7, 6 ],
			"faces": {
				"down": { "uv": [ 14, 10, 16, 11 ], "texture": "#texture" },
				"up": { "uv": [ 14, 5, 16, 6 ], "texture": "#texture" },
				"north": { "uv": [ 0, 9, 2, 10 ], "texture": "#texture" },
				"south": { "uv": [ 14, 9, 16, 10 ], "texture": "#texture" },
				"west": { "uv": [ 5, 9, 6, 10 ], "texture": "#texture" },
				"east": { "uv": [ 10, 9, 11, 10 ], "texture": "#texture" }
			}
		},
		{
			"from": [ 14, 6, 10 ],
			"to": [ 16, 7, 11 ],
			"faces": {
				"down": { "uv": [ 14, 5, 16, 6 ], "texture": "#texture" },
				"up": { "uv": [ 14, 10, 16, 11 ], "texture": "#texture" },
				"north": { "uv": [ 0, 9, 2, 10 ], "texture": "#texture" },
				"south": { "uv": [ 14, 9, 16, 10 ], "texture": "#texture" },
				"west": { "uv": [ 10, 9, 11, 10 ], "texture": "#texture" },
				"east": { "uv": [ 5, 9, 6, 10 ], "texture": "#texture" }
			}
		},
		{
			"from": [ 14, 1, 5 ],
			"to": [ 16, 2, 6 ],
			"faces": {
				"down": { "uv": [ 14, 10, 16, 11 ], "texture": "#texture" },
				"up": { "uv": [ 14, 5, 16, 6 ], "texture": "#texture" },
				"north": { "uv": [ 0, 14, 2, 15 ], "texture": "#texture" },
				"south": { "uv": [ 14, 14, 16, 15 ], "texture": "#texture" },
				"west": { "uv": [ 5, 14, 6, 15 ], "texture": "#texture" },
				"east": { "uv": [ 10, 14, 11, 15 ], "texture": "#texture" }
			}
		},
		{
			"from": [ 14, 1, 10 ],
			"to": [ 16, 2, 11 ],
			"faces": {
				"down": { "uv": [ 14, 5, 16, 6 ], "texture": "#texture" },
				"up": { "uv": [ 14, 10, 16, 11 ], "texture": "#texture" },
				"north": { "uv": [ 0, 14, 2, 15 ], "texture": "#texture" },
				"south": { "uv": [ 14, 14, 16, 15 ], "texture": "#texture" },
				"west": { "uv": [ 10, 14, 11, 15 ], "texture": "#texture" },
				"east": { "uv": [ 5, 14, 6, 15 ], "texture": "#texture" }
			}
		},
		{
			"from": [ 14, 7, 6 ],
			"to": [ 16, 7.5, 10 ],
			"faces": {
				"down": { "uv": [ 14, 6, 16, 10 ], "texture": "#texture" },
				"up": { "uv": [ 14, 6, 16, 10 ], "texture": "#texture" },
				"north": { "uv": [ 0, 8.5, 2, 9 ], "texture": "#texture" },
				"south": { "uv": [ 14, 8.5, 16, 9 ], "texture": "#texture" },
				"west": { "uv": [ 6, 8.5, 10, 9 ], "texture": "#texture" },
				"east": { "uv": [ 6, 8.5, 10, 9 ], "texture": "#texture" }
			}
		},
		{
			"from": [ 14, 0.5, 6 ],
			"to": [ 16, 1, 10 ],
			"faces": {
				"down": { "uv": [ 14, 6, 16, 10 ], "texture": "#texture" },
				"up": { "uv": [ 14, 6, 16, 10 ], "texture": "#texture" },
				"north": { "uv": [ 0, 15, 2, 15.5 ], "texture": "#texture" },
				"south": { "uv": [ 14, 15, 16, 15.5 ], "texture": "#texture" },
				"west": { "uv": [ 6, 15, 10, 15.5 ], "texture": "#texture" },
				"east": { "uv": [ 6, 15, 10, 15.5 ], "texture": "#texture" }
			}
		},
		{
			"from": [ 14, 2, 4.5 ],
			"to": [ 16, 6, 5 ],
			"faces": {
				"down": { "uv": [ 14, 11, 16, 11.5 ], "texture": "#texture" },
				"up": { "uv": [ 14, 4.5, 16, 5 ], "texture": "#texture" },
				"north": { "uv": [ 0, 10, 2, 14 ], "texture": "#texture" },
				"south": { "uv": [ 14, 10, 16, 14 ], "texture": "#texture" },
				"west": { "uv": [ 4.5, 10, 5, 14 ], "texture": "#texture" },
				"east": { "uv": [ 11, 10, 11.5, 14 ], "texture": "#texture" }
			}
		},
		{
			"from": [ 14, 2, 11 ],
			"to": [ 16, 6, 11.5 ],
			"faces": {
				"down": { "uv": [ 14, 4.5, 16, 5 ], "texture": "#texture" },
				"up": { "uv": [ 14, 11, 16, 11.5 ], "texture": "#texture" },
				"north": { "uv": [ 0, 10, 2, 14 ], "texture": "#texture" },
				"south": { "uv": [ 14, 10, 16, 14 ], "texture": "#texture" },
				"west": { "uv": [ 11, 10, 11.5, 14 ], "texture": "#texture" },
				"east": { "uv": [ 4.5, 10, 5, 14 ], "texture": "#texture" }
			}
		},
		{
			"from": [ 14, 8.5, 6 ],
			"to": [ 16, 9, 10 ],
			"faces": {
				"down": { "uv": [ 14, 6, 16, 10 ], "texture": "#texture" },
				"up": { "uv": [ 14, 6, 16, 10 ], "texture": "#texture" },
				"north": { "uv": [ 0, 8.5, 2, 9 ], "texture": "#texture" },
				"south": { "uv": [ 14, 8.5, 16, 9 ], "texture": "#texture" },
				"west": { "uv": [ 6, 8.5, 10, 9 ], "texture": "#texture" },
				"east": { "uv": [ 6, 8.5, 10, 9 ], "texture": "#texture" }
			}
		},
		{
			"from": [ 14, 15, 6 ],
			"to": [ 16, 15.5, 10 ],
			"faces": {
				"down": { "uv": [ 14, 6, 16, 10 ], "texture": "#texture" },
				"up": { "uv": [ 14, 6, 16, 10 ], "texture": "#texture" },
				"north": { "uv": [ 0, 8.5, 2, 9 ], "texture": "#texture" },
				"south": { "uv": [ 14, 8.5, 16, 9 ], "texture": "#texture" },
				"west": { "uv": [ 6, 8.5, 10, 9 ], "texture": "#texture" },
				"east": { "uv": [ 6, 8.5, 10, 9 ], "texture": "#texture" }
			}
		},
		{
			"from": [ 14, 14, 5 ],
			"to": [ 16, 15, 6 ],
			"faces": {
				"down": { "uv": [ 14, 10, 16, 11 ], "texture": "#texture" },
				"up": { "uv": [ 14, 5, 16, 6 ], "texture": "#texture" },
				"north": { "uv": [ 0, 9, 2, 10 ], "texture": "#texture" },
				"south": { "uv": [ 14, 9, 16, 10 ], "texture": "#texture" },
				"west": { "uv": [ 5, 9, 6, 10 ], "texture": "#texture" },
				"east": { "uv": [ 10, 9, 11, 10 ], "texture": "#texture" }
			}
		},
		{
			"from": [ 14, 9, 5 ],
			"to": [ 16, 10, 6 ],
			"faces": {
				"down": { "uv": [ 14, 10, 16, 11 ], "texture": "#texture" },
				"up": { "uv": [ 14, 5, 16, 6 ], "texture": "#texture" },
				"north": { "uv": [ 0, 9, 2, 10 ], "texture": "#texture" },
				"south": { "uv": [ 14, 9, 16, 10 ], "texture": "#texture" },
				"west": { "uv": [ 5, 9, 6, 10 ], "texture": "#texture" },
				"east": { "uv": [ 10, 9, 11, 10 ], "texture": "#texture" }
			}
		},
		{
			"from": [ 14, 9, 10 ],
			"to": [ 16, 10, 11 ],
			"faces": {
				"down": { "uv": [ 14, 10, 16, 11 ], "texture": "#texture" },
				"up": { "uv": [ 14, 5, 16, 6 ], "texture": "#texture" },
				"north": { "uv": [ 0, 9, 2, 10 ], "texture": "#texture" },
				"south": { "uv": [ 14, 9, 16, 10 ], "texture": "#texture" },
				"west": { "uv": [ 5, 9, 6, 10 ], "texture": "#texture" },
				"east": { "uv": [ 10, 9, 11, 10 ], "texture": "#texture" }
			}
		},
		{
			"from": [ 14, 10, 4.5 ],
			"to": [ 16, 14, 5 ],
			"faces": {
				"down": { "uv": [ 14, 11, 16, 11.5 ], "texture": "#texture" },
				"up": { "uv": [ 14, 4.5, 16, 5 ], "texture": "#texture" },
				"north": { "uv": [ 0, 10, 2, 14 ], "texture": "#texture" },
				"south": { "uv": [ 14, 10, 16, 14 ], "texture": "#texture" },
				"west": { "uv": [ 4.5, 10, 5, 14 ], "texture": "#texture" },
				"east": { "uv": [ 11, 10, 11.5, 14 ], "texture": "#texture" }
			}
		},
		{
			"from": [ 14, 14, 10 ],
			"to": [ 16, 15, 11 ],
			"faces": {
				"down": { "uv": [ 14, 10, 16, 11 ], "texture": "#texture" },
				"up": { "uv": [ 14, 5, 16, 6 ], "texture": "#texture" },
				"north": { "uv": [ 0, 9, 2, 10 ], "texture": "#texture" },
				"south": { "uv": [ 14, 9, 16, 10 ], "texture": "#texture" },
				"west": { "uv": [ 5, 9, 6, 10 ], "texture": "#texture" },
				"east": { "uv": [ 10, 9, 11, 10 ], "texture": "#texture" }
			}
		},
		{
			"from": [ 14, 10, 11 ],
			"to": [ 16, 14, 11.5 ],
			"faces": {
				"down": { "uv": [ 14, 11, 16, 11.5 ], "texture": "#texture" },
				"up": { "uv": [ 14, 4.5, 16, 5 ], "texture": "#texture" },
				"north": { "uv": [ 0, 10, 2, 14 ], "texture": "#texture" },
				"south": { "uv": [ 14, 10, 16, 14 ], "texture": "#texture" },
				"west": { "uv": [ 4.5, 10, 5, 14 ], "texture": "#texture" },
				"east": { "uv": [ 11, 10, 11.5, 14 ], "texture": "#texture" }
			}
		}
	]
}