{
"__comment": "Designed by Galingueur with BDcraft Cubik PRO 0.96 Beta - http://bdcraft.net",
"textures": {
    "particle": "block/m_pipe_01",
    "texture": "block/m_pipe_01"
},
"elements": [ 
{
    "from": [ 6, 9, 0 ],
    "to": [ 10, 10, 6 ],
    "faces": {
        "down":  { "uv": [ 16, 10, 2, 6 ], "rotation": 270, "texture": "#texture" },
        "up":    { "uv": [ 0, 6, 14, 10 ], "rotation": 90, "texture": "#texture" },
        "north": { "uv": [ 6, 6, 10, 7 ], "texture": "#texture" },
        "south": { "uv": [ 6, 6, 10, 7 ], "texture": "#texture" },
        "west":  { "uv": [ 0, 6, 14, 7 ], "texture": "#texture" },
        "east":  { "uv": [ 2, 6, 16, 7 ], "texture": "#texture" }
    }
},
{
    "from": [ 6, 6, 0 ],
    "to": [ 10, 7, 6 ],
    "faces": {
        "down":  { "uv": [ 16, 10, 2, 6 ], "rotation": 270, "texture": "#texture" },
        "up":    { "uv": [ 0, 6, 14, 10 ], "rotation": 90, "texture": "#texture" },
        "north": { "uv": [ 6, 9, 10, 10 ], "texture": "#texture" },
        "south": { "uv": [ 6, 9, 10, 10 ], "texture": "#texture" },
        "west":  { "uv": [ 0, 9, 14, 10 ], "texture": "#texture" },
        "east":  { "uv": [ 2, 9, 16, 10 ], "texture": "#texture" }
    }
},
{
    "from": [ 6, 1, 0 ],
    "to": [ 10, 2, 6 ],
    "faces": {
        "down":  { "uv": [ 16, 10, 2, 6 ], "rotation": 270, "texture": "#texture" },
        "up":    { "uv": [ 0, 6, 14, 10 ], "rotation": 90, "texture": "#texture" },
        "north": { "uv": [ 6, 14, 10, 15 ], "texture": "#texture" },
        "south": { "uv": [ 6, 14, 10, 15 ], "texture": "#texture" },
        "west":  { "uv": [ 0, 14, 14, 15 ], "texture": "#texture" },
        "east":  { "uv": [ 2, 14, 16, 15 ], "texture": "#texture" }
    }
},
{
    "from": [ 10, 2, 0 ],
    "to": [ 11, 6, 6 ],
    "faces": {
        "down":  { "uv": [ 16, 6, 2, 5 ], "rotation": 270, "texture": "#texture" },
        "up":    { "uv": [ 0, 5, 14, 6 ], "rotation": 90, "texture": "#texture" },
        "north": { "uv": [ 5, 10, 6, 14 ], "texture": "#texture" },
        "south": { "uv": [ 10, 10, 11, 14 ], "texture": "#texture" },
        "west":  { "uv": [ 0, 10, 14, 14 ], "texture": "#texture" },
        "east":  { "uv": [ 2, 10, 16, 14 ], "texture": "#texture" }
    }
},
{
    "from": [ 10, 10, 0 ],
    "to": [ 11, 14, 6 ],
    "faces": {
        "down":  { "uv": [ 16, 6, 2, 5 ], "rotation": 270, "texture": "#texture" },
        "up":    { "uv": [ 0, 5, 14, 6 ], "rotation": 90, "texture": "#texture" },
        "north": { "uv": [ 5, 2, 6, 6 ], "texture": "#texture" },
        "south": { "uv": [ 10, 2, 11, 6 ], "texture": "#texture" },
        "west":  { "uv": [ 0, 2, 14, 6 ], "texture": "#texture" },
        "east":  { "uv": [ 2, 2, 16, 6 ], "texture": "#texture" }
    }
},
{
    "from": [ 6, 14, 0 ],
    "to": [ 10, 15, 6 ],
    "faces": {
        "down":  { "uv": [ 16, 10, 2, 6 ], "rotation": 270, "texture": "#texture" },
        "up":    { "uv": [ 0, 6, 14, 10 ], "rotation": 90, "texture": "#texture" },
        "north": { "uv": [ 6, 1, 10, 2 ], "texture": "#texture" },
        "south": { "uv": [ 6, 1, 10, 2 ], "texture": "#texture" },
        "west":  { "uv": [ 0, 1, 14, 2 ], "texture": "#texture" },
        "east":  { "uv": [ 2, 1, 16, 2 ], "texture": "#texture" }
    }
},
{
    "from": [ 10, 14, 6 ],
    "to": [ 16, 15, 10 ],
    "faces": {
        "down":  { "uv": [ 10, 6, 16, 10 ], "texture": "#texture" },
        "up":    { "uv": [ 10, 6, 16, 10 ], "texture": "#texture" },
        "north": { "uv": [ 10, 1, 16, 2 ], "texture": "#texture" },
        "south": { "uv": [ 10, 1, 16, 2 ], "texture": "#texture" },
        "west":  { "uv": [ 6, 1, 10, 2 ], "texture": "#texture" },
        "east":  { "uv": [ 6, 1, 10, 2 ], "texture": "#texture" }
    }
},
{
    "from": [ 10, 9, 6 ],
    "to": [ 16, 10, 10 ],
    "faces": {
        "down":  { "uv": [ 16, 10, 2, 6 ], "rotation": 270, "texture": "#texture" },
        "up":    { "uv": [ 0, 6, 14, 10 ], "rotation": 90, "texture": "#texture" },
        "north": { "uv": [ 6, 1, 10, 2 ], "texture": "#texture" },
        "south": { "uv": [ 6, 1, 10, 2 ], "texture": "#texture" },
        "west":  { "uv": [ 0, 1, 14, 2 ], "texture": "#texture" },
        "east":  { "uv": [ 2, 1, 16, 2 ], "texture": "#texture" }
    }
},
{
    "from": [ 10, 6, 6 ],
    "to": [ 16, 7, 10 ],
    "faces": {
        "down":  { "uv": [ 10, 6, 16, 10 ], "texture": "#texture" },
        "up":    { "uv": [ 10, 6, 16, 10 ], "texture": "#texture" },
        "north": { "uv": [ 10, 9, 16, 10 ], "texture": "#texture" },
        "south": { "uv": [ 10, 9, 16, 10 ], "texture": "#texture" },
        "west":  { "uv": [ 6, 9, 10, 10 ], "texture": "#texture" },
        "east":  { "uv": [ 6, 9, 10, 10 ], "texture": "#texture" }
    }
},
{
    "from": [ 10, 1, 6 ],
    "to": [ 16, 2, 10 ],
    "faces": {
        "down":  { "uv": [ 10, 6, 16, 10 ], "texture": "#texture" },
        "up":    { "uv": [ 10, 6, 16, 10 ], "texture": "#texture" },
        "north": { "uv": [ 10, 14, 16, 15 ], "texture": "#texture" },
        "south": { "uv": [ 10, 14, 16, 15 ], "texture": "#texture" },
        "west":  { "uv": [ 6, 14, 10, 15 ], "texture": "#texture" },
        "east":  { "uv": [ 6, 14, 10, 15 ], "texture": "#texture" }
    }
},
{
    "from": [ 11, 10, 5 ],
    "to": [ 16, 14, 6 ],
    "faces": {
        "down":  { "uv": [ 11, 5, 16, 6 ], "texture": "#texture" },
        "up":    { "uv": [ 11, 5, 16, 6 ], "texture": "#texture" },
        "north": { "uv": [ 11, 2, 16, 6 ], "texture": "#texture" },
        "south": { "uv": [ 11, 2, 16, 6 ], "texture": "#texture" },
        "west":  { "uv": [ 5, 2, 6, 6 ], "texture": "#texture" },
        "east":  { "uv": [ 5, 2, 6, 6 ], "texture": "#texture" }
    }
},
{
    "from": [ 11, 2, 5 ],
    "to": [ 16, 6, 6 ],
    "faces": {
        "down":  { "uv": [ 11, 5, 16, 6 ], "texture": "#texture" },
        "up":    { "uv": [ 11, 5, 16, 6 ], "texture": "#texture" },
        "north": { "uv": [ 11, 10, 16, 14 ], "texture": "#texture" },
        "south": { "uv": [ 11, 10, 16, 14 ], "texture": "#texture" },
        "west":  { "uv": [ 5, 10, 6, 14 ], "texture": "#texture" },
        "east":  { "uv": [ 5, 10, 6, 14 ], "texture": "#texture" }
    }
},
{
    "from": [ 8, 2, 10 ],
    "to": [ 16, 6, 11 ],
    "faces": {
        "down":  { "uv": [ 11, 10, 16, 11 ], "texture": "#texture" },
        "up":    { "uv": [ 11, 10, 16, 11 ], "texture": "#texture" },
        "north": { "uv": [ 11, 10, 16, 14 ], "texture": "#texture" },
        "south": { "uv": [ 11, 10, 16, 14 ], "texture": "#texture" },
        "west":  { "uv": [ 10, 10, 11, 14 ], "texture": "#texture" },
        "east":  { "uv": [ 10, 10, 11, 14 ], "texture": "#texture" }
    }
},
{
    "from": [ 8, 10, 10 ],
    "to": [ 16, 14, 11 ],
    "faces": {
        "down":  { "uv": [ 11, 10, 16, 11 ], "texture": "#texture" },
        "up":    { "uv": [ 11, 10, 16, 11 ], "texture": "#texture" },
        "north": { "uv": [ 11, 2, 16, 6 ], "texture": "#texture" },
        "south": { "uv": [ 11, 2, 16, 6 ], "texture": "#texture" },
        "west":  { "uv": [ 10, 2, 11, 6 ], "texture": "#texture" },
        "east":  { "uv": [ 10, 2, 11, 6 ], "texture": "#texture" }
    }
},
{
    "from": [ 5, 10, 0 ],
    "to": [ 6, 14, 8 ],
    "faces": {
        "down":  { "uv": [ 16, 6, 2, 5 ], "rotation": 270, "texture": "#texture" },
        "up":    { "uv": [ 0, 5, 14, 6 ], "rotation": 90, "texture": "#texture" },
        "north": { "uv": [ 5, 2, 6, 6 ], "texture": "#texture" },
        "south": { "uv": [ 10, 2, 11, 6 ], "texture": "#texture" },
        "west":  { "uv": [ 0, 2, 14, 6 ], "texture": "#texture" },
        "east":  { "uv": [ 2, 2, 16, 6 ], "texture": "#texture" }
    }
},
{
    "from": [ 5, 2, 0 ],
    "to": [ 6, 6, 8 ],
    "faces": {
        "down":  { "uv": [ 16, 6, 2, 5 ], "rotation": 270, "texture": "#texture" },
        "up":    { "uv": [ 0, 5, 14, 6 ], "rotation": 90, "texture": "#texture" },
        "north": { "uv": [ 5, 10, 6, 14 ], "texture": "#texture" },
        "south": { "uv": [ 10, 10, 11, 14 ], "texture": "#texture" },
        "west":  { "uv": [ 0, 10, 14, 14 ], "texture": "#texture" },
        "east":  { "uv": [ 2, 10, 16, 14 ], "texture": "#texture" }
    }
},
{
    "from": [ 7, 14, 6 ],
    "to": [ 10, 15, 9 ],
    "faces": {
        "down":  { "uv": [ 16, 10, 2, 6 ], "rotation": 270, "texture": "#texture" },
        "up":    { "uv": [ 0, 6, 14, 10 ], "rotation": 90, "texture": "#texture" },
        "north": { "uv": [ 6, 1, 10, 2 ], "texture": "#texture" },
        "south": { "uv": [ 6, 1, 10, 2 ], "texture": "#texture" },
        "west":  { "uv": [ 0, 1, 14, 2 ], "texture": "#texture" },
        "east":  { "uv": [ 2, 1, 16, 2 ], "texture": "#texture" }
    }
},
{
    "from": [ 6, 14, 6 ],
    "to": [ 7, 15, 8 ],
    "faces": {
        "down":  { "uv": [ 16, 10, 2, 6 ], "rotation": 270, "texture": "#texture" },
        "up":    { "uv": [ 0, 6, 14, 10 ], "rotation": 90, "texture": "#texture" },
        "north": { "uv": [ 6, 1, 10, 2 ], "texture": "#texture" },
        "south": { "uv": [ 6, 1, 10, 2 ], "texture": "#texture" },
        "west":  { "uv": [ 0, 1, 14, 2 ], "texture": "#texture" },
        "east":  { "uv": [ 2, 1, 16, 2 ], "texture": "#texture" }
    }
},
{
    "from": [ 8, 14, 9 ],
    "to": [ 10, 15, 10 ],
    "faces": {
        "down":  { "uv": [ 16, 10, 2, 6 ], "rotation": 270, "texture": "#texture" },
        "up":    { "uv": [ 0, 6, 14, 10 ], "rotation": 90, "texture": "#texture" },
        "north": { "uv": [ 6, 1, 10, 2 ], "texture": "#texture" },
        "south": { "uv": [ 6, 1, 10, 2 ], "texture": "#texture" },
        "west":  { "uv": [ 0, 1, 14, 2 ], "texture": "#texture" },
        "east":  { "uv": [ 2, 1, 16, 2 ], "texture": "#texture" }
    }
},
{
    "from": [ 8, 9, 9 ],
    "to": [ 10, 10, 10 ],
    "faces": {
        "down":  { "uv": [ 16, 10, 2, 6 ], "rotation": 270, "texture": "#texture" },
        "up":    { "uv": [ 0, 6, 14, 10 ], "rotation": 90, "texture": "#texture" },
        "north": { "uv": [ 6, 1, 10, 2 ], "texture": "#texture" },
        "south": { "uv": [ 6, 1, 10, 2 ], "texture": "#texture" },
        "west":  { "uv": [ 0, 1, 14, 2 ], "texture": "#texture" },
        "east":  { "uv": [ 2, 1, 16, 2 ], "texture": "#texture" }
    }
},
{
    "from": [ 8, 6, 9 ],
    "to": [ 10, 7, 10 ],
    "faces": {
        "down":  { "uv": [ 16, 10, 2, 6 ], "rotation": 270, "texture": "#texture" },
        "up":    { "uv": [ 0, 6, 14, 10 ], "rotation": 90, "texture": "#texture" },
        "north": { "uv": [ 6, 1, 10, 2 ], "texture": "#texture" },
        "south": { "uv": [ 6, 1, 10, 2 ], "texture": "#texture" },
        "west":  { "uv": [ 0, 1, 14, 2 ], "texture": "#texture" },
        "east":  { "uv": [ 2, 1, 16, 2 ], "texture": "#texture" }
    }
},
{
    "from": [ 8, 1, 9 ],
    "to": [ 10, 2, 10 ],
    "faces": {
        "down":  { "uv": [ 16, 10, 2, 6 ], "rotation": 270, "texture": "#texture" },
        "up":    { "uv": [ 0, 6, 14, 10 ], "rotation": 90, "texture": "#texture" },
        "north": { "uv": [ 6, 1, 10, 2 ], "texture": "#texture" },
        "south": { "uv": [ 6, 1, 10, 2 ], "texture": "#texture" },
        "west":  { "uv": [ 0, 1, 14, 2 ], "texture": "#texture" },
        "east":  { "uv": [ 2, 1, 16, 2 ], "texture": "#texture" }
    }
},
{
    "from": [ 7, 9, 6 ],
    "to": [ 10, 10, 9 ],
    "faces": {
        "down":  { "uv": [ 16, 10, 2, 6 ], "rotation": 270, "texture": "#texture" },
        "up":    { "uv": [ 0, 6, 14, 10 ], "rotation": 90, "texture": "#texture" },
        "north": { "uv": [ 6, 1, 10, 2 ], "texture": "#texture" },
        "south": { "uv": [ 6, 1, 10, 2 ], "texture": "#texture" },
        "west":  { "uv": [ 0, 1, 14, 2 ], "texture": "#texture" },
        "east":  { "uv": [ 2, 1, 16, 2 ], "texture": "#texture" }
    }
},
{
    "from": [ 7, 6, 6 ],
    "to": [ 10, 7, 9 ],
    "faces": {
        "down":  { "uv": [ 16, 10, 2, 6 ], "rotation": 270, "texture": "#texture" },
        "up":    { "uv": [ 0, 6, 14, 10 ], "rotation": 90, "texture": "#texture" },
        "north": { "uv": [ 6, 1, 10, 2 ], "texture": "#texture" },
        "south": { "uv": [ 6, 1, 10, 2 ], "texture": "#texture" },
        "west":  { "uv": [ 0, 1, 14, 2 ], "texture": "#texture" },
        "east":  { "uv": [ 2, 1, 16, 2 ], "texture": "#texture" }
    }
},
{
    "from": [ 7, 6, 6 ],
    "to": [ 10, 7, 9 ],
    "faces": {
        "down":  { "uv": [ 16, 10, 2, 6 ], "rotation": 270, "texture": "#texture" },
        "up":    { "uv": [ 0, 6, 14, 10 ], "rotation": 90, "texture": "#texture" },
        "north": { "uv": [ 6, 1, 10, 2 ], "texture": "#texture" },
        "south": { "uv": [ 6, 1, 10, 2 ], "texture": "#texture" },
        "west":  { "uv": [ 0, 1, 14, 2 ], "texture": "#texture" },
        "east":  { "uv": [ 2, 1, 16, 2 ], "texture": "#texture" }
    }
},
{
    "from": [ 7, 1, 6 ],
    "to": [ 10, 2, 9 ],
    "faces": {
        "down":  { "uv": [ 16, 10, 2, 6 ], "rotation": 270, "texture": "#texture" },
        "up":    { "uv": [ 0, 6, 14, 10 ], "rotation": 90, "texture": "#texture" },
        "north": { "uv": [ 6, 1, 10, 2 ], "texture": "#texture" },
        "south": { "uv": [ 6, 1, 10, 2 ], "texture": "#texture" },
        "west":  { "uv": [ 0, 1, 14, 2 ], "texture": "#texture" },
        "east":  { "uv": [ 2, 1, 16, 2 ], "texture": "#texture" }
    }
},
{
    "from": [ 6, 9, 6 ],
    "to": [ 7, 10, 8 ],
    "faces": {
        "down":  { "uv": [ 16, 10, 2, 6 ], "rotation": 270, "texture": "#texture" },
        "up":    { "uv": [ 0, 6, 14, 10 ], "rotation": 90, "texture": "#texture" },
        "north": { "uv": [ 6, 1, 10, 2 ], "texture": "#texture" },
        "south": { "uv": [ 6, 1, 10, 2 ], "texture": "#texture" },
        "west":  { "uv": [ 0, 1, 14, 2 ], "texture": "#texture" },
        "east":  { "uv": [ 2, 1, 16, 2 ], "texture": "#texture" }
    }
},
{
    "from": [ 6, 6, 6 ],
    "to": [ 7, 7, 8 ],
    "faces": {
        "down":  { "uv": [ 16, 10, 2, 6 ], "rotation": 270, "texture": "#texture" },
        "up":    { "uv": [ 0, 6, 14, 10 ], "rotation": 90, "texture": "#texture" },
        "north": { "uv": [ 6, 1, 10, 2 ], "texture": "#texture" },
        "south": { "uv": [ 6, 1, 10, 2 ], "texture": "#texture" },
        "west":  { "uv": [ 0, 1, 14, 2 ], "texture": "#texture" },
        "east":  { "uv": [ 2, 1, 16, 2 ], "texture": "#texture" }
    }
},
{
    "from": [ 6, 1, 6 ],
    "to": [ 7, 2, 8 ],
    "faces": {
        "down":  { "uv": [ 16, 10, 2, 6 ], "rotation": 270, "texture": "#texture" },
        "up":    { "uv": [ 0, 6, 14, 10 ], "rotation": 90, "texture": "#texture" },
        "north": { "uv": [ 6, 1, 10, 2 ], "texture": "#texture" },
        "south": { "uv": [ 6, 1, 10, 2 ], "texture": "#texture" },
        "west":  { "uv": [ 0, 1, 14, 2 ], "texture": "#texture" },
        "east":  { "uv": [ 2, 1, 16, 2 ], "texture": "#texture" }
    }
},
{
    "from": [ 6, 10, 8 ],
    "to": [ 7, 14, 9 ],
    "faces": {
        "down":  { "uv": [ 16, 6, 2, 5 ], "rotation": 270, "texture": "#texture" },
        "up":    { "uv": [ 0, 5, 14, 6 ], "rotation": 90, "texture": "#texture" },
        "north": { "uv": [ 5, 2, 6, 6 ], "texture": "#texture" },
        "south": { "uv": [ 10, 2, 11, 6 ], "texture": "#texture" },
        "west":  { "uv": [ 0, 2, 14, 6 ], "texture": "#texture" },
        "east":  { "uv": [ 2, 2, 16, 6 ], "texture": "#texture" }
    }
},
{
    "from": [ 7, 10, 9 ],
    "to": [ 8, 14, 10 ],
    "faces": {
        "down":  { "uv": [ 16, 6, 2, 5 ], "rotation": 270, "texture": "#texture" },
        "up":    { "uv": [ 0, 5, 14, 6 ], "rotation": 90, "texture": "#texture" },
        "north": { "uv": [ 5, 2, 6, 6 ], "texture": "#texture" },
        "south": { "uv": [ 10, 2, 11, 6 ], "texture": "#texture" },
        "west":  { "uv": [ 0, 2, 14, 6 ], "texture": "#texture" },
        "east":  { "uv": [ 2, 2, 16, 6 ], "texture": "#texture" }
    }
},
{
    "from": [ 6, 2, 8 ],
    "to": [ 7, 6, 9 ],
    "faces": {
        "down":  { "uv": [ 16, 6, 2, 5 ], "rotation": 270, "texture": "#texture" },
        "up":    { "uv": [ 0, 5, 14, 6 ], "rotation": 90, "texture": "#texture" },
        "north": { "uv": [ 5, 2, 6, 6 ], "texture": "#texture" },
        "south": { "uv": [ 10, 2, 11, 6 ], "texture": "#texture" },
        "west":  { "uv": [ 0, 2, 14, 6 ], "texture": "#texture" },
        "east":  { "uv": [ 2, 2, 16, 6 ], "texture": "#texture" }
    }
},
{
    "from": [ 7, 2, 9 ],
    "to": [ 8, 6, 10 ],
    "faces": {
        "down":  { "uv": [ 16, 6, 2, 5 ], "rotation": 270, "texture": "#texture" },
        "up":    { "uv": [ 0, 5, 14, 6 ], "rotation": 90, "texture": "#texture" },
        "north": { "uv": [ 5, 2, 6, 6 ], "texture": "#texture" },
        "south": { "uv": [ 10, 2, 11, 6 ], "texture": "#texture" },
        "west":  { "uv": [ 0, 2, 14, 6 ], "texture": "#texture" },
        "east":  { "uv": [ 2, 2, 16, 6 ], "texture": "#texture" }
    }
},
{
    "from": [ 11, 10, 4 ],
    "to": [ 12, 14, 5 ],
    "faces": {
        "down":  { "uv": [ 11, 5, 16, 6 ], "texture": "#texture" },
        "up":    { "uv": [ 11, 5, 16, 6 ], "texture": "#texture" },
        "north": { "uv": [ 11, 2, 16, 6 ], "texture": "#texture" },
        "south": { "uv": [ 11, 2, 16, 6 ], "texture": "#texture" },
        "west":  { "uv": [ 5, 2, 6, 6 ], "texture": "#texture" },
        "east":  { "uv": [ 5, 2, 6, 6 ], "texture": "#texture" }
    }
},
{
    "from": [ 11, 2, 4 ],
    "to": [ 12, 6, 5 ],
    "faces": {
        "down":  { "uv": [ 11, 5, 16, 6 ], "texture": "#texture" },
        "up":    { "uv": [ 11, 5, 16, 6 ], "texture": "#texture" },
        "north": { "uv": [ 11, 2, 16, 6 ], "texture": "#texture" },
        "south": { "uv": [ 11, 2, 16, 6 ], "texture": "#texture" },
        "west":  { "uv": [ 5, 2, 6, 6 ], "texture": "#texture" },
        "east":  { "uv": [ 5, 2, 6, 6 ], "texture": "#texture" }
    }
},
{
    "from": [ 10, 14, 5 ],
    "to": [ 11, 15, 6 ],
    "faces": {
        "down":  { "uv": [ 16, 10, 2, 6 ], "rotation": 270, "texture": "#texture" },
        "up":    { "uv": [ 0, 6, 14, 10 ], "rotation": 90, "texture": "#texture" },
        "north": { "uv": [ 6, 1, 10, 2 ], "texture": "#texture" },
        "south": { "uv": [ 6, 1, 10, 2 ], "texture": "#texture" },
        "west":  { "uv": [ 0, 1, 14, 2 ], "texture": "#texture" },
        "east":  { "uv": [ 2, 1, 16, 2 ], "texture": "#texture" }
    }
},
{
    "from": [ 10, 9, 5 ],
    "to": [ 11, 10, 6 ],
    "faces": {
        "down":  { "uv": [ 16, 10, 2, 6 ], "rotation": 270, "texture": "#texture" },
        "up":    { "uv": [ 0, 6, 14, 10 ], "rotation": 90, "texture": "#texture" },
        "north": { "uv": [ 6, 1, 10, 2 ], "texture": "#texture" },
        "south": { "uv": [ 6, 1, 10, 2 ], "texture": "#texture" },
        "west":  { "uv": [ 0, 1, 14, 2 ], "texture": "#texture" },
        "east":  { "uv": [ 2, 1, 16, 2 ], "texture": "#texture" }
    }
},
{
    "from": [ 10, 6, 5 ],
    "to": [ 11, 7, 6 ],
    "faces": {
        "down":  { "uv": [ 16, 10, 2, 6 ], "rotation": 270, "texture": "#texture" },
        "up":    { "uv": [ 0, 6, 14, 10 ], "rotation": 90, "texture": "#texture" },
        "north": { "uv": [ 6, 1, 10, 2 ], "texture": "#texture" },
        "south": { "uv": [ 6, 1, 10, 2 ], "texture": "#texture" },
        "west":  { "uv": [ 0, 1, 14, 2 ], "texture": "#texture" },
        "east":  { "uv": [ 2, 1, 16, 2 ], "texture": "#texture" }
    }
},
{
    "from": [ 10, 1, 5 ],
    "to": [ 11, 2, 6 ],
    "faces": {
        "down":  { "uv": [ 16, 10, 2, 6 ], "rotation": 270, "texture": "#texture" },
        "up":    { "uv": [ 0, 6, 14, 10 ], "rotation": 90, "texture": "#texture" },
        "north": { "uv": [ 6, 1, 10, 2 ], "texture": "#texture" },
        "south": { "uv": [ 6, 1, 10, 2 ], "texture": "#texture" },
        "west":  { "uv": [ 0, 1, 14, 2 ], "texture": "#texture" },
        "east":  { "uv": [ 2, 1, 16, 2 ], "texture": "#texture" }
    }
}
]
}