{
	"__comment": "Model créé par AsiliS avec Cubik Studio",
	"textures": {
		"particle": "block/m_pipe_01",
		"texture": "block/m_pipe_01",
		"texture1": "block/m_pipe_02"
	},
	"elements": [
		{
			"__comment": "Cube1",
			"from": [ 10, 5, 0 ],
			"to": [ 11, 11, 16 ],
			"faces": {
				"down": { "uv": [ 0, 5, 16, 11 ], "texture": "#texture", "rotation": 270 },
				"up": { "uv": [ 0, 5, 16, 6.5 ], "texture": "#texture", "rotation": 90 },
				"north": { "uv": [ 1, 0, 3, 7 ], "texture": "#texture" },
				"south": { "uv": [ 7.5, 8, 9.5, 16 ], "texture": "#texture" },
				"west": { "uv": [ 0, 10, 16, 16 ], "texture": "#texture" },
				"east": { "uv": [ 0, 10, 16, 16 ], "texture": "#texture" }
			}
		},
		{
			"__comment": "Cube2",
			"from": [ 6, 11, 0 ],
			"to": [ 10, 11.5, 16 ],
			"faces": {
				"down": { "uv": [ 0, 6, 16, 10 ], "texture": "#texture", "rotation": 270 },
				"up": { "uv": [ 0, 6, 16, 10 ], "texture": "#texture", "rotation": 90 },
				"north": { "uv": [ 6, 9.5, 14.5, 10.5 ], "texture": "#texture" },
				"south": { "uv": [ 6, 9.5, 11, 10.5 ], "texture": "#texture" },
				"west": { "uv": [ 0, 9.5, 16, 10 ], "texture": "#texture" },
				"east": { "uv": [ 0, 9.5, 16, 10 ], "texture": "#texture" }
			}
		},
		{
			"__comment": "Cube2",
			"from": [ 11, 6, 0 ],
			"to": [ 11.5, 10, 16 ],
			"faces": {
				"down": { "uv": [ 0, 0, 16, 16 ], "texture": "#texture", "rotation": 270 },
				"up": { "uv": [ 0, 6, 16, 8 ], "texture": "#texture", "rotation": 90 },
				"north": { "uv": [ 8.5, 3, 9.5, 11 ], "texture": "#texture" },
				"south": { "uv": [ 15, 3, 16, 10 ], "texture": "#texture" },
				"west": { "uv": [ 0, 0, 16, 16 ], "texture": "#texture" },
				"east": { "uv": [ 0, 8.5, 16, 12.5 ], "texture": "#texture" }
			}
		},
		{
			"__comment": "Cube2",
			"from": [ 4.5, 6, 0 ],
			"to": [ 5, 10, 16 ],
			"faces": {
				"down": { "uv": [ 0, 6, 16, 10 ], "texture": "#texture", "rotation": 270 },
				"up": { "uv": [ 0, 6, 15.5, 7.5 ], "texture": "#texture", "rotation": 90 },
				"north": { "uv": [ 7.5, 4, 9.5, 10 ], "texture": "#texture" },
				"south": { "uv": [ 6, 9.5, 8, 3 ], "texture": "#texture" },
				"west": { "uv": [ 0, 9.5, 16, 15 ], "texture": "#texture" },
				"east": { "uv": [ 0, 9.5, 16, 11 ], "texture": "#texture" }
			}
		},
		{
			"__comment": "Cube2",
			"from": [ 6, 4.5, 0 ],
			"to": [ 10, 5, 16 ],
			"faces": {
				"down": { "uv": [ 0, 6, 16, 10 ], "texture": "#texture", "rotation": 270 },
				"up": { "uv": [ 0, 6, 16, 10 ], "texture": "#texture", "rotation": 90 },
				"north": { "uv": [ 6, 9.5, 11.5, 8.5 ], "texture": "#texture" },
				"south": { "uv": [ 6, 9.5, 11.5, 10.5 ], "texture": "#texture" },
				"west": { "uv": [ 0, 9.5, 16, 10 ], "texture": "#texture" },
				"east": { "uv": [ 0, 9.5, 16, 10 ], "texture": "#texture" }
			}
		},
		{
			"__comment": "Cube6",
			"from": [ 6, 11.5, 7 ],
			"to": [ 10, 12, 9 ],
			"faces": {
				"down": { "uv": [ 1, 6, 3, 10 ], "texture": "#texture1", "rotation": 270 },
				"up": { "uv": [ 1, 6, 3, 10 ], "texture": "#texture1", "rotation": 90 },
				"north": { "uv": [ 6, 4, 12.5, 6.5 ], "texture": "#texture1" },
				"south": { "uv": [ 6, 4, 10, 4.5 ], "texture": "#texture1" },
				"west": { "uv": [ 1, 4, 3, 4.5 ], "texture": "#texture1" },
				"east": { "uv": [ 13, 4, 16, 6 ], "texture": "#texture1" }
			}
		},
		{
			"__comment": "Cube6",
			"from": [ 5, 11, 7 ],
			"to": [ 6, 11.5, 9 ],
			"faces": {
				"down": { "uv": [ 3, 6, 6, 10 ], "texture": "#texture1", "rotation": 270 },
				"up": { "uv": [ 3, 6, 6, 10 ], "texture": "#texture1", "rotation": 90 },
				"north": { "uv": [ 6, 4, 8.5, 5 ], "texture": "#texture1" },
				"south": { "uv": [ 6, 4, 10, 4.5 ], "texture": "#texture1" },
				"west": { "uv": [ 3, 4, 6, 4.5 ], "texture": "#texture1" },
				"east": { "uv": [ 10, 4, 13, 4.5 ], "texture": "#texture1" }
			}
		},
		{
			"__comment": "Cube6",
			"from": [ 10, 11, 7 ],
			"to": [ 11, 11.5, 9 ],
			"faces": {
				"down": { "uv": [ 3, 6, 6, 10 ], "texture": "#texture1", "rotation": 270 },
				"up": { "uv": [ 3, 6, 6, 10 ], "texture": "#texture1", "rotation": 90 },
				"north": { "uv": [ 6, 4, 8, 5 ], "texture": "#texture1" },
				"south": { "uv": [ 6, 4, 10, 4.5 ], "texture": "#texture1" },
				"west": { "uv": [ 3, 4, 6, 4.5 ], "texture": "#texture1" },
				"east": { "uv": [ 10, 4, 13, 4.5 ], "texture": "#texture1" }
			}
		},
		{
			"__comment": "Cube6",
			"from": [ 11, 10, 7 ],
			"to": [ 11.5, 11, 9 ],
			"faces": {
				"down": { "uv": [ 3, 6, 6, 10 ], "texture": "#texture1", "rotation": 270 },
				"up": { "uv": [ 3, 6, 6, 10 ], "texture": "#texture1", "rotation": 90 },
				"north": { "uv": [ 6, 4, 6.5, 6.5 ], "texture": "#texture1" },
				"south": { "uv": [ 6, 4, 10, 4.5 ], "texture": "#texture1" },
				"west": { "uv": [ 3, 4, 6, 4.5 ], "texture": "#texture1" },
				"east": { "uv": [ 10, 4, 14, 6.5 ], "texture": "#texture1" }
			}
		},
		{
			"__comment": "Cube6",
			"from": [ 11.5, 6, 7 ],
			"to": [ 12, 10, 9 ],
			"faces": {
				"down": { "uv": [ 3, 6, 6, 10 ], "texture": "#texture1", "rotation": 270 },
				"up": { "uv": [ 3, 6, 6, 10 ], "texture": "#texture1", "rotation": 90 },
				"north": { "uv": [ 6, 4, 7, 12 ], "texture": "#texture1" },
				"south": { "uv": [ 6, 4, 10, 4.5 ], "texture": "#texture1" },
				"west": { "uv": [ 3, 4, 6, 4.5 ], "texture": "#texture1" },
				"east": { "uv": [ 10, 4, 13.5, 9.5 ], "texture": "#texture1" }
			}
		},
		{
			"__comment": "Cube6",
			"from": [ 4.5, 10, 7 ],
			"to": [ 5, 11, 9 ],
			"faces": {
				"down": { "uv": [ 3, 6, 6, 10 ], "texture": "#texture1", "rotation": 270 },
				"up": { "uv": [ 3, 6, 6, 10 ], "texture": "#texture1", "rotation": 90 },
				"north": { "uv": [ 6, 4, 7.5, 6 ], "texture": "#texture1" },
				"south": { "uv": [ 6, 4, 10, 4.5 ], "texture": "#texture1" },
				"west": { "uv": [ 3, 4, 6, 6 ], "texture": "#texture1" },
				"east": { "uv": [ 10, 4, 13, 4.5 ], "texture": "#texture1" }
			}
		},
		{
			"__comment": "Cube6",
			"from": [ 4, 6, 7 ],
			"to": [ 4.5, 10, 9 ],
			"faces": {
				"down": { "uv": [ 3, 6, 6, 10 ], "texture": "#texture1", "rotation": 270 },
				"up": { "uv": [ 3, 6, 6, 10 ], "texture": "#texture1", "rotation": 90 },
				"north": { "uv": [ 6, 4, 7, 10.5 ], "texture": "#texture1" },
				"south": { "uv": [ 6, 4, 10, 4.5 ], "texture": "#texture1" },
				"west": { "uv": [ 3, 4, 6, 9 ], "texture": "#texture1" },
				"east": { "uv": [ 10, 4, 13.5, 13.5 ], "texture": "#texture1" }
			}
		},
		{
			"__comment": "Cube6",
			"from": [ 6, 4, 7 ],
			"to": [ 10, 4.5, 9 ],
			"faces": {
				"down": { "uv": [ 1, 6, 3, 10 ], "texture": "#texture1", "rotation": 270 },
				"up": { "uv": [ 1, 6, 3, 10 ], "texture": "#texture1", "rotation": 90 },
				"north": { "uv": [ 6, 4, 11, 5.5 ], "texture": "#texture1" },
				"south": { "uv": [ 6, 4, 10, 4.5 ], "texture": "#texture1" },
				"west": { "uv": [ 1, 4, 3, 4.5 ], "texture": "#texture1" },
				"east": { "uv": [ 13, 4, 15, 4.5 ], "texture": "#texture1" }
			}
		},
		{
			"__comment": "Cube6",
			"from": [ 11, 5, 7 ],
			"to": [ 11.5, 6, 9 ],
			"faces": {
				"down": { "uv": [ 3, 6, 6, 10 ], "texture": "#texture1", "rotation": 270 },
				"up": { "uv": [ 3, 6, 6, 10 ], "texture": "#texture1", "rotation": 90 },
				"north": { "uv": [ 6, 4, 10, 4.5 ], "texture": "#texture1" },
				"south": { "uv": [ 6, 4, 10, 4.5 ], "texture": "#texture1" },
				"west": { "uv": [ 3, 4, 6, 4.5 ], "texture": "#texture1" },
				"east": { "uv": [ 10, 4, 13, 4.5 ], "texture": "#texture1" }
			}
		},
		{
			"__comment": "Cube6",
			"from": [ 4.5, 5, 7 ],
			"to": [ 5, 6, 9 ],
			"faces": {
				"down": { "uv": [ 3, 6, 6, 10 ], "texture": "#texture1", "rotation": 270 },
				"up": { "uv": [ 3, 6, 6, 10 ], "texture": "#texture1", "rotation": 90 },
				"north": { "uv": [ 6, 4, 7.5, 5.5 ], "texture": "#texture1" },
				"south": { "uv": [ 6, 4, 10, 4.5 ], "texture": "#texture1" },
				"west": { "uv": [ 3, 4, 6, 4.5 ], "texture": "#texture1" },
				"east": { "uv": [ 10, 4, 13, 4.5 ], "texture": "#texture1" }
			}
		},
		{
			"__comment": "Cube6",
			"from": [ 10, 4.5, 7 ],
			"to": [ 11, 5, 9 ],
			"faces": {
				"down": { "uv": [ 3, 6, 6, 10 ], "texture": "#texture1", "rotation": 270 },
				"up": { "uv": [ 3, 6, 6, 10 ], "texture": "#texture1", "rotation": 90 },
				"north": { "uv": [ 6, 4, 10, 4.5 ], "texture": "#texture1" },
				"south": { "uv": [ 6, 4, 10, 4.5 ], "texture": "#texture1" },
				"west": { "uv": [ 3, 4, 6, 4.5 ], "texture": "#texture1" },
				"east": { "uv": [ 10, 4, 13, 4.5 ], "texture": "#texture1" }
			}
		},
		{
			"__comment": "Cube6",
			"from": [ 5, 4.5, 7 ],
			"to": [ 6, 5, 9 ],
			"faces": {
				"down": { "uv": [ 3, 6, 6, 10 ], "texture": "#texture1", "rotation": 270 },
				"up": { "uv": [ 3, 6, 6, 10 ], "texture": "#texture1", "rotation": 90 },
				"north": { "uv": [ 6, 4, 8, 5 ], "texture": "#texture1" },
				"south": { "uv": [ 6, 4, 10, 4.5 ], "texture": "#texture1" },
				"west": { "uv": [ 3, 4, 6, 4.5 ], "texture": "#texture1" },
				"east": { "uv": [ 10, 4, 13, 4.5 ], "texture": "#texture1" }
			}
		},
		{
			"__comment": "Cube1",
			"from": [ 5, 5, 0 ],
			"to": [ 6, 11, 16 ],
			"faces": {
				"down": { "uv": [ 0, 5, 16, 11 ], "texture": "#texture", "rotation": 270 },
				"up": { "uv": [ 0, 5, 15.5, 7 ], "texture": "#texture", "rotation": 90 },
				"north": { "uv": [ 1, 0, 2.5, 10.5 ], "texture": "#texture" },
				"south": { "uv": [ 6, 0, 9, 12.5 ], "texture": "#texture" },
				"west": { "uv": [ 0, 10, 16, 16 ], "texture": "#texture" },
				"east": { "uv": [ 0, 10, 16, 16 ], "texture": "#texture" }
			}
		},
		{
			"__comment": "Cube1",
			"from": [ 6, 5, 0 ],
			"to": [ 10, 6, 16 ],
			"faces": {
				"down": { "uv": [ 0, 5, 16, 11 ], "texture": "#texture", "rotation": 270 },
				"up": { "uv": [ 0, 5, 16, 11 ], "texture": "#texture", "rotation": 90 },
				"north": { "uv": [ 8, 6, 16, 8 ], "texture": "#texture" },
				"south": { "uv": [ 7.5, 8, 15.5, 9.5 ], "texture": "#texture" },
				"west": { "uv": [ 0, 10, 16, 16 ], "texture": "#texture" },
				"east": { "uv": [ 0, 10, 16, 16 ], "texture": "#texture" }
			}
		},
		{
			"__comment": "Cube1",
			"from": [ 6, 10, 0 ],
			"to": [ 10, 11, 16 ],
			"faces": {
				"down": { "uv": [ 0, 5, 16, 11 ], "texture": "#texture", "rotation": 270 },
				"up": { "uv": [ 0, 5, 16, 11 ], "texture": "#texture", "rotation": 90 },
				"north": { "uv": [ 0, 1.5, 13, 3 ], "texture": "#texture" },
				"south": { "uv": [ 7.5, 8, 16, 9.5 ], "texture": "#texture" },
				"west": { "uv": [ 0, 10, 16, 16 ], "texture": "#texture" },
				"east": { "uv": [ 0, 10, 16, 16 ], "texture": "#texture" }
			}
		}
	],
	"display": {
		"fixed": {
			"rotation":  [ 0, 90, 0 ],
			"translation":  [ 0, 0, 18 ],
			"scale":  [ 2, 2, 2 ]
		}
	}
}