{
	"__comment": "Designed by Galingueur with Cubik Studio - https://cubik.studio",
	"textures": {
		"particle": "block/m_pipe_1",
		"texture": "block/m_pipe_1"
	},
	"elements": [
		{
			"__comment": "Cube4",
			"from": [ 1.5, 23, 0 ],
			"to": [ 2.5, 24, 2 ],
			"faces": {
				"down": { "uv": [ 14, 2, 12, 0 ], "texture": "#texture" },
				"up": { "uv": [ 12, 0, 14, 2 ], "texture": "#texture" },
				"north": { "uv": [ 14, 1, 12, 0 ], "texture": "#texture" },
				"south": { "uv": [ 12, 0, 14, 1 ], "texture": "#texture" },
				"west": { "uv": [ 12, 0, 14, 2 ], "texture": "#texture", "rotation": 270 },
				"east": { "uv": [ 12, 0, 14, 2 ], "texture": "#texture", "rotation": 90 }
			}
		},
		{
			"__comment": "Cube4",
			"from": [ 6, 16, 1 ],
			"to": [ 10, 24, 5 ],
			"faces": {
				"down": { "uv": [ 12, 2, 16, 6 ], "texture": "#texture" },
				"up": { "uv": [ 16, 6, 12, 2 ], "texture": "#texture" },
				"north": { "uv": [ 10, 16, 6, 8 ], "texture": "#texture", "rotation": 180 },
				"south": { "uv": [ 6, 8, 10, 16 ], "texture": "#texture" },
				"west": { "uv": [ 6, 8, 10, 16 ], "texture": "#texture", "rotation": 180 },
				"east": { "uv": [ 6, 8, 10, 16 ], "texture": "#texture" }
			}
		},
		{
			"__comment": "Cube4",
			"from": [ 7, -5, 0 ],
			"to": [ 9, -3, 1 ],
			"faces": {
				"down": { "uv": [ 13, 6, 15, 7 ], "texture": "#texture" },
				"up": { "uv": [ 15, 7, 13, 6 ], "texture": "#texture" },
				"north": { "uv": [ 13.5, 7, 15, 9 ], "texture": "#texture" },
				"south": { "uv": [ 15, 9, 13.5, 7 ], "texture": "#texture" },
				"west": { "uv": [ 15, 7, 13, 6 ], "texture": "#texture", "rotation": 270 },
				"east": { "uv": [ 15, 7, 13, 6 ], "texture": "#texture", "rotation": 90 }
			}
		},
		{
			"__comment": "Cube4",
			"from": [ 6, -8, 1 ],
			"to": [ 10, 0, 5 ],
			"faces": {
				"down": { "uv": [ 12, 2, 16, 6 ], "texture": "#texture" },
				"up": { "uv": [ 16, 6, 12, 2 ], "texture": "#texture" },
				"north": { "uv": [ 6, 8, 10, 0 ], "texture": "#texture" },
				"south": { "uv": [ 6, 0, 10, 8 ], "texture": "#texture" },
				"west": { "uv": [ 6, 0, 10, 8 ], "texture": "#texture", "rotation": 180 },
				"east": { "uv": [ 6, 0, 10, 8 ], "texture": "#texture" }
			}
		},
		{
			"__comment": "Cube6",
			"from": [ 1, -8, 2 ],
			"to": [ 3, 0, 4 ],
			"faces": {
				"down": { "uv": [ 2, 2, 0, 0 ], "texture": "#texture" },
				"up": { "uv": [ 0, 0, 2, 2 ], "texture": "#texture" },
				"north": { "uv": [ 2, 8, 0, 0 ], "texture": "#texture" },
				"south": { "uv": [ 0, 0, 2, 8 ], "texture": "#texture" },
				"west": { "uv": [ 0, 0, 2, 8 ], "texture": "#texture", "rotation": 180 },
				"east": { "uv": [ 0, 0, 2, 8 ], "texture": "#texture" }
			}
		},
		{
			"__comment": "Cube6",
			"from": [ 1, 16, 2 ],
			"to": [ 3, 24, 4 ],
			"faces": {
				"down": { "uv": [ 2, 2, 0, 0 ], "texture": "#texture" },
				"up": { "uv": [ 0, 0, 2, 2 ], "texture": "#texture" },
				"north": { "uv": [ 2, 16, 0, 8 ], "texture": "#texture" },
				"south": { "uv": [ 0, 8, 2, 16 ], "texture": "#texture" },
				"west": { "uv": [ 0, 8, 2, 16 ], "texture": "#texture", "rotation": 180 },
				"east": { "uv": [ 0, 8, 2, 16 ], "texture": "#texture" }
			}
		},
		{
			"__comment": "Cube6",
			"from": [ 13, -8, 0 ],
			"to": [ 15, 0, 2 ],
			"faces": {
				"down": { "uv": [ 4, 2, 2, 0 ], "texture": "#texture" },
				"up": { "uv": [ 2, 0, 4, 2 ], "texture": "#texture" },
				"north": { "uv": [ 4, 16, 2, 8 ], "texture": "#texture" },
				"south": { "uv": [ 2, 8, 4, 16 ], "texture": "#texture" },
				"west": { "uv": [ 2, 8, 4, 16 ], "texture": "#texture" },
				"east": { "uv": [ 2, 8, 4, 16 ], "texture": "#texture", "rotation": 180 }
			}
		},
		{
			"__comment": "Cube6",
			"from": [ 13, -8, 3 ],
			"to": [ 14, 0, 4 ],
			"faces": {
				"down": { "uv": [ 12, 4, 11, 3 ], "texture": "#texture" },
				"up": { "uv": [ 11, 3, 12, 4 ], "texture": "#texture" },
				"north": { "uv": [ 11, 16, 10, 8 ], "texture": "#texture" },
				"south": { "uv": [ 10, 8, 11, 16 ], "texture": "#texture" },
				"west": { "uv": [ 11, 8, 12, 16 ], "texture": "#texture", "rotation": 180 },
				"east": { "uv": [ 11, 8, 12, 16 ], "texture": "#texture" }
			}
		},
		{
			"__comment": "Cube6",
			"from": [ 13, 16, 3 ],
			"to": [ 14, 24, 4 ],
			"faces": {
				"down": { "uv": [ 12, 4, 11, 3 ], "texture": "#texture" },
				"up": { "uv": [ 11, 3, 12, 4 ], "texture": "#texture" },
				"north": { "uv": [ 11, 8, 10, 0 ], "texture": "#texture" },
				"south": { "uv": [ 10, 0, 11, 8 ], "texture": "#texture" },
				"west": { "uv": [ 11, 0, 12, 8 ], "texture": "#texture" },
				"east": { "uv": [ 11, 0, 12, 8 ], "texture": "#texture", "rotation": 180 }
			}
		},
		{
			"__comment": "Cube6",
			"from": [ 13, 16, 0 ],
			"to": [ 15, 24, 2 ],
			"faces": {
				"down": { "uv": [ 4, 2, 2, 0 ], "texture": "#texture" },
				"up": { "uv": [ 2, 0, 4, 2 ], "texture": "#texture" },
				"north": { "uv": [ 4, 8, 2, 0 ], "texture": "#texture" },
				"south": { "uv": [ 2, 0, 4, 8 ], "texture": "#texture" },
				"west": { "uv": [ 2, 0, 4, 8 ], "texture": "#texture" },
				"east": { "uv": [ 2, 0, 4, 8 ], "texture": "#texture", "rotation": 180 }
			}
		},
		{
			"__comment": "Cube4",
			"from": [ 7, 19, 0 ],
			"to": [ 9, 21, 1 ],
			"faces": {
				"down": { "uv": [ 13, 6, 15, 7 ], "texture": "#texture" },
				"up": { "uv": [ 15, 7, 13, 6 ], "texture": "#texture" },
				"north": { "uv": [ 13, 7, 15, 9 ], "texture": "#texture" },
				"south": { "uv": [ 15, 9, 13, 7 ], "texture": "#texture" },
				"west": { "uv": [ 15, 7, 13, 6 ], "texture": "#texture", "rotation": 270 },
				"east": { "uv": [ 15, 7, 13, 6 ], "texture": "#texture", "rotation": 90 }
			}
		},
		{
			"__comment": "Cube4",
			"from": [ 12, 7, 3 ],
			"to": [ 13, 9, 3.5 ],
			"faces": {
				"down": { "uv": [ 13, 13, 15, 15 ], "texture": "#texture" },
				"up": { "uv": [ 15, 15, 13, 13 ], "texture": "#texture" },
				"north": { "uv": [ 13, 13, 15, 15 ], "texture": "#texture" },
				"south": { "uv": [ 15, 15, 13, 13 ], "texture": "#texture" },
				"west": { "uv": [ 15, 15, 13, 13 ], "texture": "#texture", "rotation": 270 },
				"east": { "uv": [ 15, 15, 13, 13 ], "texture": "#texture", "rotation": 90 }
			}
		},
		{
			"__comment": "Cube6",
			"from": [ 4.25, 13, 0 ],
			"to": [ 4.75, 14, 2.5 ],
			"faces": {
				"down": { "uv": [ 13, 2, 12, 1 ], "texture": "#texture" },
				"up": { "uv": [ 12, 1, 13, 2 ], "texture": "#texture" },
				"north": { "uv": [ 13, 2, 12, 1 ], "texture": "#texture" },
				"south": { "uv": [ 12, 1, 13, 2 ], "texture": "#texture" },
				"west": { "uv": [ 12, 1, 13, 2 ], "texture": "#texture", "rotation": 270 },
				"east": { "uv": [ 12, 1, 13, 2 ], "texture": "#texture", "rotation": 90 }
			}
		},
		{
			"__comment": "Cube6",
			"from": [ 4.25, 2, 0 ],
			"to": [ 4.75, 3, 2.5 ],
			"faces": {
				"down": { "uv": [ 13, 2, 12, 1 ], "texture": "#texture" },
				"up": { "uv": [ 12, 1, 13, 2 ], "texture": "#texture" },
				"north": { "uv": [ 13, 2, 12, 1 ], "texture": "#texture" },
				"south": { "uv": [ 12, 1, 13, 2 ], "texture": "#texture" },
				"west": { "uv": [ 12, 1, 13, 2 ], "texture": "#texture", "rotation": 270 },
				"east": { "uv": [ 12, 1, 13, 2 ], "texture": "#texture", "rotation": 90 }
			}
		},
		{
			"__comment": "Cube6",
			"from": [ 4, -8, 2.5 ],
			"to": [ 5, 0, 3.5 ],
			"faces": {
				"down": { "uv": [ 5, 1, 4, 0 ], "texture": "#texture" },
				"up": { "uv": [ 4, 0, 5, 1 ], "texture": "#texture" },
				"north": { "uv": [ 5, 8, 4, 0 ], "texture": "#texture" },
				"south": { "uv": [ 4, 0, 5, 8 ], "texture": "#texture" },
				"west": { "uv": [ 5, 0, 6, 8 ], "texture": "#texture", "rotation": 180 },
				"east": { "uv": [ 5, 0, 6, 8 ], "texture": "#texture", "rotation": 90 }
			}
		},
		{
			"__comment": "Cube6",
			"from": [ 4, 16, 2.5 ],
			"to": [ 5, 24, 3.5 ],
			"faces": {
				"down": { "uv": [ 5, 1, 4, 0 ], "texture": "#texture" },
				"up": { "uv": [ 4, 0, 5, 1 ], "texture": "#texture" },
				"north": { "uv": [ 5, 16, 4, 8 ], "texture": "#texture" },
				"south": { "uv": [ 4, 8, 5, 16 ], "texture": "#texture" },
				"west": { "uv": [ 5, 8, 6, 16 ], "texture": "#texture" },
				"east": { "uv": [ 5, 8, 6, 16 ], "texture": "#texture", "rotation": 180 }
			}
		},
		{
			"__comment": "Cube6",
			"from": [ 4, 16, 1 ],
			"to": [ 5, 24, 2 ],
			"faces": {
				"down": { "uv": [ 5, 1, 4, 0 ], "texture": "#texture" },
				"up": { "uv": [ 4, 0, 5, 1 ], "texture": "#texture" },
				"north": { "uv": [ 5, 16, 4, 8 ], "texture": "#texture" },
				"south": { "uv": [ 4, 8, 5, 16 ], "texture": "#texture" },
				"west": { "uv": [ 5, 8, 6, 16 ], "texture": "#texture" },
				"east": { "uv": [ 5, 8, 6, 16 ], "texture": "#texture", "rotation": 180 }
			}
		},
		{
			"__comment": "Cube6",
			"from": [ 4, -8, 1 ],
			"to": [ 5, 0, 2 ],
			"faces": {
				"down": { "uv": [ 5, 1, 4, 0 ], "texture": "#texture" },
				"up": { "uv": [ 4, 0, 5, 1 ], "texture": "#texture" },
				"north": { "uv": [ 5, 8, 4, 0 ], "texture": "#texture" },
				"south": { "uv": [ 4, 0, 5, 8 ], "texture": "#texture" },
				"west": { "uv": [ 5, 0, 6, 8 ], "texture": "#texture", "rotation": 180 },
				"east": { "uv": [ 5, 0, 6, 8 ], "texture": "#texture", "rotation": 90 }
			}
		},
		{
			"__comment": "Cube6",
			"from": [ 11, 16, 3 ],
			"to": [ 12, 24, 4 ],
			"faces": {
				"down": { "uv": [ 12, 4, 11, 3 ], "texture": "#texture" },
				"up": { "uv": [ 11, 3, 12, 4 ], "texture": "#texture" },
				"north": { "uv": [ 11, 8, 10, 0 ], "texture": "#texture" },
				"south": { "uv": [ 10, 0, 11, 8 ], "texture": "#texture" },
				"west": { "uv": [ 11, 0, 12, 8 ], "texture": "#texture" },
				"east": { "uv": [ 11, 0, 12, 8 ], "texture": "#texture", "rotation": 180 }
			}
		},
		{
			"__comment": "Cube6",
			"from": [ 11, -8, 3 ],
			"to": [ 12, 0, 4 ],
			"faces": {
				"down": { "uv": [ 12, 4, 11, 3 ], "texture": "#texture" },
				"up": { "uv": [ 11, 3, 12, 4 ], "texture": "#texture" },
				"north": { "uv": [ 11, 16, 10, 8 ], "texture": "#texture" },
				"south": { "uv": [ 10, 8, 11, 16 ], "texture": "#texture" },
				"west": { "uv": [ 11, 8, 12, 16 ], "texture": "#texture", "rotation": 180 },
				"east": { "uv": [ 11, 8, 12, 16 ], "texture": "#texture" }
			}
		},
		{
			"__comment": "Cube6",
			"from": [ 13, 0, 0 ],
			"to": [ 15, 8, 2 ],
			"faces": {
				"down": { "uv": [ 4, 2, 2, 0 ], "texture": "#texture" },
				"up": { "uv": [ 2, 0, 4, 2 ], "texture": "#texture" },
				"north": { "uv": [ 4, 8, 2, 0 ], "texture": "#texture" },
				"south": { "uv": [ 2, 0, 4, 8 ], "texture": "#texture" },
				"west": { "uv": [ 2, 0, 4, 8 ], "texture": "#texture" },
				"east": { "uv": [ 2, 0, 4, 8 ], "texture": "#texture", "rotation": 180 }
			}
		},
		{
			"__comment": "Cube6",
			"from": [ 13, 8, 0 ],
			"to": [ 15, 16, 2 ],
			"faces": {
				"down": { "uv": [ 4, 2, 2, 0 ], "texture": "#texture" },
				"up": { "uv": [ 2, 0, 4, 2 ], "texture": "#texture" },
				"north": { "uv": [ 4, 16, 2, 8 ], "texture": "#texture" },
				"south": { "uv": [ 2, 8, 4, 16 ], "texture": "#texture" },
				"west": { "uv": [ 2, 8, 4, 16 ], "texture": "#texture" },
				"east": { "uv": [ 2, 8, 4, 16 ], "texture": "#texture", "rotation": 180 }
			}
		},
		{
			"__comment": "Cube6",
			"from": [ 13, 0, 3 ],
			"to": [ 14, 8, 4 ],
			"faces": {
				"down": { "uv": [ 12, 4, 11, 3 ], "texture": "#texture" },
				"up": { "uv": [ 11, 3, 12, 4 ], "texture": "#texture" },
				"north": { "uv": [ 11, 8, 10, 0 ], "texture": "#texture" },
				"south": { "uv": [ 10, 0, 11, 8 ], "texture": "#texture" },
				"west": { "uv": [ 11, 0, 12, 8 ], "texture": "#texture" },
				"east": { "uv": [ 11, 0, 12, 8 ], "texture": "#texture", "rotation": 180 }
			}
		},
		{
			"__comment": "Cube6",
			"from": [ 13, 8, 3 ],
			"to": [ 14, 16, 4 ],
			"faces": {
				"down": { "uv": [ 12, 4, 11, 3 ], "texture": "#texture" },
				"up": { "uv": [ 11, 3, 12, 4 ], "texture": "#texture" },
				"north": { "uv": [ 11, 16, 10, 8 ], "texture": "#texture" },
				"south": { "uv": [ 10, 8, 11, 16 ], "texture": "#texture" },
				"west": { "uv": [ 11, 8, 12, 16 ], "texture": "#texture", "rotation": 180 },
				"east": { "uv": [ 11, 8, 12, 16 ], "texture": "#texture" }
			}
		},
		{
			"__comment": "Cube6",
			"from": [ 11, 0, 3 ],
			"to": [ 12, 8, 4 ],
			"faces": {
				"down": { "uv": [ 12, 4, 11, 3 ], "texture": "#texture" },
				"up": { "uv": [ 11, 3, 12, 4 ], "texture": "#texture" },
				"north": { "uv": [ 11, 8, 10, 0 ], "texture": "#texture" },
				"south": { "uv": [ 10, 0, 11, 8 ], "texture": "#texture" },
				"west": { "uv": [ 11, 0, 12, 8 ], "texture": "#texture" },
				"east": { "uv": [ 11, 0, 12, 8 ], "texture": "#texture", "rotation": 180 }
			}
		},
		{
			"__comment": "Cube6",
			"from": [ 11, 8, 3 ],
			"to": [ 12, 16, 4 ],
			"faces": {
				"down": { "uv": [ 12, 4, 11, 3 ], "texture": "#texture" },
				"up": { "uv": [ 11, 3, 12, 4 ], "texture": "#texture" },
				"north": { "uv": [ 11, 16, 10, 8 ], "texture": "#texture" },
				"south": { "uv": [ 10, 8, 11, 16 ], "texture": "#texture" },
				"west": { "uv": [ 11, 8, 12, 16 ], "texture": "#texture", "rotation": 180 },
				"east": { "uv": [ 11, 8, 12, 16 ], "texture": "#texture" }
			}
		},
		{
			"__comment": "Cube4",
			"from": [ 6, 0, 1 ],
			"to": [ 10, 8, 5 ],
			"faces": {
				"down": { "uv": [ 12, 2, 16, 6 ], "texture": "#texture" },
				"up": { "uv": [ 16, 6, 12, 2 ], "texture": "#texture" },
				"north": { "uv": [ 10, 16, 6, 8 ], "texture": "#texture", "rotation": 180 },
				"south": { "uv": [ 6, 8, 10, 16 ], "texture": "#texture" },
				"west": { "uv": [ 6, 8, 10, 16 ], "texture": "#texture", "rotation": 180 },
				"east": { "uv": [ 6, 8, 10, 16 ], "texture": "#texture" }
			}
		},
		{
			"__comment": "Cube4",
			"from": [ 6, 8, 1 ],
			"to": [ 10, 16, 5 ],
			"faces": {
				"down": { "uv": [ 12, 2, 16, 6 ], "texture": "#texture" },
				"up": { "uv": [ 16, 6, 12, 2 ], "texture": "#texture" },
				"north": { "uv": [ 6, 8, 10, 0 ], "texture": "#texture" },
				"south": { "uv": [ 6, 0, 10, 8 ], "texture": "#texture" },
				"west": { "uv": [ 6, 0, 10, 8 ], "texture": "#texture", "rotation": 180 },
				"east": { "uv": [ 6, 0, 10, 8 ], "texture": "#texture" }
			}
		},
		{
			"__comment": "Cube6",
			"from": [ 4, 0, 1 ],
			"to": [ 5, 8, 2 ],
			"faces": {
				"down": { "uv": [ 5, 1, 4, 0 ], "texture": "#texture" },
				"up": { "uv": [ 4, 0, 5, 1 ], "texture": "#texture" },
				"north": { "uv": [ 5, 16, 4, 8 ], "texture": "#texture" },
				"south": { "uv": [ 4, 8, 5, 16 ], "texture": "#texture" },
				"west": { "uv": [ 5, 8, 6, 16 ], "texture": "#texture" },
				"east": { "uv": [ 5, 8, 6, 16 ], "texture": "#texture", "rotation": 180 }
			}
		},
		{
			"__comment": "Cube6",
			"from": [ 4, 8, 1 ],
			"to": [ 5, 16, 2 ],
			"faces": {
				"down": { "uv": [ 5, 1, 4, 0 ], "texture": "#texture" },
				"up": { "uv": [ 4, 0, 5, 1 ], "texture": "#texture" },
				"north": { "uv": [ 5, 8, 4, 0 ], "texture": "#texture" },
				"south": { "uv": [ 4, 0, 5, 8 ], "texture": "#texture" },
				"west": { "uv": [ 5, 0, 6, 8 ], "texture": "#texture", "rotation": 180 },
				"east": { "uv": [ 5, 0, 6, 8 ], "texture": "#texture", "rotation": 90 }
			}
		},
		{
			"__comment": "Cube6",
			"from": [ 4, 8, 2.5 ],
			"to": [ 5, 16, 3.5 ],
			"faces": {
				"down": { "uv": [ 5, 1, 4, 0 ], "texture": "#texture" },
				"up": { "uv": [ 4, 0, 5, 1 ], "texture": "#texture" },
				"north": { "uv": [ 5, 8, 4, 0 ], "texture": "#texture" },
				"south": { "uv": [ 4, 0, 5, 8 ], "texture": "#texture" },
				"west": { "uv": [ 5, 0, 6, 8 ], "texture": "#texture", "rotation": 180 },
				"east": { "uv": [ 5, 0, 6, 8 ], "texture": "#texture", "rotation": 90 }
			}
		},
		{
			"__comment": "Cube6",
			"from": [ 4, 0, 2.5 ],
			"to": [ 5, 8, 3.5 ],
			"faces": {
				"down": { "uv": [ 5, 1, 4, 0 ], "texture": "#texture" },
				"up": { "uv": [ 4, 0, 5, 1 ], "texture": "#texture" },
				"north": { "uv": [ 5, 16, 4, 8 ], "texture": "#texture" },
				"south": { "uv": [ 4, 8, 5, 16 ], "texture": "#texture" },
				"west": { "uv": [ 5, 8, 6, 16 ], "texture": "#texture" },
				"east": { "uv": [ 5, 8, 6, 16 ], "texture": "#texture", "rotation": 180 }
			}
		},
		{
			"__comment": "Cube6",
			"from": [ 1, 8, 2 ],
			"to": [ 3, 16, 4 ],
			"faces": {
				"down": { "uv": [ 2, 2, 0, 0 ], "texture": "#texture" },
				"up": { "uv": [ 0, 0, 2, 2 ], "texture": "#texture" },
				"north": { "uv": [ 2, 8, 0, 0 ], "texture": "#texture" },
				"south": { "uv": [ 0, 0, 2, 8 ], "texture": "#texture" },
				"west": { "uv": [ 0, 0, 2, 8 ], "texture": "#texture", "rotation": 180 },
				"east": { "uv": [ 0, 0, 2, 8 ], "texture": "#texture" }
			}
		},
		{
			"__comment": "Cube6",
			"from": [ 1, 0, 2 ],
			"to": [ 3, 8, 4 ],
			"faces": {
				"down": { "uv": [ 2, 2, 0, 0 ], "texture": "#texture" },
				"up": { "uv": [ 0, 0, 2, 2 ], "texture": "#texture" },
				"north": { "uv": [ 2, 16, 0, 8 ], "texture": "#texture" },
				"south": { "uv": [ 0, 8, 2, 16 ], "texture": "#texture" },
				"west": { "uv": [ 0, 8, 2, 16 ], "texture": "#texture", "rotation": 180 },
				"east": { "uv": [ 0, 8, 2, 16 ], "texture": "#texture" }
			}
		},
		{
			"__comment": "Cube4",
			"from": [ 1.5, 7, 0 ],
			"to": [ 2.5, 9, 2 ],
			"faces": {
				"down": { "uv": [ 14, 2, 12, 0 ], "texture": "#texture" },
				"up": { "uv": [ 12, 0, 14, 2 ], "texture": "#texture" },
				"north": { "uv": [ 14, 1, 12, 0 ], "texture": "#texture" },
				"south": { "uv": [ 12, 0, 14, 1 ], "texture": "#texture" },
				"west": { "uv": [ 12, 0, 14, 2 ], "texture": "#texture", "rotation": 270 },
				"east": { "uv": [ 12, 0, 14, 2 ], "texture": "#texture", "rotation": 90 }
			}
		},
		{
			"__comment": "Cube4",
			"from": [ 1.5, -8, 0 ],
			"to": [ 2.5, -7, 2 ],
			"faces": {
				"down": { "uv": [ 14, 2, 12, 0 ], "texture": "#texture" },
				"up": { "uv": [ 12, 0, 14, 2 ], "texture": "#texture" },
				"north": { "uv": [ 14, 1, 12, 0 ], "texture": "#texture" },
				"south": { "uv": [ 12, 0, 14, 1 ], "texture": "#texture" },
				"west": { "uv": [ 12, 0, 14, 2 ], "texture": "#texture", "rotation": 270 },
				"east": { "uv": [ 12, 0, 14, 2 ], "texture": "#texture", "rotation": 90 }
			}
		},
		{
			"__comment": "Cube4",
			"from": [ 7, 3, 0 ],
			"to": [ 9, 5, 1 ],
			"faces": {
				"down": { "uv": [ 13, 6, 15, 7 ], "texture": "#texture" },
				"up": { "uv": [ 15, 7, 13, 6 ], "texture": "#texture" },
				"north": { "uv": [ 13.5, 7, 15, 9 ], "texture": "#texture" },
				"south": { "uv": [ 15, 9, 13.5, 7 ], "texture": "#texture" },
				"west": { "uv": [ 15, 7, 13, 6 ], "texture": "#texture", "rotation": 270 },
				"east": { "uv": [ 15, 7, 13, 6 ], "texture": "#texture", "rotation": 90 }
			}
		},
		{
			"__comment": "Cube4",
			"from": [ 7, 11, 0 ],
			"to": [ 9, 13, 1 ],
			"faces": {
				"down": { "uv": [ 13, 6, 15, 7 ], "texture": "#texture" },
				"up": { "uv": [ 15, 7, 13, 6 ], "texture": "#texture" },
				"north": { "uv": [ 13, 7, 15, 9 ], "texture": "#texture" },
				"south": { "uv": [ 15, 9, 13, 7 ], "texture": "#texture" },
				"west": { "uv": [ 15, 7, 13, 6 ], "texture": "#texture", "rotation": 270 },
				"east": { "uv": [ 15, 7, 13, 6 ], "texture": "#texture", "rotation": 90 }
			}
		},
		{
			"__comment": "Cube4",
			"from": [ 12, 2, 3 ],
			"to": [ 13, 4, 3.5 ],
			"faces": {
				"down": { "uv": [ 13, 13, 15, 15 ], "texture": "#texture" },
				"up": { "uv": [ 15, 15, 13, 13 ], "texture": "#texture" },
				"north": { "uv": [ 13, 13, 15, 15 ], "texture": "#texture" },
				"south": { "uv": [ 15, 15, 13, 13 ], "texture": "#texture" },
				"west": { "uv": [ 15, 15, 13, 13 ], "texture": "#texture", "rotation": 270 },
				"east": { "uv": [ 15, 15, 13, 13 ], "texture": "#texture", "rotation": 90 }
			}
		},
		{
			"__comment": "Cube4",
			"from": [ 12, 12, 3 ],
			"to": [ 13, 14, 3.5 ],
			"faces": {
				"down": { "uv": [ 13, 13, 15, 15 ], "texture": "#texture" },
				"up": { "uv": [ 15, 15, 13, 13 ], "texture": "#texture" },
				"north": { "uv": [ 13, 13, 15, 15 ], "texture": "#texture" },
				"south": { "uv": [ 15, 15, 13, 13 ], "texture": "#texture" },
				"west": { "uv": [ 15, 15, 13, 13 ], "texture": "#texture", "rotation": 270 },
				"east": { "uv": [ 15, 15, 13, 13 ], "texture": "#texture", "rotation": 90 }
			}
		}
	],
	"display": {
		"thirdperson_righthand": {
			"rotation":  [ 78, -94, 0 ],
			"translation":  [ -2.086, 1.8043, 0 ],
			"scale":  [ 0.375, 0.375, 0.375 ]
		},
		"thirdperson_lefthand": {
			"rotation":  [ 78, -94, 0 ],
			"translation":  [ -2.086, 1.8043, 0 ],
			"scale":  [ 0.375, 0.375, 0.375 ]
		},
		"firstperson_righthand": {
			"rotation":  [ -8, -52, 0 ],
			"scale":  [ 0.4, 0.4, 0.4 ]
		},
		"firstperson_lefthand": {
			"rotation":  [ -8, -52, 0 ],
			"scale":  [ 0.4, 0.4, 0.4 ]
		},
		"gui": {
			"rotation":  [ -65, 180, 27 ],
			"translation":  [ 0.0013, -2.084, -4.173 ],
			"scale":  [ 0.5, 0.5, 0.5 ]
		},
		"head": {
			"rotation":  [ 91, 0, 0 ]
		},
		"ground": {
			"rotation":  [ 90, 0, 0 ],
			"translation":  [ 0, 0.2173, 0 ],
			"scale":  [ 0.25, 0.25, 0.25 ]
		},
		"fixed": {
			"rotation":  [ 90, 0, 0 ],
			"translation":  [ 0, 0, -30 ],
			"scale":  [ 2, 2, 2 ]
		}
	}
}