{
    "variants": {
        "east=false,north=false,south=false,west=false": { "model": "block/acacia_fence_post_3d" },
        "east=false,north=true,south=false,west=false": { "model": "block/acacia_fence_n_3d" },
        "east=true,north=false,south=false,west=false": { "model": "block/acacia_fence_n_3d", "y": 90 },
        "east=false,north=false,south=true,west=false": { "model": "block/acacia_fence_n_3d", "y": 180 },
        "east=false,north=false,south=false,west=true": { "model": "block/acacia_fence_n_3d", "y": 270 },
        "east=true,north=true,south=false,west=false": { "model": "block/acacia_fence_ne_3d" },
        "east=true,north=false,south=true,west=false": { "model": "block/acacia_fence_ne_3d", "y": 90 },
        "east=false,north=false,south=true,west=true": { "model": "block/acacia_fence_ne_3d", "y": 180 },
        "east=false,north=true,south=false,west=true": { "model": "block/acacia_fence_ne_3d", "y": 270 },
        "east=false,north=true,south=true,west=false": { "model": "block/acacia_fence_ns_3d" },
        "east=true,north=false,south=false,west=true": { "model": "block/acacia_fence_ns_3d", "y": 90 },
        "east=true,north=true,south=true,west=false": { "model": "block/acacia_fence_nse_3d" },
        "east=true,north=false,south=true,west=true": { "model": "block/acacia_fence_nse_3d", "y": 90 },
        "east=false,north=true,south=true,west=true": { "model": "block/acacia_fence_nse_3d", "y": 180 },
        "east=true,north=true,south=false,west=true": { "model": "block/acacia_fence_nse_3d", "y": 270 },
        "east=true,north=true,south=true,west=true": { "model": "block/acacia_fence_nsew_3d" }
    }
}