{
	"__comment": "Designed by Galingueur with Cubik Studio - https://cubik.studio",
	"textures": {
		"particle": "block/m_fence_acacia",
		"texture": "block/m_fence_acacia"
	},
	"elements": [
		{
			"__comment": "Cube1",
			"from": [ 7.25, 7, 8.75 ],
			"to": [ 8.75, 8, 16 ],
			"faces": {
				"down": { "uv": [ 11, 2, 12, 3 ], "texture": "#texture" },
				"up": { "uv": [ 11, 2, 12, 3 ], "texture": "#texture" },
				"north": { "uv": [ 6.5, 0, 9.5, 16 ], "texture": "#texture" },
				"south": { "uv": [ 6.5, 0, 9.5, 16 ], "texture": "#texture" },
				"west": { "uv": [ 6.5, 0, 9.5, 16 ], "texture": "#texture" },
				"east": { "uv": [ 6.5, 0, 9.5, 16 ], "texture": "#texture" }
			}
		},
		{
			"__comment": "Cube1",
			"from": [ 7.25, 15, 8.75 ],
			"to": [ 8.75, 16, 16 ],
			"faces": {
				"down": { "uv": [ 11, 2, 12, 3 ], "texture": "#texture" },
				"up": { "uv": [ 11, 2, 12, 3 ], "texture": "#texture" },
				"north": { "uv": [ 6.5, 0, 9.5, 16 ], "texture": "#texture" },
				"south": { "uv": [ 6.5, 0, 9.5, 16 ], "texture": "#texture" },
				"west": { "uv": [ 6.5, 0, 9.5, 16 ], "texture": "#texture" },
				"east": { "uv": [ 6.5, 0, 9.5, 16 ], "texture": "#texture" }
			}
		},
		{
			"__comment": "Cube1",
			"from": [ 7.25, 7, 0 ],
			"to": [ 8.75, 8, 7.25 ],
			"faces": {
				"down": { "uv": [ 11, 2, 12, 3 ], "texture": "#texture" },
				"up": { "uv": [ 11, 2, 12, 3 ], "texture": "#texture" },
				"north": { "uv": [ 6.5, 0, 9.5, 16 ], "texture": "#texture" },
				"south": { "uv": [ 6.5, 0, 9.5, 16 ], "texture": "#texture" },
				"west": { "uv": [ 6.5, 0, 9.5, 16 ], "texture": "#texture" },
				"east": { "uv": [ 6.5, 0, 9.5, 16 ], "texture": "#texture" }
			}
		},
		{
			"__comment": "Cube1",
			"from": [ 7.25, 15, 0 ],
			"to": [ 8.75, 16, 7.25 ],
			"faces": {
				"down": { "uv": [ 11, 2, 12, 3 ], "texture": "#texture" },
				"up": { "uv": [ 11, 2, 12, 3 ], "texture": "#texture" },
				"north": { "uv": [ 6.5, 0, 9.5, 16 ], "texture": "#texture" },
				"south": { "uv": [ 6.5, 0, 9.5, 16 ], "texture": "#texture" },
				"west": { "uv": [ 6.5, 0, 9.5, 16 ], "texture": "#texture" },
				"east": { "uv": [ 6.5, 0, 9.5, 16 ], "texture": "#texture" }
			}
		},
		{
			"__comment": "Cube1",
			"from": [ 7.25, 0, 7.25 ],
			"to": [ 8.75, 16, 8.75 ],
			"faces": {
				"down": { "uv": [ 11, 2, 12, 3 ], "texture": "#texture" },
				"up": { "uv": [ 11, 2, 12, 3 ], "texture": "#texture" },
				"north": { "uv": [ 6.5, 0, 9.5, 16 ], "texture": "#texture" },
				"south": { "uv": [ 6.5, 0, 9.5, 16 ], "texture": "#texture" },
				"west": { "uv": [ 6.5, 0, 9.5, 16 ], "texture": "#texture" },
				"east": { "uv": [ 6.5, 0, 9.5, 16 ], "texture": "#texture" }
			}
		}
	],
	"display": {
		"thirdperson_righthand": {
			"rotation":  [ 75, 45, 0 ],
			"translation":  [ 0, 2.5, 0 ],
			"scale":  [ 0.375, 0.375, 0.375 ]
		},
		"thirdperson_lefthand": {
			"rotation":  [ 75, 45, 0 ],
			"translation":  [ 0, 2.5, 0 ],
			"scale":  [ 0.375, 0.375, 0.375 ]
		},
		"firstperson_righthand": {
			"rotation":  [ 0, 45, 0 ],
			"scale":  [ 0.4, 0.4, 0.4 ]
		},
		"firstperson_lefthand": {
			"rotation":  [ 0, 45, 0 ],
			"scale":  [ 0.4, 0.4, 0.4 ]
		},
		"gui": {
			"rotation":  [ 30, 225, 0 ],
			"scale":  [ 0.625, 0.625, 0.625 ]
		},
		"ground": {
			"translation":  [ 0, 3, 0 ],
			"scale":  [ 0.25, 0.25, 0.25 ]
		},
		"fixed": {
			"rotation":  [ 0, 90, 0 ],
			"translation":  [ 0, 0, 0.6956 ],
			"scale":  [ 2, 2, 2 ]
		}
	}
}