{
	"__comment": "Designed by Galingueur with Cubik Studio - https://cubik.studio",
	"textures": {
		"texture": "item/m_bow_01"
	},
	"elements": [ 	 
		{
			"__comment": "Box1",
			"from": [ 8.5, 2.5, 2 ],
			"to": [ 9.5, 3.5, 14 ],
			"faces": {
				"down": { "uv": [ 10, 4, 16, 4.5 ], "texture": "#texture", "rotation": 270 },
				"up": { "uv": [ 10, 4, 16, 4.5 ], "texture": "#texture", "rotation": 90 },
				"north": { "uv": [ 10, 4.5, 10.5, 5 ], "texture": "#texture" },
				"south": { "uv": [ 10, 4.5, 10.5, 5 ], "texture": "#texture" },
				"west": { "uv": [ 10, 4, 16, 4.5 ], "texture": "#texture" },
				"east": { "uv": [ 16, 4, 10, 4.5 ], "texture": "#texture" }
			}
		},
		{
			"__comment": "Box1",
			"from": [ 2.5, 5, 1 ],
			"to": [ 7.5, 7, 2 ],
			"faces": {
				"down": { "uv": [ 13, 0.5, 16, 1 ], "texture": "#texture" },
				"up": { "uv": [ 13, 0, 16, 0.5 ], "texture": "#texture" },
				"north": { "uv": [ 16, 0, 13, 1 ], "texture": "#texture" },
				"south": { "uv": [ 13, 0, 16, 1 ], "texture": "#texture" },
				"west": { "uv": [ 12.5, 0, 13, 1 ], "texture": "#texture" },
				"east": { "uv": [ 15.5, 0, 16, 1 ], "texture": "#texture" }
			}
		},
		{
			"__comment": "Box1",
			"from": [ 16, 3, 2.5 ],
			"to": [ 22.5, 5.5, 3.5 ],
			"rotation": { "origin": [ 16, 3, 2.5 ], "axis": "y", "angle": -22.5 },
			"faces": {
				"down": { "uv": [ 16, 2, 12.5, 2.5 ], "texture": "#texture" },
				"up": { "uv": [ 16, 1, 12.5, 1.5 ], "texture": "#texture" },
				"north": { "uv": [ 12.5, 1, 16, 2.5 ], "texture": "#texture" },
				"south": { "uv": [ 16, 1, 12.5, 2.5 ], "texture": "#texture" },
				"west": { "uv": [ 15.5, 1, 16, 2.5 ], "texture": "#texture" },
				"east": { "uv": [ 12.5, 1, 13, 2.5 ], "texture": "#texture" }
			}
		},
		{
			"__comment": "Box1",
			"from": [ 7.5, 7.25, 3 ],
			"to": [ 8.5, 7.75, 8.5 ],
			"faces": {
				"down": { "uv": [ 13.5, 12.5, 16, 13 ], "texture": "#texture", "rotation": 270 },
				"up": { "uv": [ 13.5, 12.5, 16, 13 ], "texture": "#texture", "rotation": 90 },
				"north": { "uv": [ 13.5, 12.5, 14, 13 ], "texture": "#texture" },
				"south": { "uv": [ 15.5, 12.5, 16, 13 ], "texture": "#texture" },
				"west": { "uv": [ 13.5, 12.5, 16, 13 ], "texture": "#texture" },
				"east": { "uv": [ 16, 12.5, 13.5, 13 ], "texture": "#texture" }
			}
		},
		{
			"__comment": "Box1",
			"from": [ 7.5, 1.5, 19.5 ],
			"to": [ 8.5, 2.5, 26 ],
			"faces": {
				"down": { "uv": [ 9.5, 12.5, 13, 13 ], "texture": "#texture" },
				"up": { "uv": [ 9.5, 12.5, 13, 13 ], "texture": "#texture" },
				"north": { "uv": [ 9.5, 12.5, 13, 13 ], "texture": "#texture" },
				"south": { "uv": [ 9.5, 12.5, 13, 13 ], "texture": "#texture" },
				"west": { "uv": [ 9.5, 12.5, 13, 13 ], "texture": "#texture" },
				"east": { "uv": [ 9.5, 12.5, 13, 13 ], "texture": "#texture" }
			}
		},
		{
			"__comment": "Box1",
			"from": [ 6, 3, 2 ],
			"to": [ 10, 5, 6 ],
			"faces": {
				"down": { "uv": [ 11.5, 9, 13.5, 11.5 ], "texture": "#texture", "rotation": 90 },
				"up": { "uv": [ 11.5, 9, 13.5, 11.5 ], "texture": "#texture", "rotation": 270 },
				"north": { "uv": [ 14, 9, 15, 11 ], "texture": "#texture", "rotation": 90 },
				"south": { "uv": [ 10, 9, 11, 11 ], "texture": "#texture", "rotation": 270 },
				"west": { "uv": [ 13.5, 11, 11.5, 12 ], "texture": "#texture" },
				"east": { "uv": [ 11.5, 11, 13.5, 12 ], "texture": "#texture" }
			}
		},
		{
			"__comment": "Box1",
			"from": [ 10, 3.5, 15.5 ],
			"to": [ 10.5, 8.5, 17.5 ],
			"rotation": { "origin": [ 10, 3.5, 15.5 ], "axis": "x", "angle": 22.5 },
			"faces": {
				"down": { "uv": [ 7, 6.5, 8, 7 ], "texture": "#texture", "rotation": 90 },
				"up": { "uv": [ 7, 4.5, 8, 5 ], "texture": "#texture" },
				"north": { "uv": [ 8, 4.5, 7.5, 7 ], "texture": "#texture" },
				"south": { "uv": [ 7.5, 4.5, 7, 7 ], "texture": "#texture" },
				"west": { "uv": [ 8, 4.5, 7, 7 ], "texture": "#texture" },
				"east": { "uv": [ 7, 4.5, 8, 7 ], "texture": "#texture" }
			}
		},
		{
			"__comment": "Box1",
			"from": [ 7.5, 4, 22 ],
			"to": [ 8.5, 6, 25 ],
			"faces": {
				"down": { "uv": [ 9.5, 12.5, 13, 13 ], "texture": "#texture" },
				"up": { "uv": [ 9.5, 12.5, 13, 13 ], "texture": "#texture" },
				"north": { "uv": [ 7.5, 10, 8.5, 12 ], "texture": "#texture" },
				"south": { "uv": [ 9.5, 12.5, 13, 13 ], "texture": "#texture" },
				"west": { "uv": [ 9.5, 12.5, 13, 13 ], "texture": "#texture" },
				"east": { "uv": [ 9.5, 12.5, 13, 13 ], "texture": "#texture" }
			}
		},
		{
			"__comment": "Box1",
			"from": [ 13.5, 5, 1 ],
			"to": [ 20, 7, 2 ],
			"rotation": { "origin": [ 13.5, 5, 1 ], "axis": "y", "angle": -22.5 },
			"faces": {
				"down": { "uv": [ 12.5, 0.5, 9, 1 ], "texture": "#texture" },
				"up": { "uv": [ 12.5, 1.5, 9, 2 ], "texture": "#texture" },
				"north": { "uv": [ 9, 0, 12.5, 1 ], "texture": "#texture" },
				"south": { "uv": [ 12.5, 0, 9, 1 ], "texture": "#texture" },
				"west": { "uv": [ 12.5, 0, 13, 1 ], "texture": "#texture" },
				"east": { "uv": [ 9, 0, 9.5, 1 ], "texture": "#texture" }
			}
		},
		{
			"__comment": "Box1",
			"from": [ 8.5, 5, 1 ],
			"to": [ 13.5, 7, 2 ],
			"faces": {
				"down": { "uv": [ 16, 0.5, 13, 1 ], "texture": "#texture" },
				"up": { "uv": [ 16, 0, 13, 0.5 ], "texture": "#texture" },
				"north": { "uv": [ 13, 0, 16, 1 ], "texture": "#texture" },
				"south": { "uv": [ 16, 0, 13, 1 ], "texture": "#texture" },
				"west": { "uv": [ 15.5, 0, 16, 1 ], "texture": "#texture" },
				"east": { "uv": [ 12.5, 0, 13, 1 ], "texture": "#texture" }
			}
		},
		{
			"__comment": "Box1",
			"from": [ 13.5, 1.5, 1 ],
			"to": [ 20, 3.5, 2 ],
			"rotation": { "origin": [ 13.5, 1.5, 1 ], "axis": "y", "angle": -22.5 },
			"faces": {
				"down": { "uv": [ 12.5, 2, 9, 2.5 ], "texture": "#texture" },
				"up": { "uv": [ 12.5, 2.5, 9, 3 ], "texture": "#texture" },
				"north": { "uv": [ 9, 2.5, 12.5, 3.5 ], "texture": "#texture" },
				"south": { "uv": [ 12.5, 2.5, 9, 3.5 ], "texture": "#texture" },
				"west": { "uv": [ 12.5, 0, 13, 1 ], "texture": "#texture" },
				"east": { "uv": [ 9, 2.5, 9.5, 3.5 ], "texture": "#texture" }
			}
		},
		{
			"__comment": "Box1",
			"from": [ 8.5, 1.5, 1 ],
			"to": [ 13.5, 3.5, 2 ],
			"faces": {
				"down": { "uv": [ 16, 3, 13, 3.5 ], "texture": "#texture" },
				"up": { "uv": [ 16, 2.5, 13, 3 ], "texture": "#texture" },
				"north": { "uv": [ 13, 2.5, 16, 3.5 ], "texture": "#texture" },
				"south": { "uv": [ 16, 2.5, 13, 3.5 ], "texture": "#texture" },
				"west": { "uv": [ 15.5, 2.5, 16, 3.5 ], "texture": "#texture" },
				"east": { "uv": [ 12.5, 0, 13, 1 ], "texture": "#texture" }
			}
		},
		{
			"__comment": "Box1",
			"from": [ 2.5, 1.5, 1 ],
			"to": [ 7.5, 3.5, 2 ],
			"faces": {
				"down": { "uv": [ 16, 3, 13, 3.5 ], "texture": "#texture" },
				"up": { "uv": [ 13, 2.5, 16, 3 ], "texture": "#texture" },
				"north": { "uv": [ 16, 2.5, 13, 3.5 ], "texture": "#texture" },
				"south": { "uv": [ 13, 2.5, 16, 3.5 ], "texture": "#texture" },
				"west": { "uv": [ 12.5, 0, 13, 1 ], "texture": "#texture" },
				"east": { "uv": [ 15.5, 2.5, 16, 3.5 ], "texture": "#texture" }
			}
		},
		{
			"__comment": "Box1",
			"from": [ -3.5, 1.5, 3.5 ],
			"to": [ 3, 3.5, 4.5 ],
			"rotation": { "origin": [ -3.5, 1.5, 3.5 ], "axis": "y", "angle": 22.5 },
			"faces": {
				"down": { "uv": [ 9, 2, 12.5, 2.5 ], "texture": "#texture" },
				"up": { "uv": [ 9, 2.5, 12.5, 3 ], "texture": "#texture" },
				"north": { "uv": [ 12.5, 2.5, 9, 3.5 ], "texture": "#texture" },
				"south": { "uv": [ 9, 2.5, 12.5, 3.5 ], "texture": "#texture" },
				"west": { "uv": [ 9, 2.5, 9.5, 3.5 ], "texture": "#texture" },
				"east": { "uv": [ 12.5, 0, 13, 1 ], "texture": "#texture" }
			}
		},
		{
			"__comment": "Box1",
			"from": [ -3.5, 5, 3.5 ],
			"to": [ 3, 7, 4.5 ],
			"rotation": { "origin": [ -3.5, 5, 3.5 ], "axis": "y", "angle": 22.5 },
			"faces": {
				"down": { "uv": [ 9, 0.5, 12.5, 1 ], "texture": "#texture" },
				"up": { "uv": [ 9, 1.5, 12.5, 2 ], "texture": "#texture" },
				"north": { "uv": [ 12.5, 0, 9, 1 ], "texture": "#texture" },
				"south": { "uv": [ 9, 0, 12.5, 1 ], "texture": "#texture" },
				"west": { "uv": [ 9, 0, 9.5, 1 ], "texture": "#texture" },
				"east": { "uv": [ 12.5, 0, 13, 1 ], "texture": "#texture" }
			}
		},
		{
			"__comment": "Box1",
			"from": [ -6, 3, 5 ],
			"to": [ 0.5, 5.5, 6 ],
			"rotation": { "origin": [ -6, 3, 5 ], "axis": "y", "angle": 22.5 },
			"faces": {
				"down": { "uv": [ 12.5, 2, 16, 2.5 ], "texture": "#texture" },
				"up": { "uv": [ 12.5, 1, 16, 1.5 ], "texture": "#texture" },
				"north": { "uv": [ 16, 1, 12.5, 2.5 ], "texture": "#texture" },
				"south": { "uv": [ 12.5, 1, 16, 2.5 ], "texture": "#texture" },
				"west": { "uv": [ 12.5, 1, 13, 2.5 ], "texture": "#texture" },
				"east": { "uv": [ 15.5, 1, 16, 2.5 ], "texture": "#texture" }
			}
		},
		{
			"__comment": "Box1",
			"from": [ 7.5, 5.5, 2 ],
			"to": [ 8.5, 6.5, 14 ],
			"faces": {
				"down": { "uv": [ 10, 4.5, 16, 5 ], "texture": "#texture", "rotation": 270 },
				"up": { "uv": [ 10, 4.5, 16, 5 ], "texture": "#texture", "rotation": 90 },
				"north": { "uv": [ 10, 4.5, 10.5, 5 ], "texture": "#texture" },
				"south": { "uv": [ 10, 4.5, 10.5, 5 ], "texture": "#texture" },
				"west": { "uv": [ 10, 4.5, 16, 5 ], "texture": "#texture" },
				"east": { "uv": [ 16, 4.5, 10, 5 ], "texture": "#texture" }
			}
		},
		{
			"__comment": "Box1",
			"from": [ 7, 3.5, 6 ],
			"to": [ 9, 5, 15 ],
			"faces": {
				"down": { "uv": [ 11.5, 6, 16, 7 ], "texture": "#texture", "rotation": 90 },
				"up": { "uv": [ 11.5, 6, 16, 7 ], "texture": "#texture", "rotation": 270 },
				"north": { "uv": [ 7, 11, 9, 12.5 ], "texture": "#texture" },
				"south": { "uv": [ 7, 11, 9, 12.5 ], "texture": "#texture" },
				"west": { "uv": [ 16, 7.5, 11.5, 8.5 ], "texture": "#texture" },
				"east": { "uv": [ 11.5, 7.5, 16, 8.5 ], "texture": "#texture" }
			}
		},
		{
			"__comment": "Box1",
			"from": [ 7, 4, 3 ],
			"to": [ 9, 8, 5 ],
			"rotation": { "origin": [ 7, 4, 3 ], "axis": "x", "angle": 22.5 },
			"faces": {
				"down": { "uv": [ 9.5, 5, 10.5, 6 ], "texture": "#texture" },
				"up": { "uv": [ 9.5, 5, 10.5, 6 ], "texture": "#texture", "rotation": 90 },
				"north": { "uv": [ 8.5, 6, 9.5, 8 ], "texture": "#texture" },
				"south": { "uv": [ 10, 6, 10.5, 8 ], "texture": "#texture" },
				"west": { "uv": [ 9.5, 6, 10.5, 8 ], "texture": "#texture" },
				"east": { "uv": [ 10.5, 6, 9.5, 8 ], "texture": "#texture" }
			}
		},
		{
			"__comment": "Box1",
			"from": [ 6, 2, 13.5 ],
			"to": [ 10, 7, 19 ],
			"faces": {
				"down": { "uv": [ 4, 13.5, 1.499999, 16 ], "texture": "#texture" },
				"up": { "uv": [ 13, 13.5, 10.5, 16 ], "texture": "#texture" },
				"north": { "uv": [ 10, 13.5, 7.499999, 16 ], "texture": "#texture" },
				"south": { "uv": [ 7, 13.5, 4.499999, 16 ], "texture": "#texture" },
				"west": { "uv": [ 13.5, 13.5, 16, 16 ], "texture": "#texture" },
				"east": { "uv": [ 16, 13.5, 13.5, 16 ], "texture": "#texture" }
			}
		},
		{
			"__comment": "Box1",
			"from": [ 6.5, 2.5, 2 ],
			"to": [ 7.5, 3.5, 14 ],
			"faces": {
				"down": { "uv": [ 10, 4, 16, 4.5 ], "texture": "#texture", "rotation": 270 },
				"up": { "uv": [ 10, 4, 16, 4.5 ], "texture": "#texture", "rotation": 90 },
				"north": { "uv": [ 10, 4.5, 10.5, 5 ], "texture": "#texture" },
				"south": { "uv": [ 10, 4.5, 10.5, 5 ], "texture": "#texture" },
				"west": { "uv": [ 10, 4, 16, 4.5 ], "texture": "#texture" },
				"east": { "uv": [ 16, 4, 10, 4.5 ], "texture": "#texture" }
			}
		},
		{
			"__comment": "Box1",
			"from": [ 7.5, -4.125, 18.875 ],
			"to": [ 8.5, 3.375, 22.375 ],
			"rotation": { "origin": [ 7.5, -4.125, 18.875 ], "axis": "x", "angle": -22.5 },
			"faces": {
				"down": { "uv": [ 6.5, 9, 8, 9.5 ], "texture": "#texture" },
				"up": { "uv": [ 6.5, 9, 8, 9.5 ], "texture": "#texture" },
				"north": { "uv": [ 8.5, 9, 9, 13 ], "texture": "#texture" },
				"south": { "uv": [ 8.5, 9, 9, 13 ], "texture": "#texture" },
				"west": { "uv": [ 6.5, 9, 8, 13 ], "texture": "#texture" },
				"east": { "uv": [ 8, 9, 6.5, 13 ], "texture": "#texture" }
			}
		},
		{
			"__comment": "Box1",
			"from": [ 6.5, 4, 19 ],
			"to": [ 9.5, 6.5, 22 ],
			"faces": {
				"down": { "uv": [ 6.5, 8, 8, 8.5 ], "texture": "#texture" },
				"up": { "uv": [ 6.5, 7.5, 8, 8 ], "texture": "#texture" },
				"north": { "uv": [ 6.5, 7.5, 8, 8.5 ], "texture": "#texture" },
				"south": { "uv": [ 6.5, 7.5, 8, 8.5 ], "texture": "#texture" },
				"west": { "uv": [ 6.5, 7.5, 8, 8.5 ], "texture": "#texture" },
				"east": { "uv": [ 6.5, 7.5, 8, 8.5 ], "texture": "#texture" }
			}
		},
		{
			"__comment": "Box1",
			"from": [ 7, 1.5, 26 ],
			"to": [ 9, 6.5, 28.5 ],
			"rotation": { "origin": [ 7, 1.5, 26 ], "axis": "x", "angle": -22.5 },
			"faces": {
				"down": { "uv": [ 4.5, 10.5, 5, 11 ], "texture": "#texture" },
				"up": { "uv": [ 4.5, 10.5, 6, 11 ], "texture": "#texture", "rotation": 90 },
				"north": { "uv": [ 2.5, 10.5, 4, 13 ], "texture": "#texture" },
				"south": { "uv": [ 5.5, 10.5, 6, 13 ], "texture": "#texture" },
				"west": { "uv": [ 4.5, 10.5, 6, 13 ], "texture": "#texture" },
				"east": { "uv": [ 6, 10.5, 4.5, 13 ], "texture": "#texture" }
			}
		},
		{
			"__comment": "Box1",
			"from": [ 5.5, 3.5, 15.5 ],
			"to": [ 6, 8.5, 17.5 ],
			"rotation": { "origin": [ 5.5, 3.5, 15.5 ], "axis": "x", "angle": 22.5 },
			"faces": {
				"down": { "uv": [ 7, 6.5, 8, 7 ], "texture": "#texture", "rotation": 90 },
				"up": { "uv": [ 7.5, 4.5, 8, 5 ], "texture": "#texture" },
				"north": { "uv": [ 8, 4.5, 7.5, 7 ], "texture": "#texture" },
				"south": { "uv": [ 7.5, 4.5, 7, 7 ], "texture": "#texture" },
				"west": { "uv": [ 8, 4.5, 7, 7 ], "texture": "#texture" },
				"east": { "uv": [ 7, 4.5, 8, 7 ], "texture": "#texture" }
			}
		},
		{
			"__comment": "Box1",
			"from": [ 6, 7.5, 17.125 ],
			"to": [ 10, 9, 19.125 ],
			"rotation": { "origin": [ 6, 7.5, 17.125 ], "axis": "x", "angle": 22.5 },
			"faces": {
				"down": { "uv": [ 7, 2, 6, 4 ], "texture": "#texture", "rotation": 90 },
				"up": { "uv": [ 7, 2, 8, 4 ], "texture": "#texture", "rotation": 90 },
				"north": { "uv": [ 7, 2, 6, 4 ], "texture": "#texture", "rotation": 90 },
				"south": { "uv": [ 8, 2, 7, 4 ], "texture": "#texture", "rotation": 90 },
				"west": { "uv": [ 8, 0.5, 7, 1.5 ], "texture": "#texture", "rotation": 90 },
				"east": { "uv": [ 8, 0.5, 7, 1.5 ], "texture": "#texture", "rotation": 90 }
			}
		},
		{
			"__comment": "Box1",
			"from": [ 9.8125, 4, 3.25 ],
			"to": [ 10.3125, 5, 11.25 ],
			"rotation": { "origin": [ 9.8125, 4, 3.25 ], "axis": "y", "angle": 45 },
			"faces": {
				"down": { "uv": [ 10.5, 5, 14.5, 5.5 ], "texture": "#texture", "rotation": 270 },
				"up": { "uv": [ 10.5, 5, 14.5, 5.5 ], "texture": "#texture", "rotation": 90 },
				"north": { "uv": [ 10.5, 5, 11, 5.5 ], "texture": "#texture", "rotation": 270 },
				"south": { "uv": [ 14, 5, 14.5, 5.5 ], "texture": "#texture", "rotation": 270 },
				"west": { "uv": [ 10.5, 5, 14.5, 5.5 ], "texture": "#texture" },
				"east": { "uv": [ 10.5, 5, 14.5, 5.5 ], "texture": "#texture", "rotation": 180 }
			}
		},
		{
			"__comment": "Box1",
			"from": [ 5.8125, 4, 2.9375 ],
			"to": [ 6.3125, 5, 10.9375 ],
			"rotation": { "origin": [ 5.8125, 4, 2.9375 ], "axis": "y", "angle": -45 },
			"faces": {
				"down": { "uv": [ 10.5, 5, 14.5, 5.5 ], "texture": "#texture", "rotation": 270 },
				"up": { "uv": [ 10.5, 5, 14.5, 5.5 ], "texture": "#texture", "rotation": 90 },
				"north": { "uv": [ 10.5, 5, 11, 5.5 ], "texture": "#texture", "rotation": 270 },
				"south": { "uv": [ 14, 5, 14.5, 5.5 ], "texture": "#texture", "rotation": 270 },
				"west": { "uv": [ 10.5, 5, 14.5, 5.5 ], "texture": "#texture" },
				"east": { "uv": [ 10.5, 5, 14.5, 5.5 ], "texture": "#texture", "rotation": 180 }
			}
		},
		{
			"__comment": "Box1",
			"from": [ 8.9375, 1.1875, 1 ],
			"to": [ 12.9375, 1.6875, 2 ],
			"rotation": { "origin": [ 8.9375, 1.1875, 1 ], "axis": "z", "angle": -45 },
			"faces": {
				"down": { "uv": [ 10.5, 5.5, 12.5, 6 ], "texture": "#texture" },
				"up": { "uv": [ 10.5, 5.5, 12.5, 6 ], "texture": "#texture" },
				"north": { "uv": [ 12.5, 5.5, 10.5, 6 ], "texture": "#texture" },
				"south": { "uv": [ 10.5, 5.5, 12.5, 6 ], "texture": "#texture" },
				"west": { "uv": [ 10.5, 5.5, 11, 6 ], "texture": "#texture", "rotation": 270 },
				"east": { "uv": [ 12, 5.5, 12.5, 6 ], "texture": "#texture", "rotation": 270 }
			}
		},
		{
			"__comment": "Box1",
			"from": [ 2.6875, 1.0625, 1 ],
			"to": [ 6.6875, 1.5625, 2 ],
			"rotation": { "origin": [ 6.6875, 1.5625, 1 ], "axis": "z", "angle": 45 },
			"faces": {
				"down": { "uv": [ 10.5, 5.5, 12.5, 6 ], "texture": "#texture", "rotation": 180 },
				"up": { "uv": [ 10.5, 5.5, 12.5, 6 ], "texture": "#texture", "rotation": 180 },
				"north": { "uv": [ 10.5, 6, 12.5, 5.5 ], "texture": "#texture" },
				"south": { "uv": [ 12.5, 6, 10.5, 5.5 ], "texture": "#texture" },
				"west": { "uv": [ 12, 5.5, 12.5, 6 ], "texture": "#texture", "rotation": 90 },
				"east": { "uv": [ 10.5, 5.5, 11, 6 ], "texture": "#texture", "rotation": 90 }
			}
		},
		{
			"__comment": "Box1",
			"from": [ 9.3125, 6.9375, 1 ],
			"to": [ 13.3125, 7.4375, 2 ],
			"rotation": { "origin": [ 9.3125, 6.9375, 1 ], "axis": "z", "angle": 45 },
			"faces": {
				"down": { "uv": [ 10.5, 5.5, 12.5, 6 ], "texture": "#texture" },
				"up": { "uv": [ 10.5, 5.5, 12.5, 6 ], "texture": "#texture" },
				"north": { "uv": [ 12.5, 5.5, 10.5, 6 ], "texture": "#texture" },
				"south": { "uv": [ 10.5, 5.5, 12.5, 6 ], "texture": "#texture" },
				"west": { "uv": [ 10.5, 5.5, 11, 6 ], "texture": "#texture", "rotation": 270 },
				"east": { "uv": [ 12, 5.5, 12.5, 6 ], "texture": "#texture", "rotation": 270 }
			}
		},
		{
			"__comment": "Box1",
			"from": [ 3.125, 6.75, 1 ],
			"to": [ 7.125, 7.25, 2 ],
			"rotation": { "origin": [ 7.125, 7.25, 1 ], "axis": "z", "angle": -45 },
			"faces": {
				"down": { "uv": [ 10.5, 5.5, 12.5, 6 ], "texture": "#texture", "rotation": 180 },
				"up": { "uv": [ 10.5, 5.5, 12.5, 6 ], "texture": "#texture", "rotation": 180 },
				"north": { "uv": [ 10.5, 6, 12.5, 5.5 ], "texture": "#texture" },
				"south": { "uv": [ 12.5, 6, 10.5, 5.5 ], "texture": "#texture" },
				"west": { "uv": [ 12, 5.5, 12.5, 6 ], "texture": "#texture", "rotation": 90 },
				"east": { "uv": [ 10.5, 5.5, 11, 6 ], "texture": "#texture", "rotation": 90 }
			}
		}
	],
	"display": {
		"thirdperson_righthand": {
			"translation":  [ 0, 4.1739, -4.868 ],
			"scale":  [ 0.6, 0.6, 0.6 ]
		},
		"thirdperson_lefthand": {
			"translation":  [ 0, 4.1739, -4.868 ],
			"scale":  [ 0.6, 0.6, 0.6 ]
		},
		"firstperson_righthand": {
			"rotation":  [ 25, 14, 5 ],
			"translation":  [ -4.7, 5.5652, -3.478 ]
		},
		"firstperson_lefthand": {
			"rotation":  [ 25, 14, 5 ],
			"translation":  [ -4.7, 5.5652, -3.478 ]
		},
		"gui": {
			"rotation":  [ 30, 225, 0 ],
			"translation":  [ 0.7, 0.6956, 1.3913 ],
			"scale":  [ 0.5, 0.5, 0.5 ]
		},
		"head": {
			"rotation":  [ 127, 0, 0 ],
			"translation":  [ 0, 10.434, 3.4791 ],
			"scale":  [ 0.6, 0.6, 0.6 ]
		},
		"ground": {
			"translation":  [ 0, 5.5652, -2.086 ],
			"scale":  [ 0.6, 0.6, 0.6 ]
		},
		"fixed": {
			"rotation":  [ 90, 180, 180 ],
			"translation":  [ 0, -6.961, -4.869 ],
			"scale":  [ 1.3, 1.3, 1.3 ]
		}
	}
}