{
	"parent": "item/handheld",

	"textures": {
		"layer0": "item/carrot_on_a_stick"
	},

	"overrides": [
		{ "predicate": {"damaged": 0, "damage": 0}, "model": "item/carrot_on_a_stick"},

		{ "predicate": {"damaged": 0, "damage": 0.04}, "model": "item/carrotonstick/blue_gun"},

		{ "predicate": {"damaged": 0, "damage": 0.08}, "model": "item/carrotonstick/blue_rifle"},

		{ "predicate": {"damaged": 0, "damage": 0.12}, "model": "item/carrotonstick/yellow_gun"},

		{ "predicate": {"damaged": 0, "damage": 0.16}, "model": "item/carrotonstick/yellow_rifle"},

		{ "predicate": {"damaged": 0, "damage": 0.2}, "model": "item/carrotonstick/comparator"},

		{ "predicate": {"damaged": 0, "damage": 0.24}, "model": "item/carrotonstick/repeater_1tick"},

		{ "predicate": {"damaged": 0, "damage": 0.28}, "model": "item/carrotonstick/repeater_on_1tick"},

		{ "predicate": {"damaged": 0, "damage": 0.32}, "model": "item/carrotonstick/repeater_2tick"},

		{ "predicate": {"damaged": 0, "damage": 0.36}, "model": "item/carrotonstick/repeater_on_2tick"},

		{ "predicate": {"damaged": 0, "damage": 0.4}, "model": "item/carrotonstick/repeater_3tick"},

		{ "predicate": {"damaged": 0, "damage": 0.44}, "model": "item/carrotonstick/repeater_on_3tick"}
	]
}