{
	"__comment": "Designed by Galingueur with Cubik Studio - https://cubik.studio",
	"textures": {
		"particle": "block/i_rifle",
		"texture": "block/i_rifle"
	},
	"elements": [ 	 
		{
			"__comment": "Cube1",
			"from": [ 20, 9, 1 ],
			"to": [ 21, 10, 3 ],
			"faces": {
				"down": { "uv": [ 14, 11, 14.5, 11.5 ], "texture": "#texture" },
				"up": { "uv": [ 14, 11, 14.5, 11.5 ], "texture": "#texture" },
				"north": { "uv": [ 14, 11, 14.5, 11.5 ], "texture": "#texture" },
				"south": { "uv": [ 14, 11, 14.5, 11.5 ], "texture": "#texture" },
				"west": { "uv": [ 14, 11, 14.5, 11.5 ], "texture": "#texture" },
				"east": { "uv": [ 14, 11, 14.5, 11.5 ], "texture": "#texture" }
			}
		},
		{
			"__comment": "Cube1",
			"from": [ 10, 5, 1.5 ],
			"to": [ 17, 6, 2.5 ],
			"faces": {
				"down": { "uv": [ 8.5, 12.5, 13, 13 ], "texture": "#texture" },
				"up": { "uv": [ 8.5, 12.5, 13, 13 ], "texture": "#texture" },
				"north": { "uv": [ 9, 13, 12.5, 13.5 ], "texture": "#texture" },
				"south": { "uv": [ 9, 13, 12.5, 13.5 ], "texture": "#texture" },
				"west": { "uv": [ 10, 12.5, 12, 13 ], "texture": "#texture" },
				"east": { "uv": [ 10, 12.5, 11.5, 13 ], "texture": "#texture" }
			}
		},
		{
			"__comment": "Cube1",
			"from": [ 3, 8.5, 1.5 ],
			"to": [ 7, 9.5, 2.5 ],
			"faces": {
				"down": { "uv": [ 10, 13, 16, 15 ], "texture": "#texture" },
				"up": { "uv": [ 5.5, 8.5, 7.5, 9.5 ], "texture": "#texture" },
				"north": { "uv": [ 5.5, 10, 7.5, 10.5 ], "texture": "#texture" },
				"south": { "uv": [ 5.5, 10, 7.5, 10.5 ], "texture": "#texture" },
				"west": { "uv": [ 13, 6.5, 14.5, 7.5 ], "texture": "#texture" },
				"east": { "uv": [ 13, 6.5, 14.5, 7.5 ], "texture": "#texture" }
			}
		},
		{
			"__comment": "Cube1",
			"from": [ 8, 5, 0.5 ],
			"to": [ 9, 6, 3.5 ],
			"faces": {
				"down": { "uv": [ 8, 13, 8.5, 13.5 ], "texture": "#texture" },
				"up": { "uv": [ 8, 13, 8.5, 13.5 ], "texture": "#texture" },
				"north": { "uv": [ 8, 13, 8.5, 13.5 ], "texture": "#texture" },
				"south": { "uv": [ 8, 13, 8.5, 13.5 ], "texture": "#texture" },
				"west": { "uv": [ 8, 13, 8.5, 13.5 ], "texture": "#texture" },
				"east": { "uv": [ 8, 13, 8.5, 13.5 ], "texture": "#texture" }
			}
		},
		{
			"__comment": "Cube1",
			"from": [ 9, 6, 1.5 ],
			"to": [ 18, 7, 2.5 ],
			"faces": {
				"down": { "uv": [ 8.5, 12.5, 13, 13 ], "texture": "#texture" },
				"up": { "uv": [ 8.5, 12.5, 13, 13 ], "texture": "#texture" },
				"north": { "uv": [ 8.5, 12.5, 13, 13 ], "texture": "#texture" },
				"south": { "uv": [ 8.5, 12.5, 13, 13 ], "texture": "#texture" },
				"west": { "uv": [ 8.500001, 12.5, 10.5, 13 ], "texture": "#texture" },
				"east": { "uv": [ 8.499999, 12.5, 10.5, 13 ], "texture": "#texture" }
			}
		},
		{
			"__comment": "Cube1",
			"from": [ 10, 7, 1 ],
			"to": [ 21, 9, 3 ],
			"faces": {
				"down": { "uv": [ 9, 12, 14.5, 12.5 ], "texture": "#texture" },
				"up": { "uv": [ 9, 11.5, 14.5, 12 ], "texture": "#texture" },
				"north": { "uv": [ 9, 11.5, 14.5, 12.5 ], "texture": "#texture" },
				"south": { "uv": [ 9, 11.5, 14.5, 12.5 ], "texture": "#texture" },
				"west": { "uv": [ 14.5, 0.5, 15.5, 1.5 ], "texture": "#texture" },
				"east": { "uv": [ 11.5, 9.5, 13, 11 ], "texture": "#texture" }
			}
		},
		{
			"__comment": "Cube1",
			"from": [ 2, 9, 1 ],
			"to": [ 8, 10, 3 ],
			"faces": {
				"down": { "uv": [ 5, 9.5, 8, 10 ], "texture": "#texture" },
				"up": { "uv": [ 5, 9.5, 8, 10 ], "texture": "#texture" },
				"north": { "uv": [ 5, 10.5, 8, 11 ], "texture": "#texture" },
				"south": { "uv": [ 5, 10.5, 8, 11 ], "texture": "#texture" },
				"west": { "uv": [ 13, 8, 14.5, 8.5 ], "texture": "#texture" },
				"east": { "uv": [ 13, 8, 14.5, 8.5 ], "texture": "#texture" }
			}
		},
		{
			"__comment": "Cube1",
			"from": [ 11, 4, 1 ],
			"to": [ 16, 6, 3 ],
			"faces": {
				"down": { "uv": [ 9.5, 13.5, 12, 14 ], "texture": "#texture" },
				"up": { "uv": [ 9.5, 13, 12, 13.5 ], "texture": "#texture" },
				"north": { "uv": [ 9.5, 13, 12, 14 ], "texture": "#texture" },
				"south": { "uv": [ 9.5, 13, 12, 14 ], "texture": "#texture" },
				"west": { "uv": [ 9.5, 13, 10, 14 ], "texture": "#texture" },
				"east": { "uv": [ 9.5, 13, 10, 14 ], "texture": "#texture" }
			}
		},
		{
			"__comment": "Cube1",
			"from": [ 0, 5, 1 ],
			"to": [ 1, 7, 3 ],
			"faces": {
				"down": { "uv": [ 4, 12.5, 4.5, 13.5 ], "texture": "#texture" },
				"up": { "uv": [ 4, 12.5, 4.5, 13.5 ], "texture": "#texture" },
				"north": { "uv": [ 4, 12.5, 4.5, 13.5 ], "texture": "#texture" },
				"south": { "uv": [ 4, 12.5, 4.5, 13.5 ], "texture": "#texture" },
				"west": { "uv": [ 4, 12.5, 4.5, 13.5 ], "texture": "#texture" },
				"east": { "uv": [ 4, 12.5, 4.5, 13.5 ], "texture": "#texture" }
			}
		},
		{
			"__comment": "Cube1",
			"from": [ 4, 2, 0.5 ],
			"to": [ 7, 3, 3.5 ],
			"faces": {
				"down": { "uv": [ 6, 14.5, 7.5, 15 ], "texture": "#texture" },
				"up": { "uv": [ 6, 14.5, 7.5, 15 ], "texture": "#texture" },
				"north": { "uv": [ 7.5, 14.5, 6, 15 ], "texture": "#texture" },
				"south": { "uv": [ 6, 14.5, 7.5, 15 ], "texture": "#texture" },
				"west": { "uv": [ 6, 14.5, 6.5, 15 ], "texture": "#texture" },
				"east": { "uv": [ 7, 14.5, 7.5, 15 ], "texture": "#texture" }
			}
		},
		{
			"__comment": "Cube1",
			"from": [ 4, 3, 0.5 ],
			"to": [ 5, 4, 3.5 ],
			"faces": {
				"down": { "uv": [ 6, 14, 6.5, 14.5 ], "texture": "#texture" },
				"up": { "uv": [ 6, 14, 7, 14 ], "texture": "#texture" },
				"north": { "uv": [ 6, 14, 6.5, 14.5 ], "texture": "#texture" },
				"south": { "uv": [ 6, 14, 6.5, 14.5 ], "texture": "#texture" },
				"west": { "uv": [ 6, 14, 6.5, 14.5 ], "texture": "#texture" },
				"east": { "uv": [ 6, 14, 6.5, 14.5 ], "texture": "#texture" }
			}
		},
		{
			"__comment": "Cube1",
			"from": [ 5, 3, 0.5 ],
			"to": [ 8, 6, 3.5 ],
			"faces": {
				"down": { "uv": [ 6.5, 14, 8, 14.5 ], "texture": "#texture" },
				"up": { "uv": [ 6.5, 13, 8, 13.5 ], "texture": "#texture" },
				"north": { "uv": [ 8, 13, 6.5, 14.5 ], "texture": "#texture" },
				"south": { "uv": [ 6.5, 13, 8, 14.5 ], "texture": "#texture" },
				"west": { "uv": [ 6.5, 13, 7, 14.5 ], "texture": "#texture" },
				"east": { "uv": [ 7.5, 13, 8, 14.5 ], "texture": "#texture" }
			}
		},
		{
			"__comment": "Cube1",
			"from": [ -1, 7, 0 ],
			"to": [ 10, 9, 4 ],
			"faces": {
				"down": { "uv": [ 8.5, 12, 9, 12.5 ], "texture": "#texture" },
				"up": { "uv": [ 8.5, 11.5, 9, 12.5 ], "texture": "#texture" },
				"north": { "uv": [ 9, 11.5, 3.5, 12.5 ], "texture": "#texture" },
				"south": { "uv": [ 3.5, 11.5, 9, 12.5 ], "texture": "#texture" },
				"west": { "uv": [ 3.5, 11.5, 4, 12.5 ], "texture": "#texture" },
				"east": { "uv": [ 8.5, 11.5, 9, 12.5 ], "texture": "#texture" }
			}
		},
		{
			"__comment": "Cube1",
			"from": [ 0, 8.5, 0.5 ],
			"to": [ 9, 9.5, 3.5 ],
			"faces": {
				"down": { "uv": [ 10, 13, 16, 15 ], "texture": "#texture" },
				"up": { "uv": [ 4.5, 11, 8.5, 11.5 ], "texture": "#texture" },
				"north": { "uv": [ 4, 11, 8.5, 11.5 ], "texture": "#texture" },
				"south": { "uv": [ 4, 11, 8.5, 11.5 ], "texture": "#texture" },
				"west": { "uv": [ 4, 8, 4.5, 10 ], "texture": "#texture" },
				"east": { "uv": [ 8, 8, 8.5, 10 ], "texture": "#texture" }
			}
		},
		{
			"__comment": "Cube1",
			"from": [ 1, 6, 0 ],
			"to": [ 9, 7, 4 ],
			"faces": {
				"down": { "uv": [ 4.5, 12.5, 8.5, 13 ], "texture": "#texture" },
				"up": { "uv": [ 4.5, 12.5, 8.5, 13 ], "texture": "#texture" },
				"north": { "uv": [ 8.5, 12.5, 4.5, 13 ], "texture": "#texture" },
				"south": { "uv": [ 4.5, 12.5, 8.5, 13 ], "texture": "#texture" },
				"west": { "uv": [ 8, 12.5, 8.5, 13 ], "texture": "#texture" },
				"east": { "uv": [ 8, 12.5, 8.5, 13 ], "texture": "#texture" }
			}
		},
		{
			"__comment": "Cube1",
			"from": [ 1, 5, 0 ],
			"to": [ 4, 6, 4 ],
			"faces": {
				"down": { "uv": [ 4.5, 13, 6, 13.5 ], "texture": "#texture" },
				"up": { "uv": [ 4.5, 13, 6, 13.5 ], "texture": "#texture" },
				"north": { "uv": [ 6, 13, 4.5, 13.5 ], "texture": "#texture" },
				"south": { "uv": [ 4.5, 13, 6, 13.5 ], "texture": "#texture" },
				"west": { "uv": [ 4.5, 13, 5, 13.5 ], "texture": "#texture" },
				"east": { "uv": [ 5.5, 13, 6, 13.5 ], "texture": "#texture" }
			}
		},
		{
			"__comment": "Cube1",
			"from": [ -6, 5, 1 ],
			"to": [ -3, 8, 3 ],
			"faces": {
				"down": { "uv": [ 1.5, 8.5, 2.5, 9.5 ], "texture": "#texture" },
				"up": { "uv": [ 1, 8.5, 2.5, 9.5 ], "texture": "#texture" },
				"north": { "uv": [ 2.5, 12, 1, 13.5 ], "texture": "#texture" },
				"south": { "uv": [ 1, 12, 2.5, 13.5 ], "texture": "#texture" },
				"west": { "uv": [ 1, 12, 1.5, 13.5 ], "texture": "#texture" },
				"east": { "uv": [ 2, 12, 2.5, 13.5 ], "texture": "#texture" }
			}
		},
		{
			"__comment": "Cube1",
			"from": [ -2, 2, 1 ],
			"to": [ 0, 3, 3 ],
			"faces": {
				"down": { "uv": [ 3, 14, 4, 14.5 ], "texture": "#texture" },
				"up": { "uv": [ 3, 14, 4, 14.5 ], "texture": "#texture" },
				"north": { "uv": [ 4, 14.5, 3, 15 ], "texture": "#texture" },
				"south": { "uv": [ 3, 14.5, 4, 15 ], "texture": "#texture" },
				"west": { "uv": [ 3, 14.5, 3.5, 15 ], "texture": "#texture" },
				"east": { "uv": [ 3.5, 14.5, 4, 15 ], "texture": "#texture" }
			}
		},
		{
			"__comment": "Cube1",
			"from": [ -2, 3, 1 ],
			"to": [ 1, 4, 3 ],
			"faces": {
				"down": { "uv": [ 3.5, 13.5, 5, 14 ], "texture": "#texture" },
				"up": { "uv": [ 3.5, 13.5, 5, 14 ], "texture": "#texture" },
				"north": { "uv": [ 5, 13.5, 3.5, 14 ], "texture": "#texture" },
				"south": { "uv": [ 3.5, 13.5, 5, 14 ], "texture": "#texture" },
				"west": { "uv": [ 3.5, 13.5, 4, 14 ], "texture": "#texture" },
				"east": { "uv": [ 4.5, 13.5, 5, 14 ], "texture": "#texture" }
			}
		},
		{
			"__comment": "Cube1",
			"from": [ -6, 8, 1 ],
			"to": [ -4, 9, 3 ],
			"faces": {
				"down": { "uv": [ 1, 11.5, 2, 12 ], "texture": "#texture" },
				"up": { "uv": [ 1, 8.5, 2, 9.5 ], "texture": "#texture" },
				"north": { "uv": [ 1, 11.5, 2, 12 ], "texture": "#texture" },
				"south": { "uv": [ 1, 11.5, 2, 12 ], "texture": "#texture" },
				"west": { "uv": [ 1.5, 11.5, 2, 12 ], "texture": "#texture" },
				"east": { "uv": [ 1.5, 11.5, 2, 12 ], "texture": "#texture" }
			}
		},
		{
			"__comment": "Cube1",
			"from": [ -3, 7, 1 ],
			"to": [ -1, 8, 3 ],
			"faces": {
				"down": { "uv": [ 2.5, 8, 3.5, 10 ], "texture": "#texture" },
				"up": { "uv": [ 2.5, 8, 3.5, 10 ], "texture": "#texture" },
				"north": { "uv": [ 2.5, 12, 3.5, 12.5 ], "texture": "#texture" },
				"south": { "uv": [ 2.5, 12, 3.5, 12.5 ], "texture": "#texture" },
				"west": { "uv": [ 2.5, 12, 3.5, 12.5 ], "texture": "#texture" },
				"east": { "uv": [ 2.5, 12, 3.5, 12.5 ], "texture": "#texture" }
			}
		},
		{
			"__comment": "Cube1",
			"from": [ -3, 5, 1 ],
			"to": [ -2, 7, 3 ],
			"faces": {
				"down": { "uv": [ 2.5, 13, 3, 13.5 ], "texture": "#texture" },
				"up": { "uv": [ 2.5, 12.5, 3, 13 ], "texture": "#texture" },
				"north": { "uv": [ 2.5, 12.5, 3, 13.5 ], "texture": "#texture" },
				"south": { "uv": [ 2.5, 12.5, 3, 13.5 ], "texture": "#texture" },
				"west": { "uv": [ 2.5, 12.5, 3, 13.5 ], "texture": "#texture" },
				"east": { "uv": [ 2.5, 12.5, 3, 13.5 ], "texture": "#texture" }
			}
		},
		{
			"__comment": "Cube1",
			"from": [ -5, 4, 1 ],
			"to": [ -3, 5, 3 ],
			"faces": {
				"down": { "uv": [ 1.5, 13.5, 2.5, 14 ], "texture": "#texture" },
				"up": { "uv": [ 1.5, 13.5, 2.5, 14 ], "texture": "#texture" },
				"north": { "uv": [ 1.5, 13.5, 2.5, 14 ], "texture": "#texture" },
				"south": { "uv": [ 1.5, 13.5, 2.5, 14 ], "texture": "#texture" },
				"west": { "uv": [ 1.5, 13.5, 2.5, 14 ], "texture": "#texture" },
				"east": { "uv": [ 1.5, 13.5, 2.5, 14 ], "texture": "#texture" }
			}
		},
		{
			"__comment": "Cube1",
			"from": [ -1, 4, 1 ],
			"to": [ 2, 5, 3 ],
			"faces": {
				"down": { "uv": [ 3.5, 13.5, 5, 14 ], "texture": "#texture" },
				"up": { "uv": [ 3.5, 13.5, 5, 14 ], "texture": "#texture" },
				"north": { "uv": [ 5, 13.5, 3.5, 14 ], "texture": "#texture" },
				"south": { "uv": [ 3.5, 13.5, 5, 14 ], "texture": "#texture" },
				"west": { "uv": [ 3.5, 13.5, 4, 14 ], "texture": "#texture" },
				"east": { "uv": [ 4.5, 13.5, 5, 14 ], "texture": "#texture" }
			}
		}
	],
	"display": {
		"thirdperson_righthand": {
			"rotation":  [ 0, 90, 0 ],
			"translation":  [ 3.956, 2.6373, -3.076 ],
			"scale":  [ 0.7, 0.7, 0.7 ]
		},
		"thirdperson_lefthand": {
			"rotation":  [ 0, -90, 0 ],
			"translation":  [ -3.956, 2.6373, -3.076 ],
			"scale":  [ 0.7, 0.7, 0.7 ]
		},
		"firstperson_righthand": {
			"rotation":  [ 0, 90, 0 ],
			"translation":  [ 1.5, 4.5, 0 ]
		},
		"firstperson_lefthand": {
			"rotation":  [ 0, -90, 0 ],
			"translation":  [ -9.928, 4.5, 0 ]
		},
		"gui": {
			"rotation":  [ 0, 0, 39 ],
			"translation":  [ 0.2, 0.8, 0 ],
			"scale":  [ 0.7, 0.7, 0.7 ]
		},
		"head": {
			"rotation":  [ 0, 90, 0 ],
			"translation":  [ 6.1538, 8.7912, -7.912 ]
		},
		"ground": {
			"translation":  [ -0.439, 6.1538, 6.1538 ]
		},
		"fixed": {
			"translation":  [ 12, 2.6373, 10 ],
			"scale":  [ 2, 2, 2 ]
		}
	}
}