{
	"__comment": "Designed by Galingueur with Cubik Studio - https://cubik.studio",
	"textures": {
		"texture": "item/m_diamondtools_02"
	},
	"elements": [
		{
			"__comment": "Cube2",
			"from": [ 7.5, 1, 9.5 ],
			"to": [ 9, 2, 10.5 ],
			"faces": {
				"down": { "uv": [ 5, 14.5, 5.5, 15 ], "texture": "#texture" },
				"up": { "uv": [ 5, 14.5, 5.5, 15 ], "texture": "#texture" },
				"north": { "uv": [ 5, 14.5, 5.5, 15 ], "texture": "#texture" },
				"south": { "uv": [ 5, 14.5, 5.5, 15 ], "texture": "#texture" },
				"west": { "uv": [ 5, 14.5, 5.5, 15 ], "texture": "#texture" },
				"east": { "uv": [ 5, 14.5, 5.5, 15 ], "texture": "#texture" }
			}
		},
		{
			"__comment": "Cube2",
			"from": [ 7, 3, 6.5 ],
			"to": [ 9.5, 16, 9.5 ],
			"faces": {
				"down": { "uv": [ 4, 14, 4.5, 14.5 ], "texture": "#texture" },
				"up": { "uv": [ 4, 8, 4.5, 8.5 ], "texture": "#texture" },
				"north": { "uv": [ 4, 8.5, 5.5, 14.5 ], "texture": "#texture" },
				"south": { "uv": [ 4, 8.5, 5.5, 14.5 ], "texture": "#texture" },
				"west": { "uv": [ 4, 8.5, 5.5, 14.5 ], "texture": "#texture" },
				"east": { "uv": [ 4, 8.5, 5.5, 14.5 ], "texture": "#texture" }
			}
		},
		{
			"__comment": "Cube2",
			"from": [ 7.5, 2, 5.5 ],
			"to": [ 9, 3, 10.5 ],
			"faces": {
				"down": { "uv": [ 5, 14.5, 5.5, 15 ], "texture": "#texture" },
				"up": { "uv": [ 5, 14.5, 5.5, 15 ], "texture": "#texture" },
				"north": { "uv": [ 5, 14.5, 5.5, 15 ], "texture": "#texture" },
				"south": { "uv": [ 5, 14.5, 5.5, 15 ], "texture": "#texture" },
				"west": { "uv": [ 5, 14.5, 5.5, 15 ], "texture": "#texture" },
				"east": { "uv": [ 5, 14.5, 5.5, 15 ], "texture": "#texture" }
			}
		},
		{
			"__comment": "Cube2",
			"from": [ 7.5, 0, 5.5 ],
			"to": [ 9, 1, 10.5 ],
			"faces": {
				"down": { "uv": [ 5, 14.5, 5.5, 15 ], "texture": "#texture" },
				"up": { "uv": [ 5, 14.5, 5.5, 15 ], "texture": "#texture" },
				"north": { "uv": [ 5, 14.5, 5.5, 15 ], "texture": "#texture" },
				"south": { "uv": [ 5, 14.5, 5.5, 15 ], "texture": "#texture" },
				"west": { "uv": [ 5, 14.5, 5.5, 15 ], "texture": "#texture" },
				"east": { "uv": [ 5, 14.5, 5.5, 15 ], "texture": "#texture" }
			}
		},
		{
			"__comment": "Cube2",
			"from": [ 7.5, 1, 5.5 ],
			"to": [ 9, 2, 6.5 ],
			"faces": {
				"down": { "uv": [ 12, 7.5, 12.5, 8 ], "texture": "#texture" },
				"up": { "uv": [ 5, 14.5, 5.5, 15 ], "texture": "#texture" },
				"north": { "uv": [ 5, 14.5, 5.5, 15 ], "texture": "#texture" },
				"south": { "uv": [ 5, 14.5, 5.5, 15 ], "texture": "#texture" },
				"west": { "uv": [ 5, 14.5, 5.5, 15 ], "texture": "#texture" },
				"east": { "uv": [ 12, 7.5, 12.5, 8 ], "texture": "#texture" }
			}
		},
		{
			"__comment": "Cube2",
			"from": [ 7.5, 15, 2.5 ],
			"to": [ 9, 16, 3.5 ],
			"faces": {
				"down": { "uv": [ 2, 8, 2.5, 8.5 ], "texture": "#texture" },
				"up": { "uv": [ 2, 8, 2.5, 8.5 ], "texture": "#texture" },
				"north": { "uv": [ 2, 8, 2.5, 8.5 ], "texture": "#texture" },
				"south": { "uv": [ 2, 8, 2.5, 8.5 ], "texture": "#texture" },
				"west": { "uv": [ 2, 8, 2.5, 8.5 ], "texture": "#texture" },
				"east": { "uv": [ 2, 8, 2.5, 8.5 ], "texture": "#texture" }
			}
		},
		{
			"__comment": "PlaneX1",
			"from": [ 8.5, 15, -1.5 ],
			"to": [ 8.501, 21, 4.5 ],
			"faces": {
				"west": { "uv": [ 0, 5.5, 3, 8.5 ], "texture": "#texture" },
				"east": { "uv": [ 3, 5.5, 0, 8.5 ], "texture": "#texture" }
			}
		},
		{
			"__comment": "Cube2",
			"from": [ 7, 20, 8.5 ],
			"to": [ 9.5, 21, 9.5 ],
			"faces": {
				"down": { "uv": [ 4, 7, 5, 7.5 ], "texture": "#texture", "rotation": 90 },
				"up": { "uv": [ 4, 7, 5, 7.5 ], "texture": "#texture", "rotation": 90 },
				"north": { "uv": [ 4, 7, 5, 7.5 ], "texture": "#texture", "rotation": 90 },
				"south": { "uv": [ 4, 7, 5, 7.5 ], "texture": "#texture", "rotation": 90 },
				"west": { "uv": [ 4, 7, 5, 7.5 ], "texture": "#texture", "rotation": 90 },
				"east": { "uv": [ 4, 7, 5, 7.5 ], "texture": "#texture", "rotation": 90 }
			}
		},
		{
			"__comment": "Cube2",
			"from": [ 8, 20, 3.5 ],
			"to": [ 8.5, 22, 4.5 ],
			"faces": {
				"down": { "uv": [ 3, 6, 3.5, 6.5 ], "texture": "#texture" },
				"up": { "uv": [ 3, 5.5, 3.5, 6 ], "texture": "#texture", "rotation": 90 },
				"north": { "uv": [ 3, 5.5, 3.5, 6.5 ], "texture": "#texture" },
				"south": { "uv": [ 3, 5.5, 3.5, 6.5 ], "texture": "#texture" },
				"west": { "uv": [ 3, 5.5, 3.5, 6.5 ], "texture": "#texture" },
				"east": { "uv": [ 3, 5.5, 3.5, 6.5 ], "texture": "#texture" }
			}
		},
		{
			"__comment": "Cube2",
			"from": [ 7.5, 15, 3.5 ],
			"to": [ 9, 17, 4.5 ],
			"faces": {
				"down": { "uv": [ 3, 7, 3.5, 7.5 ], "texture": "#texture" },
				"up": { "uv": [ 3, 7.5, 3.5, 8 ], "texture": "#texture", "rotation": 90 },
				"north": { "uv": [ 3, 7, 3.5, 8 ], "texture": "#texture" },
				"south": { "uv": [ 3, 7, 3.5, 8 ], "texture": "#texture" },
				"west": { "uv": [ 3, 7, 3.5, 8 ], "texture": "#texture" },
				"east": { "uv": [ 3, 7, 3.5, 8 ], "texture": "#texture" }
			}
		},
		{
			"__comment": "Cube2",
			"from": [ 7.5, 16, 4.5 ],
			"to": [ 9, 18, 5.5 ],
			"faces": {
				"down": { "uv": [ 3, 7, 3.5, 7.5 ], "texture": "#texture" },
				"up": { "uv": [ 3, 7.5, 3.5, 8 ], "texture": "#texture", "rotation": 90 },
				"north": { "uv": [ 3, 7, 3.5, 8 ], "texture": "#texture" },
				"south": { "uv": [ 3, 7, 3.5, 8 ], "texture": "#texture" },
				"west": { "uv": [ 3, 7, 3.5, 8 ], "texture": "#texture" },
				"east": { "uv": [ 3, 7, 3.5, 8 ], "texture": "#texture" }
			}
		},
		{
			"__comment": "Cube2",
			"from": [ 7.5, 19, 4.5 ],
			"to": [ 9, 21, 5.5 ],
			"faces": {
				"down": { "uv": [ 3, 6, 3.5, 6.5 ], "texture": "#texture" },
				"up": { "uv": [ 3, 5.5, 3.5, 6 ], "texture": "#texture", "rotation": 90 },
				"north": { "uv": [ 3, 5.5, 3.5, 6.5 ], "texture": "#texture" },
				"south": { "uv": [ 3, 5.5, 3.5, 6.5 ], "texture": "#texture" },
				"west": { "uv": [ 3, 5.5, 3.5, 6.5 ], "texture": "#texture" },
				"east": { "uv": [ 3, 5.5, 3.5, 6.5 ], "texture": "#texture" }
			}
		},
		{
			"__comment": "Cube2",
			"from": [ 7, 16, 5.5 ],
			"to": [ 9.5, 19, 10.5 ],
			"faces": {
				"down": { "uv": [ 3.5, 7.5, 6, 8 ], "texture": "#texture" },
				"up": { "uv": [ 3.5, 6.5, 6, 7 ], "texture": "#texture", "rotation": 90 },
				"north": { "uv": [ 3.5, 6.5, 4, 8 ], "texture": "#texture" },
				"south": { "uv": [ 3.5, 6.5, 4, 8 ], "texture": "#texture" },
				"west": { "uv": [ 3.5, 6.5, 6, 8 ], "texture": "#texture" },
				"east": { "uv": [ 3.5, 6.5, 6, 8 ], "texture": "#texture" }
			}
		},
		{
			"__comment": "Cube2",
			"from": [ 7.5, 19, 5.5 ],
			"to": [ 9, 20, 9.5 ],
			"faces": {
				"down": { "uv": [ 3.5, 6, 5.5, 6.5 ], "texture": "#texture" },
				"up": { "uv": [ 3.5, 6, 5.5, 6.5 ], "texture": "#texture", "rotation": 90 },
				"north": { "uv": [ 3.5, 6, 4, 6.5 ], "texture": "#texture" },
				"south": { "uv": [ 5, 6, 5.5, 6.5 ], "texture": "#texture" },
				"west": { "uv": [ 5.5, 6, 3.5, 6.5 ], "texture": "#texture" },
				"east": { "uv": [ 3.5, 6, 5.5, 6.5 ], "texture": "#texture" }
			}
		},
		{
			"__comment": "Cube2",
			"from": [ 7.5, 20, 7.5 ],
			"to": [ 9, 21, 10.5 ],
			"faces": {
				"down": { "uv": [ 4.5, 5.5, 6, 6 ], "texture": "#texture", "rotation": 90 },
				"up": { "uv": [ 4.5, 5.5, 6, 6 ], "texture": "#texture", "rotation": 90 },
				"north": { "uv": [ 4.5, 5.5, 5, 6 ], "texture": "#texture" },
				"south": { "uv": [ 5.5, 5.5, 6, 6 ], "texture": "#texture" },
				"west": { "uv": [ 6, 5.5, 4.5, 6 ], "texture": "#texture" },
				"east": { "uv": [ 4.5, 5.5, 6, 6 ], "texture": "#texture" }
			}
		},
		{
			"__comment": "Cube2",
			"from": [ 7.5, 21, 8.5 ],
			"to": [ 9, 22, 10.5 ],
			"faces": {
				"down": { "uv": [ 5, 5, 6, 5.5 ], "texture": "#texture", "rotation": 90 },
				"up": { "uv": [ 5, 5, 6, 5.5 ], "texture": "#texture", "rotation": 90 },
				"north": { "uv": [ 5, 5, 6, 5.5 ], "texture": "#texture", "rotation": 90 },
				"south": { "uv": [ 5, 5, 6, 5.5 ], "texture": "#texture", "rotation": 90 },
				"west": { "uv": [ 5, 5, 6, 5.5 ], "texture": "#texture", "rotation": 90 },
				"east": { "uv": [ 5, 5, 6, 5.5 ], "texture": "#texture", "rotation": 90 }
			}
		},
		{
			"__comment": "Cube2",
			"from": [ 6.5, 17, 6.5 ],
			"to": [ 10, 18, 9.5 ],
			"faces": {
				"down": { "uv": [ 4, 7, 5, 7.5 ], "texture": "#texture", "rotation": 90 },
				"up": { "uv": [ 4, 7, 5, 7.5 ], "texture": "#texture", "rotation": 90 },
				"north": { "uv": [ 4, 7, 5, 7.5 ], "texture": "#texture", "rotation": 90 },
				"south": { "uv": [ 4, 7, 5, 7.5 ], "texture": "#texture", "rotation": 90 },
				"west": { "uv": [ 4, 7, 5, 7.5 ], "texture": "#texture", "rotation": 90 },
				"east": { "uv": [ 4, 7, 5, 7.5 ], "texture": "#texture", "rotation": 90 }
			}
		},
		{
			"__comment": "Cube2",
			"from": [ 6.5, 18, 7.5 ],
			"to": [ 10, 19, 8.5 ],
			"faces": {
				"down": { "uv": [ 4, 7, 5, 7.5 ], "texture": "#texture", "rotation": 90 },
				"up": { "uv": [ 4, 7, 5, 7.5 ], "texture": "#texture", "rotation": 90 },
				"north": { "uv": [ 4, 7, 5, 7.5 ], "texture": "#texture", "rotation": 90 },
				"south": { "uv": [ 4, 7, 5, 7.5 ], "texture": "#texture", "rotation": 90 },
				"west": { "uv": [ 4, 7, 5, 7.5 ], "texture": "#texture", "rotation": 90 },
				"east": { "uv": [ 4, 7, 5, 7.5 ], "texture": "#texture", "rotation": 90 }
			}
		}
	],
	"display": {
		"thirdperson_righthand": {
			"scale":  [ 0.7, 0.7, 0.7 ]
		},
		"thirdperson_lefthand": {
			"scale":  [ 0.7, 0.7, 0.7 ]
		},
		"firstperson_righthand": {
			"rotation":  [ -17, 15, 0 ],
			"scale":  [ 0.7, 0.7, 0.7 ]
		},
		"firstperson_lefthand": {
			"rotation":  [ -17, 15, 0 ],
			"scale":  [ 0.7, 0.7, 0.7 ]
		},
		"gui": {
			"rotation":  [ 31, -131, 47 ],
			"translation":  [ -0.694, -2.085, 0 ],
			"scale":  [ 0.5, 0.5, 0.5 ]
		},
		"ground": {
			"translation":  [ 0, 2, 0 ],
			"scale":  [ 0.5, 0.5, 0.5 ]
		},
		"fixed": {
			"rotation":  [ 90, -90, 90 ],
			"translation":  [ 0, -0.695, -2.782 ],
			"scale":  [ 1.8, 1.8, 1.8 ]
		}
	},

"overrides": [
    {
      "predicate": {
        "custom_model_data": 5
      },
      "model": "custom/bonus/cane"
    }
  ]
}