{
	"__comment": "Designed by Galingueur with Cubik Studio - https://cubik.studio",
	"textures": {
		"texture": "item/m_diamondtools_01"
	},
	"elements": [
		{
			"__comment": "Cube2",
			"from": [ 7.5, 1, 9.5 ],
			"to": [ 9, 2, 10.5 ],
			"faces": {
				"down": { "uv": [ 12, 7.5, 12.5, 8 ], "texture": "#texture" },
				"up": { "uv": [ 12, 7.5, 12.5, 8 ], "texture": "#texture" },
				"north": { "uv": [ 12, 7.5, 12.5, 8 ], "texture": "#texture" },
				"south": { "uv": [ 12, 7.5, 12.5, 8 ], "texture": "#texture" },
				"west": { "uv": [ 12, 7.5, 12.5, 8 ], "texture": "#texture" },
				"east": { "uv": [ 12, 7.5, 12.5, 8 ], "texture": "#texture" }
			}
		},
		{
			"__comment": "Cube2",
			"from": [ 7.5, 18, 13.5 ],
			"to": [ 9, 20, 14.5 ],
			"faces": {
				"down": { "uv": [ 9.5, 5, 10, 5.5 ], "texture": "#texture" },
				"up": { "uv": [ 11, 5.5, 11.5, 6 ], "texture": "#texture", "rotation": 90 },
				"north": { "uv": [ 9.5, 4.5, 10, 5.5 ], "texture": "#texture" },
				"south": { "uv": [ 9.5, 4.5, 10, 5.5 ], "texture": "#texture" },
				"west": { "uv": [ 9.5, 4.5, 10, 5.5 ], "texture": "#texture" },
				"east": { "uv": [ 9.5, 4.5, 10, 5.5 ], "texture": "#texture" }
			}
		},
		{
			"__comment": "PlaneX1",
			"from": [ 8.5, 18, 2.5 ],
			"to": [ 8.501, 25, 13.5 ],
			"faces": {
				"west": { "uv": [ 10, 2, 15.5, 5.5 ], "texture": "#texture" },
				"east": { "uv": [ 15.5, 2, 10, 5.5 ], "texture": "#texture" }
			}
		},
		{
			"__comment": "Cube2",
			"from": [ 7, 3, 6.5 ],
			"to": [ 9.5, 14, 9.5 ],
			"faces": {
				"down": { "uv": [ 3.5, 8, 4, 8.5 ], "texture": "#texture" },
				"up": { "uv": [ 3.5, 8, 4, 8.5 ], "texture": "#texture" },
				"north": { "uv": [ 12, 7.5, 13.5, 12 ], "texture": "#texture" },
				"south": { "uv": [ 12, 7.5, 13.5, 12 ], "texture": "#texture" },
				"west": { "uv": [ 12, 7.5, 13.5, 12 ], "texture": "#texture" },
				"east": { "uv": [ 12, 7.5, 13.5, 13 ], "texture": "#texture" }
			}
		},
		{
			"__comment": "Cube2",
			"from": [ 7.5, 2, 5.5 ],
			"to": [ 9, 3, 10.5 ],
			"faces": {
				"down": { "uv": [ 12, 7.5, 12.5, 8 ], "texture": "#texture" },
				"up": { "uv": [ 12, 7.5, 12.5, 8 ], "texture": "#texture" },
				"north": { "uv": [ 12, 7.5, 12.5, 8 ], "texture": "#texture" },
				"south": { "uv": [ 12, 7.5, 12.5, 8 ], "texture": "#texture" },
				"west": { "uv": [ 12, 7.5, 12.5, 8 ], "texture": "#texture" },
				"east": { "uv": [ 12, 7.5, 12.5, 8 ], "texture": "#texture" }
			}
		},
		{
			"__comment": "Cube2",
			"from": [ 7.5, 0, 5.5 ],
			"to": [ 9, 1, 10.5 ],
			"faces": {
				"down": { "uv": [ 12, 7.5, 12.5, 8 ], "texture": "#texture" },
				"up": { "uv": [ 12, 7.5, 12.5, 8 ], "texture": "#texture" },
				"north": { "uv": [ 12, 7.5, 12.5, 8 ], "texture": "#texture" },
				"south": { "uv": [ 12, 7.5, 12.5, 8 ], "texture": "#texture" },
				"west": { "uv": [ 12, 7.5, 12.5, 8 ], "texture": "#texture" },
				"east": { "uv": [ 12, 7.5, 12.5, 8 ], "texture": "#texture" }
			}
		},
		{
			"__comment": "Cube2",
			"from": [ 7.5, 1, 5.5 ],
			"to": [ 9, 2, 6.5 ],
			"faces": {
				"down": { "uv": [ 12, 7.5, 12.5, 8 ], "texture": "#texture" },
				"up": { "uv": [ 12, 7.5, 12.5, 8 ], "texture": "#texture" },
				"north": { "uv": [ 12, 7.5, 12.5, 8 ], "texture": "#texture" },
				"south": { "uv": [ 12, 7.5, 12.5, 8 ], "texture": "#texture" },
				"west": { "uv": [ 12, 7.5, 12.5, 8 ], "texture": "#texture" },
				"east": { "uv": [ 12, 7.5, 12.5, 8 ], "texture": "#texture" }
			}
		},
		{
			"__comment": "Cube2",
			"from": [ 7, 14, 5.5 ],
			"to": [ 9.5, 17, 10.5 ],
			"faces": {
				"down": { "uv": [ 11.5, 7, 14, 7.5 ], "texture": "#texture" },
				"up": { "uv": [ 11.5, 6, 14, 6.5 ], "texture": "#texture", "rotation": 90 },
				"north": { "uv": [ 11.5, 6, 12, 7.5 ], "texture": "#texture" },
				"south": { "uv": [ 11.5, 6, 12, 7.5 ], "texture": "#texture" },
				"west": { "uv": [ 11.5, 6, 14, 7.5 ], "texture": "#texture" },
				"east": { "uv": [ 11.5, 6, 14, 7.5 ], "texture": "#texture" }
			}
		},
		{
			"__comment": "Cube2",
			"from": [ 7.5, 15, 10.5 ],
			"to": [ 9, 18, 11.5 ],
			"faces": {
				"down": { "uv": [ 11, 6.5, 11.5, 7 ], "texture": "#texture" },
				"up": { "uv": [ 11, 5.5, 11.5, 6 ], "texture": "#texture", "rotation": 90 },
				"north": { "uv": [ 11, 5.5, 11.5, 7 ], "texture": "#texture" },
				"south": { "uv": [ 11, 5.5, 11.5, 7 ], "texture": "#texture" },
				"west": { "uv": [ 11, 5.5, 11.5, 7 ], "texture": "#texture" },
				"east": { "uv": [ 11, 5.5, 11.5, 7 ], "texture": "#texture" }
			}
		},
		{
			"__comment": "Cube2",
			"from": [ 7.5, 16, 11.5 ],
			"to": [ 9, 19, 12.5 ],
			"faces": {
				"down": { "uv": [ 11, 6.5, 11.5, 7 ], "texture": "#texture" },
				"up": { "uv": [ 11, 5.5, 11.5, 6 ], "texture": "#texture", "rotation": 90 },
				"north": { "uv": [ 11, 5.5, 11.5, 7 ], "texture": "#texture" },
				"south": { "uv": [ 11, 5.5, 11.5, 7 ], "texture": "#texture" },
				"west": { "uv": [ 11, 5.5, 11.5, 7 ], "texture": "#texture" },
				"east": { "uv": [ 11, 5.5, 11.5, 7 ], "texture": "#texture" }
			}
		},
		{
			"__comment": "Cube2",
			"from": [ 7.5, 17, 12.5 ],
			"to": [ 9, 20, 13.5 ],
			"faces": {
				"down": { "uv": [ 11, 6.5, 11.5, 7 ], "texture": "#texture" },
				"up": { "uv": [ 11, 5.5, 11.5, 6 ], "texture": "#texture", "rotation": 90 },
				"north": { "uv": [ 11, 5.5, 11.5, 7 ], "texture": "#texture" },
				"south": { "uv": [ 11, 5.5, 11.5, 7 ], "texture": "#texture" },
				"west": { "uv": [ 10, 4.5, 10.5, 6 ], "texture": "#texture" },
				"east": { "uv": [ 10, 4.5, 10.5, 6 ], "texture": "#texture" }
			}
		},
		{
			"__comment": "Cube2",
			"from": [ 7.5, 15, 4.5 ],
			"to": [ 9, 18, 5.5 ],
			"faces": {
				"down": { "uv": [ 11, 6.5, 11.5, 7 ], "texture": "#texture" },
				"up": { "uv": [ 11, 5.5, 11.5, 6 ], "texture": "#texture", "rotation": 90 },
				"north": { "uv": [ 11, 5.5, 11.5, 7 ], "texture": "#texture" },
				"south": { "uv": [ 11, 5.5, 11.5, 7 ], "texture": "#texture" },
				"west": { "uv": [ 11, 5.5, 11.5, 7 ], "texture": "#texture" },
				"east": { "uv": [ 11, 5.5, 11.5, 7 ], "texture": "#texture" }
			}
		},
		{
			"__comment": "Cube2",
			"from": [ 7.5, 16, 3.5 ],
			"to": [ 9, 19, 4.5 ],
			"faces": {
				"down": { "uv": [ 11, 6.5, 11.5, 7 ], "texture": "#texture" },
				"up": { "uv": [ 11, 5.5, 11.5, 6 ], "texture": "#texture", "rotation": 90 },
				"north": { "uv": [ 11, 5.5, 11.5, 7 ], "texture": "#texture" },
				"south": { "uv": [ 11, 5.5, 11.5, 7 ], "texture": "#texture" },
				"west": { "uv": [ 11, 5.5, 11.5, 7 ], "texture": "#texture" },
				"east": { "uv": [ 11, 5.5, 11.5, 7 ], "texture": "#texture" }
			}
		},
		{
			"__comment": "Cube2",
			"from": [ 7.5, 17, 2.5 ],
			"to": [ 9, 20, 3.5 ],
			"faces": {
				"down": { "uv": [ 11, 6.5, 11.5, 7 ], "texture": "#texture" },
				"up": { "uv": [ 11, 5.5, 11.5, 6 ], "texture": "#texture", "rotation": 90 },
				"north": { "uv": [ 11, 5.5, 11.5, 7 ], "texture": "#texture" },
				"south": { "uv": [ 11, 5.5, 11.5, 7 ], "texture": "#texture" },
				"west": { "uv": [ 10, 4.5, 10.5, 6 ], "texture": "#texture" },
				"east": { "uv": [ 10, 4.5, 10.5, 6 ], "texture": "#texture" }
			}
		},
		{
			"__comment": "Cube2",
			"from": [ 7.5, 18, 1.5 ],
			"to": [ 9, 20, 2.5 ],
			"faces": {
				"down": { "uv": [ 9.5, 5, 10, 5.5 ], "texture": "#texture" },
				"up": { "uv": [ 11, 5.5, 11.5, 6 ], "texture": "#texture", "rotation": 90 },
				"north": { "uv": [ 9.5, 4.5, 10, 5.5 ], "texture": "#texture" },
				"south": { "uv": [ 9.5, 4.5, 10, 5.5 ], "texture": "#texture" },
				"west": { "uv": [ 9.5, 4.5, 10, 5.5 ], "texture": "#texture" },
				"east": { "uv": [ 9.5, 4.5, 10, 5.5 ], "texture": "#texture" }
			}
		}
	],
	"display": {
		"thirdperson_righthand": {
			"rotation":  [ 0, 90, 0 ],
			"scale":  [ 0.7, 0.7, 0.7 ]
		},
		"thirdperson_lefthand": {
			"rotation":  [ 0, 90, 0 ],
			"scale":  [ 0.7, 0.7, 0.7 ]
		},
		"firstperson_righthand": {
			"rotation":  [ -17, 45, 0 ],
			"scale":  [ 0.7, 0.7, 0.7 ]
		},
		"firstperson_lefthand": {
			"rotation":  [ -17, 45, 0 ],
			"scale":  [ 0.7, 0.7, 0.7 ]
		},
		"gui": {
			"rotation":  [ 31, -131, 47 ],
			"translation":  [ -0.694, -2.085, 0 ],
			"scale":  [ 0.5, 0.5, 0.5 ]
		},
		"ground": {
			"translation":  [ 0, 2, 0 ],
			"scale":  [ 0.5, 0.5, 0.5 ]
		},
		"fixed": {
			"rotation":  [ 90, -90, 90 ],
			"translation":  [ 0, -0.695, -2.782 ],
			"scale":  [ 1.7, 1.7, 1.7 ]
		}
	}
}