{
	"__comment": "Designed by Galingueur with Cubik Studio - https://cubik.studio",
	"textures": {
		"texture": "item/m_diamondtools_01"
	},
	"elements": [
		{
			"__comment": "PlaneX1",
			"from": [ 8.5, 15, -0.5 ],
			"to": [ 8.501, 28, 4.5 ],
			"faces": {
				"west": { "uv": [ 0, 1.5, 3, 8 ], "texture": "#texture" },
				"east": { "uv": [ 3, 1.5, 0, 8 ], "texture": "#texture" }
			}
		},
		{
			"__comment": "Cube2",
			"from": [ 7, 0, 6.5 ],
			"to": [ 9.5, 16, 9.5 ],
			"faces": {
				"down": { "uv": [ 3.5, 8, 4, 8.5 ], "texture": "#texture" },
				"up": { "uv": [ 3.5, 8, 4, 8.5 ], "texture": "#texture" },
				"north": { "uv": [ 3.5, 8, 5, 15.5 ], "texture": "#texture" },
				"south": { "uv": [ 3.5, 8, 5, 15.5 ], "texture": "#texture" },
				"west": { "uv": [ 3.5, 8, 5, 15.5 ], "texture": "#texture" },
				"east": { "uv": [ 3.5, 8, 5, 15.5 ], "texture": "#texture" }
			}
		},
		{
			"__comment": "Cube2",
			"from": [ 6.5, 16, 6.5 ],
			"to": [ 10.5, 24, 10.5 ],
			"faces": {
				"down": { "uv": [ 4, 7, 4.5, 7.5 ], "texture": "#texture" },
				"up": { "uv": [ 4.5, 3.5, 5, 4 ], "texture": "#texture" },
				"north": { "uv": [ 3.5, 3.5, 4, 7.5 ], "texture": "#texture" },
				"south": { "uv": [ 5, 3.5, 5.5, 7.5 ], "texture": "#texture" },
				"west": { "uv": [ 3.5, 3.5, 5.5, 7.5 ], "texture": "#texture" },
				"east": { "uv": [ 5.5, 3.5, 3.5, 7.5 ], "texture": "#texture" }
			}
		},
		{
			"__comment": "Cube2",
			"from": [ 7, 17, 10.5 ],
			"to": [ 10, 24, 11.5 ],
			"faces": {
				"down": { "uv": [ 4, 7, 4.5, 7.5 ], "texture": "#texture" },
				"up": { "uv": [ 4.5, 3.5, 5, 4 ], "texture": "#texture" },
				"north": { "uv": [ 5.5, 3.5, 6, 7 ], "texture": "#texture" },
				"south": { "uv": [ 5.5, 3.5, 6, 7 ], "texture": "#texture" },
				"west": { "uv": [ 5.5, 3.5, 6, 7 ], "texture": "#texture" },
				"east": { "uv": [ 5.5, 3.5, 6, 7 ], "texture": "#texture" }
			}
		},
		{
			"__comment": "Cube2",
			"from": [ 7.5, 24, 7.5 ],
			"to": [ 9.5, 25, 10.5 ],
			"faces": {
				"down": { "uv": [ 4, 3, 5.5, 3.5 ], "texture": "#texture" },
				"up": { "uv": [ 4, 3, 5.5, 3.5 ], "texture": "#texture" },
				"north": { "uv": [ 4, 3, 5.5, 3.5 ], "texture": "#texture" },
				"south": { "uv": [ 4, 3, 5.5, 3.5 ], "texture": "#texture" },
				"west": { "uv": [ 4, 3, 5.5, 3.5 ], "texture": "#texture" },
				"east": { "uv": [ 4, 3, 5.5, 3.5 ], "texture": "#texture" }
			}
		},
		{
			"__comment": "Cube2",
			"from": [ 8, 14, 2.5 ],
			"to": [ 9, 16, 3.5 ],
			"faces": {
				"down": { "uv": [ 2, 7.5, 2.5, 8 ], "texture": "#texture" },
				"up": { "uv": [ 2, 7, 2.5, 7.5 ], "texture": "#texture", "rotation": 270 },
				"north": { "uv": [ 2, 7, 2.5, 8 ], "texture": "#texture" },
				"south": { "uv": [ 2, 7, 2.5, 8 ], "texture": "#texture" },
				"west": { "uv": [ 2, 7, 2.5, 8 ], "texture": "#texture" },
				"east": { "uv": [ 2.5, 7, 2, 8 ], "texture": "#texture" }
			}
		},
		{
			"__comment": "Cube2",
			"from": [ 7.5, 26, 10.5 ],
			"to": [ 9.5, 28, 12.5 ],
			"faces": {
				"down": { "uv": [ 5.5, 2, 6.5, 2.5 ], "texture": "#texture", "rotation": 270 },
				"up": { "uv": [ 5.5, 1.5, 6.5, 2 ], "texture": "#texture", "rotation": 270 },
				"north": { "uv": [ 5.5, 1.5, 6, 2.5 ], "texture": "#texture" },
				"south": { "uv": [ 6, 1.5, 6.5, 2.5 ], "texture": "#texture" },
				"west": { "uv": [ 5.5, 1.5, 6.5, 2.5 ], "texture": "#texture" },
				"east": { "uv": [ 6.5, 1.5, 5.5, 2.5 ], "texture": "#texture" }
			}
		},
		{
			"__comment": "Cube2",
			"from": [ 7.5, 27, 4.5 ],
			"to": [ 9.5, 29, 7.5 ],
			"faces": {
				"down": { "uv": [ 2.5, 1.5, 4, 2 ], "texture": "#texture", "rotation": 270 },
				"up": { "uv": [ 2.5, 1, 4, 1.5 ], "texture": "#texture", "rotation": 270 },
				"north": { "uv": [ 2.5, 1, 3, 2 ], "texture": "#texture" },
				"south": { "uv": [ 3.5, 1, 4, 2 ], "texture": "#texture" },
				"west": { "uv": [ 2.5, 1, 4, 2 ], "texture": "#texture" },
				"east": { "uv": [ 4, 1, 2.5, 2 ], "texture": "#texture" }
			}
		},
		{
			"__comment": "Cube2",
			"from": [ 8, 14, 1.5 ],
			"to": [ 9, 15, 2.5 ],
			"faces": {
				"down": { "uv": [ 2.5, 0.5, 3, 1 ], "texture": "#texture", "rotation": 270 },
				"up": { "uv": [ 2.5, 0.5, 3, 1 ], "texture": "#texture", "rotation": 270 },
				"north": { "uv": [ 2.5, 0.5, 3, 1 ], "texture": "#texture", "rotation": 270 },
				"south": { "uv": [ 2.5, 0.5, 3, 1 ], "texture": "#texture", "rotation": 270 },
				"west": { "uv": [ 2.5, 0.5, 3, 1 ], "texture": "#texture", "rotation": 270 },
				"east": { "uv": [ 2.5, 0.5, 3, 1 ], "texture": "#texture", "rotation": 270 }
			}
		},
		{
			"__comment": "Cube2",
			"from": [ 8, 28, 0.5 ],
			"to": [ 9, 30, 4.5 ],
			"faces": {
				"down": { "uv": [ 0.5, 1, 2.5, 1.5 ], "texture": "#texture", "rotation": 270 },
				"up": { "uv": [ 0.5, 0.5, 2.5, 1 ], "texture": "#texture", "rotation": 270 },
				"north": { "uv": [ 0.5, 0.5, 1, 1.5 ], "texture": "#texture" },
				"south": { "uv": [ 2, 0.5, 2.5, 1.5 ], "texture": "#texture" },
				"west": { "uv": [ 0.5, 0.5, 2.5, 1.5 ], "texture": "#texture" },
				"east": { "uv": [ 2.5, 0.5, 0.5, 1.5 ], "texture": "#texture" }
			}
		},
		{
			"__comment": "Cube2",
			"from": [ 7, 25, 7.5 ],
			"to": [ 10, 28, 10.5 ],
			"faces": {
				"down": { "uv": [ 4, 2.5, 5.5, 3 ], "texture": "#texture" },
				"up": { "uv": [ 4, 1.5, 5.5, 2 ], "texture": "#texture", "rotation": 270 },
				"north": { "uv": [ 4.5, 1.5, 5, 3 ], "texture": "#texture" },
				"south": { "uv": [ 4.5, 1.5, 5, 3 ], "texture": "#texture" },
				"west": { "uv": [ 4, 1.5, 5.5, 3 ], "texture": "#texture" },
				"east": { "uv": [ 5.5, 1.5, 4, 3 ], "texture": "#texture" }
			}
		},
		{
			"__comment": "Cube2",
			"from": [ 7, 25, 6.5 ],
			"to": [ 10, 27, 7.5 ],
			"faces": {
				"down": { "uv": [ 3.5, 2.5, 4, 3 ], "texture": "#texture" },
				"up": { "uv": [ 3.5, 2, 4, 2.5 ], "texture": "#texture", "rotation": 270 },
				"north": { "uv": [ 3.5, 2, 4, 3 ], "texture": "#texture" },
				"south": { "uv": [ 3.5, 2, 4, 3 ], "texture": "#texture" },
				"west": { "uv": [ 3.5, 2, 4, 3 ], "texture": "#texture" },
				"east": { "uv": [ 4, 2, 3.5, 3 ], "texture": "#texture" }
			}
		},
		{
			"__comment": "Cube2",
			"from": [ 7.5, 19, 6 ],
			"to": [ 9.5, 23, 7 ],
			"faces": {
				"down": { "uv": [ 4, 4, 4.5, 6 ], "texture": "#texture" },
				"up": { "uv": [ 4, 4, 4.5, 6 ], "texture": "#texture" },
				"north": { "uv": [ 4, 4, 4.5, 6 ], "texture": "#texture" },
				"south": { "uv": [ 4, 4, 4.5, 6 ], "texture": "#texture" },
				"west": { "uv": [ 4, 4, 4.5, 6 ], "texture": "#texture" },
				"east": { "uv": [ 4, 4, 4.5, 6 ], "texture": "#texture" }
			}
		},
		{
			"__comment": "Cube2",
			"from": [ 7.5, 16, 4.5 ],
			"to": [ 9.5, 18, 5.5 ],
			"faces": {
				"down": { "uv": [ 3, 6.5, 3.5, 7 ], "texture": "#texture" },
				"up": { "uv": [ 3, 6, 3.5, 6.5 ], "texture": "#texture", "rotation": 270 },
				"north": { "uv": [ 3, 6, 3.5, 7 ], "texture": "#texture" },
				"south": { "uv": [ 3, 6, 3.5, 7 ], "texture": "#texture" },
				"west": { "uv": [ 3, 6, 3.5, 7 ], "texture": "#texture" },
				"east": { "uv": [ 3.5, 6, 3, 7 ], "texture": "#texture" }
			}
		},
		{
			"__comment": "Cube2",
			"from": [ 7.5, 15, 3.5 ],
			"to": [ 9.5, 17, 4.5 ],
			"faces": {
				"down": { "uv": [ 2, 7.5, 2.5, 8 ], "texture": "#texture" },
				"up": { "uv": [ 2, 7, 2.5, 7.5 ], "texture": "#texture", "rotation": 270 },
				"north": { "uv": [ 2, 7, 2.5, 8 ], "texture": "#texture" },
				"south": { "uv": [ 2, 7, 2.5, 8 ], "texture": "#texture" },
				"west": { "uv": [ 2, 7, 2.5, 8 ], "texture": "#texture" },
				"east": { "uv": [ 2.5, 7, 2, 8 ], "texture": "#texture" }
			}
		},
		{
			"__comment": "Cube2",
			"from": [ 7.5, 29, 4.5 ],
			"to": [ 9.5, 30, 5.5 ],
			"faces": {
				"down": { "uv": [ 2.5, 0.5, 3, 1 ], "texture": "#texture", "rotation": 270 },
				"up": { "uv": [ 2.5, 0.5, 3, 1 ], "texture": "#texture", "rotation": 270 },
				"north": { "uv": [ 2.5, 0.5, 3, 1 ], "texture": "#texture", "rotation": 270 },
				"south": { "uv": [ 2.5, 0.5, 3, 1 ], "texture": "#texture", "rotation": 270 },
				"west": { "uv": [ 2.5, 0.5, 3, 1 ], "texture": "#texture", "rotation": 270 },
				"east": { "uv": [ 2.5, 0.5, 3, 1 ], "texture": "#texture", "rotation": 270 }
			}
		},
		{
			"__comment": "Cube2",
			"from": [ 7.5, 17, 5.5 ],
			"to": [ 9.5, 19, 6.5 ],
			"faces": {
				"down": { "uv": [ 3, 6.5, 3.5, 7 ], "texture": "#texture" },
				"up": { "uv": [ 3, 6, 3.5, 6.5 ], "texture": "#texture", "rotation": 270 },
				"north": { "uv": [ 3, 6, 3.5, 7 ], "texture": "#texture" },
				"south": { "uv": [ 3, 6, 3.5, 7 ], "texture": "#texture" },
				"west": { "uv": [ 3, 6, 3.5, 7 ], "texture": "#texture" },
				"east": { "uv": [ 3.5, 6, 3, 7 ], "texture": "#texture" }
			}
		}
	],
	"display": {
		"thirdperson_righthand": {
			"scale":  [ 0.7, 0.7, 0.7 ]
		},
		"thirdperson_lefthand": {
			"scale":  [ 0.7, 0.7, 0.7 ]
		},
		"firstperson_righthand": {
			"rotation":  [ -17, 8, 0 ],
			"scale":  [ 0.7, 0.7, 0.7 ]
		},
		"firstperson_lefthand": {
			"rotation":  [ -17, 8, 0 ],
			"scale":  [ 0.7, 0.7, 0.7 ]
		},
		"gui": {
			"rotation":  [ 31, -131, 47 ],
			"translation":  [ -2.086, -2.781, 0 ],
			"scale":  [ 0.5, 0.5, 0.5 ]
		},
		"ground": {
			"translation":  [ 0, 2, 0 ],
			"scale":  [ 0.5, 0.5, 0.5 ]
		},
		"fixed": {
			"rotation":  [ 90, -90, 90 ],
			"translation":  [ -2.087, 0.0002, -2.782 ],
			"scale":  [ 1.7, 1.7, 1.7 ]
		}
	}
}