{
	"__comment": "Designed by Galingueur with Cubik Studio - https://cubik.studio",
	"textures": {
		"particle": "block/i_chainsaw",
		"texture": "block/i_chainsaw",
		"texture1": "block/i_drill",
		"texture2": "block/i_golden_shovel"
	},
	"elements": [
		{
			"__comment": "Cube2",
			"from": [ 1, 2, 2 ],
			"to": [ 10, 7, 7 ],
			"faces": {
				"down": { "uv": [ 6.5, 11.5, 7, 12 ], "texture": "#texture", "rotation": 90 },
				"up": { "uv": [ 6.5, 11.5, 7, 12 ], "texture": "#texture", "rotation": 90 },
				"north": { "uv": [ 6.5, 11.5, 7, 12 ], "texture": "#texture", "rotation": 270 },
				"south": { "uv": [ 6.5, 12, 7, 11.5 ], "texture": "#texture", "rotation": 270 },
				"west": { "uv": [ 6.5, 11.5, 7, 12 ], "texture": "#texture", "rotation": 270 },
				"east": { "uv": [ 6.5, 11.5, 7, 12 ], "texture": "#texture" }
			}
		},
		{
			"__comment": "Cube2",
			"from": [ 10, 2, 2 ],
			"to": [ 11, 7, 7 ],
			"faces": {
				"down": { "uv": [ 5.5, 11.5, 8, 12 ], "texture": "#texture" },
				"up": { "uv": [ 5.5, 11.5, 8, 12 ], "texture": "#texture", "rotation": 90 },
				"north": { "uv": [ 5, 11.5, 8.5, 12 ], "texture": "#texture", "rotation": 90 },
				"south": { "uv": [ 5.5, 11.5, 8, 12 ], "texture": "#texture", "rotation": 90 },
				"west": { "uv": [ 2, 2, 7, 7 ], "texture": "#texture1" },
				"east": { "uv": [ 11, 2, 14, 3 ], "texture": "#texture1" }
			}
		},
		{
			"__comment": "Cube2",
			"from": [ 2, 1, 3 ],
			"to": [ 10, 2, 6 ],
			"faces": {
				"down": { "uv": [ 5.5, 11.5, 6, 15 ], "texture": "#texture", "rotation": 90 },
				"up": { "uv": [ 5.5, 11.5, 6, 15 ], "texture": "#texture", "rotation": 90 },
				"north": { "uv": [ 5.5, 11.5, 6, 15 ], "texture": "#texture", "rotation": 270 },
				"south": { "uv": [ 5.5, 11.5, 6, 15 ], "texture": "#texture", "rotation": 90 },
				"west": { "uv": [ 5.5, 14.5, 8, 15 ], "texture": "#texture" },
				"east": { "uv": [ 5.5, 11.5, 8, 12 ], "texture": "#texture" }
			}
		},
		{
			"__comment": "Cube2",
			"from": [ 2, 3, 1 ],
			"to": [ 10, 6, 2 ],
			"faces": {
				"down": { "uv": [ 5.5, 11.5, 6, 15 ], "texture": "#texture", "rotation": 90 },
				"up": { "uv": [ 5.5, 11.5, 6, 15 ], "texture": "#texture", "rotation": 90 },
				"north": { "uv": [ 5.5, 11.5, 6, 15 ], "texture": "#texture", "rotation": 270 },
				"south": { "uv": [ 6, 11.5, 5.5, 15 ], "texture": "#texture", "rotation": 90 },
				"west": { "uv": [ 5.5, 14.5, 8, 15 ], "texture": "#texture" },
				"east": { "uv": [ 5.5, 11.5, 6.5, 12 ], "texture": "#texture" }
			}
		},
		{
			"__comment": "Cube2",
			"from": [ 0, 2, 2 ],
			"to": [ 1, 7, 7 ],
			"faces": {
				"down": { "uv": [ 10, 12, 12.5, 12.5 ], "texture": "#texture" },
				"up": { "uv": [ 10, 15, 12.5, 15.5 ], "texture": "#texture", "rotation": 270 },
				"north": { "uv": [ 10, 15, 12.5, 15.5 ], "texture": "#texture", "rotation": 270 },
				"south": { "uv": [ 10, 15, 12.5, 15.5 ], "texture": "#texture", "rotation": 270 },
				"west": { "uv": [ 10, 15, 12.5, 15.5 ], "texture": "#texture", "rotation": 270 },
				"east": { "uv": [ 10, 15, 12.5, 15.5 ], "texture": "#texture" }
			}
		},
		{
			"__comment": "Cube2",
			"from": [ 11, 3, 3 ],
			"to": [ 15, 6, 6 ],
			"faces": {
				"down": { "uv": [ 2, 12, 2.5, 15 ], "texture": "#texture" },
				"up": { "uv": [ 2, 12, 2.5, 15 ], "texture": "#texture", "rotation": 270 },
				"north": { "uv": [ 2, 15, 2.5, 12 ], "texture": "#texture", "rotation": 90 },
				"south": { "uv": [ 2, 15, 2.5, 12 ], "texture": "#texture", "rotation": 90 },
				"west": { "uv": [ 2, 15, 2.5, 12 ], "texture": "#texture", "rotation": 270 },
				"east": { "uv": [ 1, 12.5, 1.5, 14.5 ], "texture": "#texture", "rotation": 270 }
			}
		},
		{
			"__comment": "Cube2",
			"from": [ 0.5, 3.5, -2 ],
			"to": [ 2.5, 5.5, 2 ],
			"faces": {
				"down": { "uv": [ 3.5, 15.5, 1, 14.5 ], "texture": "#texture", "rotation": 270 },
				"up": { "uv": [ 1, 15.5, 3.5, 14.5 ], "texture": "#texture", "rotation": 270 },
				"north": { "uv": [ 3.5, 15, 2.5, 14 ], "texture": "#texture", "rotation": 270 },
				"south": { "uv": [ 10, 12, 12.5, 12.5 ], "texture": "#texture", "rotation": 180 },
				"west": { "uv": [ 1, 15, 3.5, 15.5 ], "texture": "#texture", "rotation": 180 },
				"east": { "uv": [ 1, 13, 3.5, 13.5 ], "texture": "#texture" }
			}
		},
		{
			"__comment": "Cube2",
			"from": [ -4, 3.5, 2.5 ],
			"to": [ -2, 5.5, 6.5 ],
			"faces": {
				"down": { "uv": [ 6.5, 11.5, 7.5, 12 ], "texture": "#texture" },
				"up": { "uv": [ 6.5, 11.5, 7.5, 12 ], "texture": "#texture" },
				"north": { "uv": [ 6.5, 12, 7.5, 11.5 ], "texture": "#texture", "rotation": 180 },
				"south": { "uv": [ 6.5, 11.5, 7.5, 12 ], "texture": "#texture" },
				"west": { "uv": [ 7, 11.5, 8.5, 12 ], "texture": "#texture", "rotation": 270 },
				"east": { "uv": [ 12, 12, 16, 15.5 ], "texture": "#texture" }
			}
		},
		{
			"__comment": "Cube2",
			"from": [ 15, 3.75, 4.8125 ],
			"to": [ 20.5, 4.75, 5.3125 ],
			"rotation": { "origin": [ 15, 3.75, 4.8125 ], "axis": "x", "angle": 22.5 },
			"faces": {
				"down": { "uv": [ 5, 5, 6, 6 ], "texture": "#texture1" },
				"up": { "uv": [ 5, 5, 6, 6 ], "texture": "#texture1" },
				"north": { "uv": [ 5, 5, 6, 6 ], "texture": "#texture1" },
				"south": { "uv": [ 5, 5, 6, 6 ], "texture": "#texture1" },
				"west": { "uv": [ 5, 5, 6, 6 ], "texture": "#texture1" },
				"east": { "uv": [ 5, 5, 6, 6 ], "texture": "#texture1" }
			}
		},
		{
			"__comment": "Cube2",
			"from": [ -2, 2.5, 3 ],
			"to": [ 0, 6, 6 ],
			"faces": {
				"down": { "uv": [ 3, 6, 4, 7.5 ], "texture": "#texture" },
				"up": { "uv": [ 3, 6, 4, 7.5 ], "texture": "#texture" },
				"north": { "uv": [ 3, 6, 4, 7.5 ], "texture": "#texture", "rotation": 180 },
				"south": { "uv": [ 3, 6, 4, 7.5 ], "texture": "#texture" },
				"west": { "uv": [ 2.5, 11.5, 4, 12 ], "texture": "#texture", "rotation": 270 },
				"east": { "uv": [ 12, 12, 16, 15.5 ], "texture": "#texture" }
			}
		},
		{
			"__comment": "Cube2",
			"from": [ 2, 3, 7 ],
			"to": [ 10, 6, 8 ],
			"faces": {
				"down": { "uv": [ 5.5, 11.5, 6, 15 ], "texture": "#texture", "rotation": 90 },
				"up": { "uv": [ 5.5, 11.5, 6, 15 ], "texture": "#texture", "rotation": 90 },
				"north": { "uv": [ 5.5, 11.5, 6, 15 ], "texture": "#texture" },
				"south": { "uv": [ 6, 11.5, 5.5, 15 ], "texture": "#texture", "rotation": 90 },
				"west": { "uv": [ 5.5, 14.5, 8, 15 ], "texture": "#texture" },
				"east": { "uv": [ 5.5, 11.5, 6.5, 12 ], "texture": "#texture" }
			}
		},
		{
			"__comment": "Cube2",
			"from": [ 2, 7, 3 ],
			"to": [ 10, 8, 6 ],
			"faces": {
				"down": { "uv": [ 5.5, 11.5, 6, 15 ], "texture": "#texture" },
				"up": { "uv": [ 5.5, 11.5, 6, 15 ], "texture": "#texture", "rotation": 90 },
				"north": { "uv": [ 5.5, 11.5, 6, 15 ], "texture": "#texture", "rotation": 270 },
				"south": { "uv": [ 5.5, 11.5, 6, 15 ], "texture": "#texture", "rotation": 90 },
				"west": { "uv": [ 5.5, 14.5, 8, 15 ], "texture": "#texture" },
				"east": { "uv": [ 5.5, 11.5, 8, 12 ], "texture": "#texture" }
			}
		},
		{
			"__comment": "Cube2",
			"from": [ 0.5, 3.5, 7 ],
			"to": [ 2.5, 5.5, 11 ],
			"faces": {
				"down": { "uv": [ 1, 15.5, 3.5, 14.5 ], "texture": "#texture", "rotation": 270 },
				"up": { "uv": [ 3.5, 15.5, 1, 14.5 ], "texture": "#texture", "rotation": 270 },
				"north": { "uv": [ 12.5, 12.5, 10, 12 ], "texture": "#texture", "rotation": 180 },
				"south": { "uv": [ 2.5, 14, 3.5, 15 ], "texture": "#texture", "rotation": 270 },
				"west": { "uv": [ 1, 15, 3.5, 15.5 ], "texture": "#texture" },
				"east": { "uv": [ 1, 13, 3.5, 13.5 ], "texture": "#texture", "rotation": 180 }
			}
		},
		{
			"__comment": "Cube2",
			"from": [ -3, 3.5, 6.5 ],
			"to": [ -2, 5.5, 10.5 ],
			"faces": {
				"down": { "uv": [ 3, 11.5, 3.5, 12 ], "texture": "#texture", "rotation": 180 },
				"up": { "uv": [ 3.5, 12, 3, 11.5 ], "texture": "#texture" },
				"north": { "uv": [ 3.5, 12, 3, 11.5 ], "texture": "#texture", "rotation": 180 },
				"south": { "uv": [ 6.5, 12, 6, 11.5 ], "texture": "#texture", "rotation": 90 },
				"west": { "uv": [ 3.5, 12, 3, 11.5 ], "texture": "#texture", "rotation": 90 },
				"east": { "uv": [ 3, 11.5, 3.5, 12 ], "texture": "#texture", "rotation": 180 }
			}
		},
		{
			"__comment": "Cube2",
			"from": [ -2.5, 3.5, 10.5 ],
			"to": [ 0.5, 5.5, 11.5 ],
			"faces": {
				"down": { "uv": [ 3, 11.5, 3.5, 12 ], "texture": "#texture", "rotation": 180 },
				"up": { "uv": [ 3.5, 12, 3, 11.5 ], "texture": "#texture" },
				"north": { "uv": [ 4, 12, 3.5, 11.5 ], "texture": "#texture", "rotation": 180 },
				"south": { "uv": [ 7.5, 12, 7, 11.5 ], "texture": "#texture", "rotation": 90 },
				"west": { "uv": [ 8, 12, 7.5, 11.5 ], "texture": "#texture", "rotation": 90 },
				"east": { "uv": [ 7.5, 11.5, 8, 12 ], "texture": "#texture", "rotation": 180 }
			}
		},
		{
			"__comment": "Cube2",
			"from": [ -3, 3.5, -1.5 ],
			"to": [ -2, 5.5, 2.5 ],
			"faces": {
				"down": { "uv": [ 3, 11.5, 3.5, 12 ], "texture": "#texture", "rotation": 180 },
				"up": { "uv": [ 3.5, 12, 3, 11.5 ], "texture": "#texture" },
				"north": { "uv": [ 3.5, 12, 3, 11.5 ], "texture": "#texture", "rotation": 180 },
				"south": { "uv": [ 6.5, 12, 6, 11.5 ], "texture": "#texture", "rotation": 90 },
				"west": { "uv": [ 3.5, 12, 3, 11.5 ], "texture": "#texture", "rotation": 90 },
				"east": { "uv": [ 3, 11.5, 3.5, 12 ], "texture": "#texture", "rotation": 180 }
			}
		},
		{
			"__comment": "Cube2",
			"from": [ -2.5, 3.5, -2.5 ],
			"to": [ 0.5, 5.5, -1.5 ],
			"faces": {
				"down": { "uv": [ 3, 11.5, 3.5, 12 ], "texture": "#texture", "rotation": 180 },
				"up": { "uv": [ 3.5, 12, 3, 11.5 ], "texture": "#texture" },
				"north": { "uv": [ 4, 12, 3.5, 11.5 ], "texture": "#texture", "rotation": 180 },
				"south": { "uv": [ 7.5, 12, 7, 11.5 ], "texture": "#texture", "rotation": 90 },
				"west": { "uv": [ 8, 12, 7.5, 11.5 ], "texture": "#texture", "rotation": 90 },
				"east": { "uv": [ 7.5, 11.5, 8, 12 ], "texture": "#texture", "rotation": 180 }
			}
		},
		{
			"__comment": "Cube2",
			"from": [ 15, 3.5, 3.75 ],
			"to": [ 21, 4, 5.25 ],
			"faces": {
				"down": { "uv": [ 5, 4, 6, 5 ], "texture": "#texture1" },
				"up": { "uv": [ 5, 4, 6, 5 ], "texture": "#texture1" },
				"north": { "uv": [ 5, 2, 6, 3 ], "texture": "#texture1" },
				"south": { "uv": [ 5, 4, 6, 5 ], "texture": "#texture1" },
				"west": { "uv": [ 5, 4, 6, 5 ], "texture": "#texture1" },
				"east": { "uv": [ 5, 4, 6, 5 ], "texture": "#texture1" }
			}
		},
		{
			"__comment": "Cube2",
			"from": [ 15, 3.5, 3.75 ],
			"to": [ 20.5, 4.5, 4.25 ],
			"rotation": { "origin": [ 15, 3.5, 3.75 ], "axis": "x", "angle": -22.5 },
			"faces": {
				"down": { "uv": [ 5, 5, 6, 6 ], "texture": "#texture1" },
				"up": { "uv": [ 5, 5, 6, 6 ], "texture": "#texture1" },
				"north": { "uv": [ 5, 5, 6, 6 ], "texture": "#texture1" },
				"south": { "uv": [ 5, 5, 6, 6 ], "texture": "#texture1" },
				"west": { "uv": [ 5, 5, 6, 6 ], "texture": "#texture1" },
				"east": { "uv": [ 5, 5, 6, 6 ], "texture": "#texture1" }
			}
		}
	],
	"display": {
		"thirdperson_righthand": {
			"rotation":  [ 0, 90, 0 ],
			"translation":  [ 2.7826, 0.6956, -5.564 ],
			"scale":  [ 0.7, 0.7, 0.7 ]
		},
		"thirdperson_lefthand": {
			"rotation":  [ -3, -90, 0 ],
			"translation":  [ -2.086, 0.6956, -5.564 ],
			"scale":  [ 0.7, 0.7, 0.7 ]
		},
		"firstperson_righthand": {
			"rotation":  [ 0, 90, 0 ],
			"translation":  [ 4.8695, 2.7826, -5.565 ]
		},
		"firstperson_lefthand": {
			"rotation":  [ 0, -90, 0 ],
			"translation":  [ -2.086, 2.7826, -5.565 ]
		},
		"gui": {
			"rotation":  [ 51, 61, 27 ],
			"translation":  [ 2.0422, -0.261, 0 ],
			"scale":  [ 0.6, 0.6, 0.6 ]
		},
		"head": {
			"rotation":  [ 0, 0, 90 ],
			"translation":  [ -3.5, 5, 5 ]
		},
		"ground": {
			"rotation":  [ 90, 0, 0 ],
			"translation":  [ 2.7826, 2.7825, 4.8695 ]
		},
		"fixed": {
			"rotation":  [ 90, 0, 0 ],
			"translation":  [ 3.4781, -3.478, 2.0869 ],
			"scale":  [ 1.7, 1.7, 1.7 ]
		}
	}
}