{
	"__comment": "Designed by Galingueur with Cubik Studio - https://cubik.studio",
	"textures": {
		"particle": "block/i_chainsaw",
		"texture": "block/i_chainsaw",
		"texture1": "block/i_drill"
	},
	"elements": [
		{
			"__comment": "Cube2",
			"from": [ 1, 1, 1 ],
			"to": [ 10, 8, 8 ],
			"faces": {
				"down": { "uv": [ 9.5, 11.5, 13, 15.5 ], "texture": "#texture", "rotation": 90 },
				"up": { "uv": [ 5, 11.5, 8.5, 15.5 ], "texture": "#texture", "rotation": 90 },
				"north": { "uv": [ 0.5, 11.5, 4, 15.5 ], "texture": "#texture", "rotation": 270 },
				"south": { "uv": [ 0.5, 15.5, 4, 11.5 ], "texture": "#texture", "rotation": 270 },
				"west": { "uv": [ 0.5, 15, 4, 15.5 ], "texture": "#texture", "rotation": 270 },
				"east": { "uv": [ 11, 12.5, 15, 16 ], "texture": "#texture" }
			}
		},
		{
			"__comment": "Cube2",
			"from": [ 2, 0, 2 ],
			"to": [ 10, 1, 7 ],
			"faces": {
				"down": { "uv": [ 9.5, 11.5, 13, 15.5 ], "texture": "#texture", "rotation": 90 },
				"up": { "uv": [ 5.5, 11.5, 8, 15 ], "texture": "#texture", "rotation": 90 },
				"north": { "uv": [ 9, 10.5, 9.5, 14 ], "texture": "#texture", "rotation": 270 },
				"south": { "uv": [ 9, 10.5, 9.5, 14 ], "texture": "#texture", "rotation": 90 },
				"west": { "uv": [ 10, 15.5, 12.5, 16 ], "texture": "#texture" },
				"east": { "uv": [ 5.5, 11.5, 8, 12 ], "texture": "#texture" }
			}
		},
		{
			"__comment": "Cube2",
			"from": [ 10, 1, 1 ],
			"to": [ 11, 8, 8 ],
			"faces": {
				"down": { "uv": [ 5.5, 11.5, 8, 12 ], "texture": "#texture" },
				"up": { "uv": [ 5.5, 11.5, 8, 12 ], "texture": "#texture", "rotation": 90 },
				"north": { "uv": [ 5, 11.5, 8.5, 12 ], "texture": "#texture" },
				"south": { "uv": [ 5.5, 11.5, 8, 12 ], "texture": "#texture", "rotation": 270 },
				"west": { "uv": [ 0, 12, 4, 15.5 ], "texture": "#texture" },
				"east": { "uv": [ 12, 12, 16, 15.5 ], "texture": "#texture" }
			}
		},
		{
			"__comment": "Cube2",
			"from": [ 16, 4, 4 ],
			"to": [ 17, 5, 5 ],
			"faces": {
				"down": { "uv": [ 9, 6, 16, 7 ], "texture": "#texture1", "rotation": 90 },
				"up": { "uv": [ 8, 12, 7, 13 ], "texture": "#texture1", "rotation": 180 },
				"north": { "uv": [ 15, 12, 16, 13 ], "texture": "#texture1" },
				"south": { "uv": [ 16, 12, 15, 13 ], "texture": "#texture1" },
				"west": { "uv": [ 1, 1, 8, 8 ], "texture": "#texture1" },
				"east": { "uv": [ 4, 4, 5, 5 ], "texture": "#texture1" }
			}
		},
		{
			"__comment": "Cube2",
			"from": [ 2, 2, 0 ],
			"to": [ 10, 7, 1 ],
			"faces": {
				"down": { "uv": [ 9.5, 11.5, 10, 15.5 ], "texture": "#texture", "rotation": 90 },
				"up": { "uv": [ 3, 11.5, 3.5, 15 ], "texture": "#texture", "rotation": 90 },
				"north": { "uv": [ 1, 11.5, 3.5, 15 ], "texture": "#texture", "rotation": 270 },
				"south": { "uv": [ 3.5, 11.5, 1, 15 ], "texture": "#texture", "rotation": 90 },
				"west": { "uv": [ 5.5, 14.5, 8, 15 ], "texture": "#texture" },
				"east": { "uv": [ 5, 11.5, 8.5, 12 ], "texture": "#texture" }
			}
		},
		{
			"__comment": "Cube2",
			"from": [ 2, 8, 2 ],
			"to": [ 10, 9, 7 ],
			"faces": {
				"down": { "uv": [ 9.5, 11.5, 13, 15.5 ], "texture": "#texture" },
				"up": { "uv": [ 5.5, 11.5, 8, 15 ], "texture": "#texture", "rotation": 90 },
				"north": { "uv": [ 4, 10.5, 4.5, 14 ], "texture": "#texture", "rotation": 270 },
				"south": { "uv": [ 4, 10.5, 4.5, 14 ], "texture": "#texture", "rotation": 90 },
				"west": { "uv": [ 5.5, 14.5, 8, 15 ], "texture": "#texture" },
				"east": { "uv": [ 5.5, 11.5, 8, 12 ], "texture": "#texture" }
			}
		},
		{
			"__comment": "Cube2",
			"from": [ 2, 2, 8 ],
			"to": [ 10, 7, 9 ],
			"faces": {
				"down": { "uv": [ 9.5, 11.5, 10, 15.5 ], "texture": "#texture", "rotation": 90 },
				"up": { "uv": [ 3, 11.5, 3.5, 15 ], "texture": "#texture", "rotation": 90 },
				"north": { "uv": [ 5, 10.5, 8.5, 14 ], "texture": "#texture" },
				"south": { "uv": [ 3.5, 11.5, 1, 15 ], "texture": "#texture", "rotation": 90 },
				"west": { "uv": [ 5.5, 14.5, 8, 15 ], "texture": "#texture" },
				"east": { "uv": [ 5.5, 11.5, 8, 12 ], "texture": "#texture" }
			}
		},
		{
			"__comment": "Cube2",
			"from": [ 11, 1, 1 ],
			"to": [ 12.5, 8, 8 ],
			"faces": {
				"down": { "uv": [ 9, 7, 16, 8 ], "texture": "#texture1", "rotation": 90 },
				"up": { "uv": [ 1, 9, 0, 16 ], "texture": "#texture1", "rotation": 180 },
				"north": { "uv": [ 8, 9, 9, 16 ], "texture": "#texture1" },
				"south": { "uv": [ 9, 9, 8, 16 ], "texture": "#texture1" },
				"west": { "uv": [ 0, 0, 9, 9 ], "texture": "#texture1" },
				"east": { "uv": [ 0, 0, 9, 9 ], "texture": "#texture1" }
			}
		},
		{
			"__comment": "Cube2",
			"from": [ 11, 7, 1.5 ],
			"to": [ 14, 8, 7.5 ],
			"faces": {
				"down": { "uv": [ 9, 6, 16, 7 ], "texture": "#texture1", "rotation": 90 },
				"up": { "uv": [ 4, 10, 3, 15 ], "texture": "#texture1", "rotation": 180 },
				"north": { "uv": [ 9, 9, 10, 16 ], "texture": "#texture1" },
				"south": { "uv": [ 12, 10, 11, 11 ], "texture": "#texture1" },
				"west": { "uv": [ 1, 1, 8, 8 ], "texture": "#texture1" },
				"east": { "uv": [ 3, 10, 4, 15 ], "texture": "#texture1", "rotation": 90 }
			}
		},
		{
			"__comment": "Cube2",
			"from": [ 14, 2, 2 ],
			"to": [ 15, 7, 7 ],
			"faces": {
				"down": { "uv": [ 9, 6, 16, 7 ], "texture": "#texture1", "rotation": 90 },
				"up": { "uv": [ 5, 10, 4, 15 ], "texture": "#texture1", "rotation": 180 },
				"north": { "uv": [ 13, 10, 14, 15 ], "texture": "#texture1" },
				"south": { "uv": [ 14, 10, 13, 15 ], "texture": "#texture1" },
				"west": { "uv": [ 1, 1, 8, 8 ], "texture": "#texture1" },
				"east": { "uv": [ 2, 2, 7, 7 ], "texture": "#texture1" }
			}
		},
		{
			"__comment": "Cube2",
			"from": [ 15, 3, 3 ],
			"to": [ 16, 6, 6 ],
			"faces": {
				"down": { "uv": [ 9, 6, 16, 7 ], "texture": "#texture1", "rotation": 90 },
				"up": { "uv": [ 7, 11, 6, 14 ], "texture": "#texture1", "rotation": 180 },
				"north": { "uv": [ 14, 11, 15, 14 ], "texture": "#texture1" },
				"south": { "uv": [ 15, 11, 14, 14 ], "texture": "#texture1" },
				"west": { "uv": [ 1, 1, 8, 8 ], "texture": "#texture1" },
				"east": { "uv": [ 3, 3, 6, 6 ], "texture": "#texture1" }
			}
		},
		{
			"__comment": "Cube2",
			"from": [ 11, 1, 0 ],
			"to": [ 12.5, 8, 1 ],
			"faces": {
				"down": { "uv": [ 10, 15, 11, 16 ], "texture": "#texture1", "rotation": 90 },
				"up": { "uv": [ 11, 9, 10, 10 ], "texture": "#texture1", "rotation": 180 },
				"north": { "uv": [ 10, 9, 11, 16 ], "texture": "#texture1" },
				"south": { "uv": [ 11, 9, 10, 16 ], "texture": "#texture1" },
				"west": { "uv": [ 10, 9, 11, 16 ], "texture": "#texture1" },
				"east": { "uv": [ 10, 9, 11, 16 ], "texture": "#texture1" }
			}
		},
		{
			"__comment": "Cube2",
			"from": [ 11, 0, 1 ],
			"to": [ 12.5, 1, 8 ],
			"faces": {
				"down": { "uv": [ 9, 7, 16, 8 ], "texture": "#texture1", "rotation": 90 },
				"up": { "uv": [ 1, 9, 0, 16 ], "texture": "#texture1", "rotation": 180 },
				"north": { "uv": [ 8, 15, 9, 16 ], "texture": "#texture1" },
				"south": { "uv": [ 9, 15, 8, 16 ], "texture": "#texture1" },
				"west": { "uv": [ 0, 0, 9, 9 ], "texture": "#texture1" },
				"east": { "uv": [ 9, 7, 16, 8 ], "texture": "#texture1" }
			}
		},
		{
			"__comment": "Cube2",
			"from": [ 11, 2, 1 ],
			"to": [ 14, 7, 2 ],
			"faces": {
				"down": { "uv": [ 3, 12, 4, 13 ], "texture": "#texture1", "rotation": 90 },
				"up": { "uv": [ 2, 10, 1, 11.5 ], "texture": "#texture1", "rotation": 180 },
				"north": { "uv": [ 12, 10, 13, 15 ], "texture": "#texture1" },
				"south": { "uv": [ 13, 10, 12, 15 ], "texture": "#texture1" },
				"west": { "uv": [ 1, 1, 8, 8 ], "texture": "#texture1" },
				"east": { "uv": [ 12, 10, 13, 15 ], "texture": "#texture1" }
			}
		},
		{
			"__comment": "Cube2",
			"from": [ 11, 1, 1.5 ],
			"to": [ 14, 2, 7.5 ],
			"faces": {
				"down": { "uv": [ 9, 6, 16, 7 ], "texture": "#texture1", "rotation": 90 },
				"up": { "uv": [ 2, 9, 1, 16 ], "texture": "#texture1", "rotation": 180 },
				"north": { "uv": [ 9, 6, 10, 7 ], "texture": "#texture1" },
				"south": { "uv": [ 10, 6, 9, 7 ], "texture": "#texture1" },
				"west": { "uv": [ 1, 1, 8, 8 ], "texture": "#texture1" },
				"east": { "uv": [ 9, 6, 16, 7 ], "texture": "#texture1" }
			}
		},
		{
			"__comment": "Cube2",
			"from": [ 11, 8, 1 ],
			"to": [ 12.5, 9, 8 ],
			"faces": {
				"down": { "uv": [ 9, 7, 16, 8 ], "texture": "#texture1", "rotation": 90 },
				"up": { "uv": [ 3, 10, 2, 15 ], "texture": "#texture1", "rotation": 180 },
				"north": { "uv": [ 8, 13, 9, 14 ], "texture": "#texture1" },
				"south": { "uv": [ 9, 13, 8, 14 ], "texture": "#texture1" },
				"west": { "uv": [ 2, 10, 3, 15 ], "texture": "#texture1", "rotation": 90 },
				"east": { "uv": [ 2, 10, 3, 15 ], "texture": "#texture1", "rotation": 90 }
			}
		},
		{
			"__comment": "Cube2",
			"from": [ 11, 1, 8 ],
			"to": [ 12.5, 8, 9 ],
			"faces": {
				"down": { "uv": [ 10, 15, 11, 16 ], "texture": "#texture1", "rotation": 90 },
				"up": { "uv": [ 11, 9, 10, 10 ], "texture": "#texture1", "rotation": 180 },
				"north": { "uv": [ 10, 9, 11, 16 ], "texture": "#texture1" },
				"south": { "uv": [ 11, 9, 10, 16 ], "texture": "#texture1" },
				"west": { "uv": [ 10, 9, 11, 16 ], "texture": "#texture1" },
				"east": { "uv": [ 10, 9, 11, 16 ], "texture": "#texture1" }
			}
		},
		{
			"__comment": "Cube2",
			"from": [ 11, 2, 7 ],
			"to": [ 14, 7, 8 ],
			"faces": {
				"down": { "uv": [ 3, 12, 4, 13 ], "texture": "#texture1", "rotation": 90 },
				"up": { "uv": [ 2, 10, 1, 11.5 ], "texture": "#texture1", "rotation": 180 },
				"north": { "uv": [ 12, 10, 13, 15 ], "texture": "#texture1" },
				"south": { "uv": [ 13, 10, 12, 15 ], "texture": "#texture1" },
				"west": { "uv": [ 1, 1, 8, 8 ], "texture": "#texture1" },
				"east": { "uv": [ 12, 10, 13, 15 ], "texture": "#texture1" }
			}
		},
		{
			"__comment": "Cube2",
			"from": [ 0, 2, 2 ],
			"to": [ 1, 7, 7 ],
			"faces": {
				"down": { "uv": [ 10, 12, 12.5, 12.5 ], "texture": "#texture" },
				"up": { "uv": [ 5.5, 15, 8, 15.5 ], "texture": "#texture", "rotation": 270 },
				"north": { "uv": [ 1, 15, 3.5, 15.5 ], "texture": "#texture", "rotation": 270 },
				"south": { "uv": [ 1, 15, 3.5, 15.5 ], "texture": "#texture", "rotation": 270 },
				"west": { "uv": [ 1, 15, 3.5, 15.5 ], "texture": "#texture", "rotation": 270 },
				"east": { "uv": [ 12, 12, 16, 15.5 ], "texture": "#texture" }
			}
		},
		{
			"__comment": "Cube2",
			"from": [ -2, 0.5, 1.5 ],
			"to": [ 2, 3, 7.5 ],
			"faces": {
				"down": { "uv": [ 10, 12, 12.5, 12.5 ], "texture": "#texture" },
				"up": { "uv": [ 1.5, 12.5, 2.5, 13 ], "texture": "#texture", "rotation": 270 },
				"north": { "uv": [ 1, 12, 2.5, 13.5 ], "texture": "#texture", "rotation": 270 },
				"south": { "uv": [ 1, 12.5, 2.5, 15 ], "texture": "#texture", "rotation": 270 },
				"west": { "uv": [ 1, 13.5, 2.5, 14 ], "texture": "#texture", "rotation": 270 },
				"east": { "uv": [ 12, 12, 16, 15.5 ], "texture": "#texture" }
			}
		},
		{
			"__comment": "Cube2",
			"from": [ -5, 3, 3.5 ],
			"to": [ -3, 7, 5.5 ],
			"faces": {
				"down": { "uv": [ 10, 12, 12.5, 12.5 ], "texture": "#texture" },
				"up": { "uv": [ 5.5, 14.5, 8, 15 ], "texture": "#texture", "rotation": 270 },
				"north": { "uv": [ 1, 15.5, 3.5, 14.5 ], "texture": "#texture", "rotation": 270 },
				"south": { "uv": [ 1, 14.5, 3.5, 15.5 ], "texture": "#texture", "rotation": 270 },
				"west": { "uv": [ 1, 14.5, 3.5, 15 ], "texture": "#texture", "rotation": 270 },
				"east": { "uv": [ 1, 15, 3.5, 15.5 ], "texture": "#texture", "rotation": 270 }
			}
		},
		{
			"__comment": "Cube2",
			"from": [ 4.5, 3, -3 ],
			"to": [ 6, 4.5, 0 ],
			"faces": {
				"down": { "uv": [ 6.5, 6, 7, 7.5 ], "texture": "#texture" },
				"up": { "uv": [ 6.5, 6, 7, 7.5 ], "texture": "#texture", "rotation": 270 },
				"north": { "uv": [ 6.5, 6, 7, 7.5 ], "texture": "#texture", "rotation": 270 },
				"south": { "uv": [ 6.5, 6, 7, 7.5 ], "texture": "#texture", "rotation": 270 },
				"west": { "uv": [ 6.5, 6, 7, 7.5 ], "texture": "#texture", "rotation": 270 },
				"east": { "uv": [ 6.5, 6, 7, 7.5 ], "texture": "#texture" }
			}
		},
		{
			"__comment": "Cube2",
			"from": [ -4, 0.5, 2.5 ],
			"to": [ -2, 3, 6.5 ],
			"faces": {
				"down": { "uv": [ 10, 12, 12.5, 12.5 ], "texture": "#texture" },
				"up": { "uv": [ 1, 13, 2, 13.5 ], "texture": "#texture" },
				"north": { "uv": [ 1, 13, 2.5, 12 ], "texture": "#texture", "rotation": 270 },
				"south": { "uv": [ 1, 12, 2.5, 13 ], "texture": "#texture", "rotation": 270 },
				"west": { "uv": [ 1, 14.5, 2.5, 15 ], "texture": "#texture", "rotation": 270 },
				"east": { "uv": [ 12, 12, 16, 15.5 ], "texture": "#texture" }
			}
		},
		{
			"__comment": "Cube2",
			"from": [ -4, 7, 3.5 ],
			"to": [ 1, 8, 5.5 ],
			"faces": {
				"down": { "uv": [ 1, 13, 1.5, 13.5 ], "texture": "#texture" },
				"up": { "uv": [ 4, 14, 4.5, 14.5 ], "texture": "#texture", "rotation": 270 },
				"north": { "uv": [ 1.5, 12.5, 2, 13 ], "texture": "#texture", "rotation": 270 },
				"south": { "uv": [ 1.5, 12.5, 2, 13 ], "texture": "#texture", "rotation": 270 },
				"west": { "uv": [ 1.5, 12.5, 2, 13 ], "texture": "#texture", "rotation": 270 },
				"east": { "uv": [ 12, 12, 16, 15.5 ], "texture": "#texture" }
			}
		}
	],
	"display": {
		"thirdperson_righthand": {
			"rotation":  [ 0, 90, 0 ],
			"translation":  [ 2.7826, 0.6956, -5.564 ],
			"scale":  [ 0.7, 0.7, 0.7 ]
		},
		"thirdperson_lefthand": {
			"rotation":  [ 0, -90, 0 ],
			"translation":  [ -2.086, 0.6956, -5.564 ],
			"scale":  [ 0.7, 0.7, 0.7 ]
		},
		"firstperson_righthand": {
			"rotation":  [ 0, 90, 0 ],
			"translation":  [ 4.8695, 2.7826, -5.565 ]
		},
		"firstperson_lefthand": {
			"rotation":  [ 0, -90, 0 ],
			"translation":  [ -2.086, 2.7826, -5.565 ]
		},
		"gui": {
			"rotation":  [ 39, 47, 36 ],
			"translation":  [ 1.3913, 1.3913, -0.695 ],
			"scale":  [ 0.7, 0.7, 0.7 ]
		},
		"head": {
			"rotation":  [ 0, 0, 90 ],
			"translation":  [ -3.5, 5, 5 ]
		},
		"ground": {
			"translation":  [ 2.0869, 2, 2.7826 ],
			"scale":  [ 0.5, 0.5, 0.5 ]
		},
		"fixed": {
			"translation":  [ 6.9564, -3.477, 0 ],
			"scale":  [ 1.7, 1.7, 1.7 ]
		}
	}
}