{
	"__comment": "Designed by Galingueur with Cubik Studio - https://cubik.studio",
	"textures": {
		"particle": "block/i_chainsaw",
		"texture": "block/i_chainsaw"
	},
	"elements": [
		{
			"__comment": "Cube1",
			"from": [ 7, 5.5, 3 ],
			"to": [ 9, 8.5, 4 ],
			"faces": {
				"down": { "uv": [ 2.5, 7.5, 2, 6 ], "texture": "#texture", "rotation": 270 },
				"up": { "uv": [ 2, 6, 2.5, 7.5 ], "texture": "#texture", "rotation": 270 },
				"north": { "uv": [ 2, 6, 3, 7.5 ], "texture": "#texture" },
				"south": { "uv": [ 0, 6, 0, 3 ], "texture": "#texture" },
				"west": { "uv": [ 2, 5, 3, 5.5 ], "texture": "#texture", "rotation": 90 },
				"east": { "uv": [ 2, 5, 3, 5.5 ], "texture": "#texture", "rotation": 270 }
			}
		},
		{
			"__comment": "Cube1",
			"from": [ 7.5, 28.5, 5 ],
			"to": [ 8.5, 29.5, 8 ],
			"faces": {
				"down": { "uv": [ 13, 4.5, 12.5, 3 ], "texture": "#texture", "rotation": 180 },
				"up": { "uv": [ 12.5, 3, 13, 4.5 ], "texture": "#texture", "rotation": 180 },
				"north": { "uv": [ 12.5, 4, 13, 4.5 ], "texture": "#texture" },
				"south": { "uv": [ 13, 3.5, 12.5, 3 ], "texture": "#texture" },
				"west": { "uv": [ 12.5, 3, 13, 4.5 ], "texture": "#texture", "rotation": 90 },
				"east": { "uv": [ 12.5, 3, 13, 4.5 ], "texture": "#texture", "rotation": 270 }
			}
		},
		{
			"__comment": "Cube1",
			"from": [ 7, 3.5, 10 ],
			"to": [ 9, 7.5, 11 ],
			"faces": {
				"down": { "uv": [ 1.5, 1.5, 1, 0 ], "texture": "#texture", "rotation": 270 },
				"up": { "uv": [ 1, 0, 1.5, 1.5 ], "texture": "#texture", "rotation": 270 },
				"north": { "uv": [ 0, 11, 0, 15 ], "texture": "#texture" },
				"south": { "uv": [ 2.5, 1.5, 0.5, 0 ], "texture": "#texture", "rotation": 90 },
				"west": { "uv": [ 0.5, 1.5, 2.5, 2 ], "texture": "#texture", "rotation": 90 },
				"east": { "uv": [ 0.5, 1.5, 2.5, 2 ], "texture": "#texture", "rotation": 270 }
			}
		},
		{
			"__comment": "Cube1",
			"from": [ 7, 14.5, 9 ],
			"to": [ 9, 17.5, 10 ],
			"faces": {
				"down": { "uv": [ 16, 7, 16, 6 ], "texture": "#texture", "rotation": 180 },
				"up": { "uv": [ 7, 0.5, 7.5, 1 ], "texture": "#texture", "rotation": 180 },
				"north": { "uv": [ 0, 1, 0, 4 ], "texture": "#texture" },
				"south": { "uv": [ 7.5, 1, 6.5, 0.5 ], "texture": "#texture" },
				"west": { "uv": [ 6, 2, 7.5, 2.5 ], "texture": "#texture", "rotation": 90 },
				"east": { "uv": [ 6, 2, 7.5, 2.5 ], "texture": "#texture", "rotation": 270 }
			}
		},
		{
			"__comment": "Cube1",
			"from": [ 7, 4.5, 9 ],
			"to": [ 9, 9.5, 10 ],
			"faces": {
				"down": { "uv": [ 16, 7, 16, 6 ], "texture": "#texture", "rotation": 180 },
				"up": { "uv": [ 0, 6, 0, 7 ], "texture": "#texture", "rotation": 180 },
				"north": { "uv": [ 1, 6, 2, 7.5 ], "texture": "#texture", "rotation": 90 },
				"south": { "uv": [ 3.5, 1.5, 1, 0 ], "texture": "#texture", "rotation": 90 },
				"west": { "uv": [ 3.5, 2, 1, 2.5 ], "texture": "#texture", "rotation": 90 },
				"east": { "uv": [ 1, 2, 3.5, 2.5 ], "texture": "#texture", "rotation": 270 }
			}
		},
		{
			"__comment": "Cube1",
			"from": [ 7, 5.5, 6 ],
			"to": [ 9, 10.5, 7 ],
			"faces": {
				"down": { "uv": [ 1.5, 4, 1, 3.5 ], "texture": "#texture", "rotation": 180 },
				"up": { "uv": [ 0, 9, 0, 10 ], "texture": "#texture", "rotation": 180 },
				"north": { "uv": [ 0, 8, 0, 13 ], "texture": "#texture" },
				"south": { "uv": [ 0, 8, 0, 3 ], "texture": "#texture" },
				"west": { "uv": [ 4, 3.5, 1.5, 4 ], "texture": "#texture", "rotation": 90 },
				"east": { "uv": [ 1.5, 3.5, 4, 4 ], "texture": "#texture", "rotation": 270 }
			}
		},
		{
			"__comment": "Cube1",
			"from": [ 7, 3.5, 5 ],
			"to": [ 9, 8.5, 6 ],
			"faces": {
				"down": { "uv": [ 1.5, 7.5, 1, 6 ], "texture": "#texture", "rotation": 270 },
				"up": { "uv": [ 1, 6, 1.5, 7.5 ], "texture": "#texture", "rotation": 270 },
				"north": { "uv": [ 0.5, 4, 1, 4.5 ], "texture": "#texture" },
				"south": { "uv": [ 0, 6, 0, 1 ], "texture": "#texture" },
				"west": { "uv": [ 3, 4, 0.5, 4.5 ], "texture": "#texture", "rotation": 90 },
				"east": { "uv": [ 0.5, 4, 3, 4.5 ], "texture": "#texture", "rotation": 270 }
			}
		},
		{
			"__comment": "Cube1",
			"from": [ 6.5, 8.5, 4 ],
			"to": [ 9.5, 10.5, 6 ],
			"faces": {
				"down": { "uv": [ 3.5, 5, 3, 4 ], "texture": "#texture", "rotation": 180 },
				"up": { "uv": [ 3, 3.5, 3.5, 4.5 ], "texture": "#texture", "rotation": 180 },
				"north": { "uv": [ 3, 4.5, 4, 5 ], "texture": "#texture" },
				"south": { "uv": [ 4, 5, 3, 4.5 ], "texture": "#texture" },
				"west": { "uv": [ 4, 4, 3, 5 ], "texture": "#texture", "rotation": 90 },
				"east": { "uv": [ 3, 4, 4, 5 ], "texture": "#texture", "rotation": 270 }
			}
		},
		{
			"__comment": "Cube1",
			"from": [ 7, 6.5, 7 ],
			"to": [ 9, 9.5, 9 ],
			"faces": {
				"down": { "uv": [ 1.5, 3.5, 1, 3 ], "texture": "#texture", "rotation": 180 },
				"up": { "uv": [ 0, 7, 0, 9 ], "texture": "#texture", "rotation": 180 },
				"north": { "uv": [ 0, 9, 0, 12 ], "texture": "#texture" },
				"south": { "uv": [ 0, 7, 0, 4 ], "texture": "#texture" },
				"west": { "uv": [ 3.5, 2.5, 2, 3.5 ], "texture": "#texture", "rotation": 90 },
				"east": { "uv": [ 2, 2.5, 3.5, 3.5 ], "texture": "#texture", "rotation": 270 }
			}
		},
		{
			"__comment": "Cube1",
			"from": [ 6, 14.5, 7 ],
			"to": [ 10, 17.5, 9 ],
			"faces": {
				"down": { "uv": [ 16, 9, 15, 7 ], "texture": "#texture", "rotation": 180 },
				"up": { "uv": [ 7, 2.5, 7.5, 3.5 ], "texture": "#texture", "rotation": 180 },
				"north": { "uv": [ 4, 3.5, 6, 4 ], "texture": "#texture" },
				"south": { "uv": [ 7.5, 1.5, 6, 0 ], "texture": "#texture", "rotation": 90 },
				"west": { "uv": [ 7.5, 2.5, 6, 3.5 ], "texture": "#texture", "rotation": 90 },
				"east": { "uv": [ 6, 2.5, 7.5, 3.5 ], "texture": "#texture", "rotation": 270 }
			}
		},
		{
			"__comment": "Cube1",
			"from": [ 6, 15.5, 4 ],
			"to": [ 10, 16.5, 6 ],
			"faces": {
				"down": { "uv": [ 16, 11, 15, 9 ], "texture": "#texture", "rotation": 180 },
				"up": { "uv": [ 6.5, 4, 7, 5 ], "texture": "#texture", "rotation": 180 },
				"north": { "uv": [ 6.5, 6, 7, 7.5 ], "texture": "#texture" },
				"south": { "uv": [ 1, 13, 0, 12 ], "texture": "#texture" },
				"west": { "uv": [ 6.5, 4, 7, 5 ], "texture": "#texture", "rotation": 90 },
				"east": { "uv": [ 6.5, 4, 7, 5 ], "texture": "#texture", "rotation": 270 }
			}
		},
		{
			"__comment": "Cube1",
			"from": [ 7, 10.5, 10 ],
			"to": [ 9, 14.5, 11 ],
			"faces": {
				"down": { "uv": [ 7.5, 1, 7, 0.5 ], "texture": "#texture", "rotation": 180 },
				"up": { "uv": [ 7, 0.5, 7.5, 1 ], "texture": "#texture", "rotation": 180 },
				"north": { "uv": [ 0, 4, 0, 8 ], "texture": "#texture" },
				"south": { "uv": [ 6, 1, 4.5, 0.5 ], "texture": "#texture" },
				"west": { "uv": [ 4, 1.5, 6, 2 ], "texture": "#texture", "rotation": 90 },
				"east": { "uv": [ 4, 1.5, 6, 2 ], "texture": "#texture", "rotation": 270 }
			}
		},
		{
			"__comment": "Cube1",
			"from": [ 7, 4.5, 4 ],
			"to": [ 9, 8.5, 5 ],
			"faces": {
				"down": { "uv": [ 1.5, 7.5, 1, 6 ], "texture": "#texture", "rotation": 270 },
				"up": { "uv": [ 1, 6, 1.5, 7.5 ], "texture": "#texture", "rotation": 270 },
				"north": { "uv": [ 1, 4.5, 1.5, 5 ], "texture": "#texture" },
				"south": { "uv": [ 0, 6, 0, 2 ], "texture": "#texture" },
				"west": { "uv": [ 3, 4.5, 1, 5 ], "texture": "#texture", "rotation": 90 },
				"east": { "uv": [ 1, 4.5, 3, 5 ], "texture": "#texture", "rotation": 270 }
			}
		},
		{
			"__comment": "Cube1",
			"from": [ 6, 10.5, 6 ],
			"to": [ 10, 16.5, 7 ],
			"faces": {
				"down": { "uv": [ 5.5, 4, 4.5, 3.5 ], "texture": "#texture", "rotation": 180 },
				"up": { "uv": [ 4, 3.5, 5, 4 ], "texture": "#texture", "rotation": 180 },
				"north": { "uv": [ 4, 3.5, 7, 4 ], "texture": "#texture" },
				"south": { "uv": [ 7, 4, 4, 3.5 ], "texture": "#texture" },
				"west": { "uv": [ 4, 3.5, 7, 4 ], "texture": "#texture", "rotation": 90 },
				"east": { "uv": [ 4, 3.5, 7, 4 ], "texture": "#texture", "rotation": 270 }
			}
		},
		{
			"__comment": "Cube1",
			"from": [ 7, 10.5, 2 ],
			"to": [ 9, 14.5, 3 ],
			"faces": {
				"down": { "uv": [ 5, 5.5, 4.5, 5 ], "texture": "#texture", "rotation": 180 },
				"up": { "uv": [ 4, 5, 4.5, 5.5 ], "texture": "#texture", "rotation": 180 },
				"north": { "uv": [ 4, 6, 6, 7.5 ], "texture": "#texture", "rotation": 270 },
				"south": { "uv": [ 1, 11, 0, 8 ], "texture": "#texture" },
				"west": { "uv": [ 6, 5.5, 4, 6 ], "texture": "#texture", "rotation": 90 },
				"east": { "uv": [ 4, 5.5, 6, 6 ], "texture": "#texture", "rotation": 270 }
			}
		},
		{
			"__comment": "Cube1",
			"from": [ 6, 14.5, 3 ],
			"to": [ 10, 15.5, 6 ],
			"faces": {
				"down": { "uv": [ 16, 12, 15, 9 ], "texture": "#texture", "rotation": 180 },
				"up": { "uv": [ 6, 4, 6.5, 5.5 ], "texture": "#texture", "rotation": 180 },
				"north": { "uv": [ 6, 6, 6.5, 7.5 ], "texture": "#texture", "rotation": 90 },
				"south": { "uv": [ 1, 12, 0, 11 ], "texture": "#texture" },
				"west": { "uv": [ 6.5, 4, 6, 5.5 ], "texture": "#texture", "rotation": 90 },
				"east": { "uv": [ 6, 4, 6.5, 5.5 ], "texture": "#texture", "rotation": 270 }
			}
		},
		{
			"__comment": "Cube1",
			"from": [ 7, 2.5, 6 ],
			"to": [ 9, 4.5, 10 ],
			"faces": {
				"down": { "uv": [ 1, 7.5, 0, 6 ], "texture": "#texture", "rotation": 270 },
				"up": { "uv": [ 0.5, 2, 1, 4 ], "texture": "#texture", "rotation": 180 },
				"north": { "uv": [ 0, 3.5, 0.5, 4 ], "texture": "#texture" },
				"south": { "uv": [ 0.5, 7.5, 0, 6 ], "texture": "#texture", "rotation": 90 },
				"west": { "uv": [ 1, 2, 0, 4 ], "texture": "#texture", "rotation": 90 },
				"east": { "uv": [ 0, 2, 1, 4 ], "texture": "#texture", "rotation": 270 }
			}
		},
		{
			"__comment": "Cube1",
			"from": [ 7.5, 16.5, 4 ],
			"to": [ 8.5, 28.5, 9 ],
			"faces": {
				"down": { "uv": [ 14.5, 1.5, 14, 0 ], "texture": "#texture", "rotation": 180 },
				"up": { "uv": [ 14, 0, 14.5, 1.5 ], "texture": "#texture", "rotation": 180 },
				"north": { "uv": [ 7, 6.5, 13, 7 ], "texture": "#texture" },
				"south": { "uv": [ 13, 1, 7.5, 0.5 ], "texture": "#texture" },
				"west": { "uv": [ 12.5, 2.5, 7, 5 ], "texture": "#texture", "rotation": 90 },
				"east": { "uv": [ 7, 2.5, 12.5, 5 ], "texture": "#texture", "rotation": 270 }
			}
		},
		{
			"__comment": "Cube1",
			"from": [ 6, 9.5, 7 ],
			"to": [ 10, 14.5, 10 ],
			"faces": {
				"down": { "uv": [ 4, 0, 3.5, 1.5 ], "texture": "#texture", "rotation": 180 },
				"up": { "uv": [ 6.5, 0, 7.5, 1.5 ], "texture": "#texture", "rotation": 270 },
				"north": { "uv": [ 3.5, 2, 4, 3.5 ], "texture": "#texture" },
				"south": { "uv": [ 6, 1.5, 3.5, 0 ], "texture": "#texture", "rotation": 90 },
				"west": { "uv": [ 6, 2, 3.5, 3.5 ], "texture": "#texture", "rotation": 90 },
				"east": { "uv": [ 3.5, 2, 6, 3.5 ], "texture": "#texture", "rotation": 270 }
			}
		},
		{
			"__comment": "Cube1",
			"from": [ 6, 10.5, 3 ],
			"to": [ 10, 14.5, 6 ],
			"faces": {
				"down": { "uv": [ 6, 6, 4.5, 4 ], "texture": "#texture", "rotation": 180 },
				"up": { "uv": [ 4, 4, 4.5, 6 ], "texture": "#texture", "rotation": 180 },
				"north": { "uv": [ 4, 6, 6, 7.5 ], "texture": "#texture", "rotation": 270 },
				"south": { "uv": [ 1, 11, 0, 8 ], "texture": "#texture" },
				"west": { "uv": [ 6, 4, 4, 5.5 ], "texture": "#texture", "rotation": 90 },
				"east": { "uv": [ 4, 4, 6, 5.5 ], "texture": "#texture", "rotation": 270 }
			}
		},
		{
			"__comment": "PlaneX22",
			"from": [ 7.999, 16.5, 3 ],
			"to": [ 8, 30.5, 10 ],
			"shade": false,
			"faces": {
				"west": { "uv": [ 13.5, 2, 7, 5.5 ], "texture": "#texture", "rotation": 90 },
				"east": { "uv": [ 7, 2, 13.5, 5.5 ], "texture": "#texture", "rotation": 270 }
			}
		}
	],
	"display": {
		"thirdperson_righthand": {
			"rotation":  [ -16, 0, 0 ],
			"translation":  [ 0, 0, 0.6956 ],
			"scale":  [ 1, 0.9, 1 ]
		},
		"thirdperson_lefthand": {
			"rotation":  [ -16, 0, 0 ],
			"translation":  [ 0, 0, 0.6956 ],
			"scale":  [ 1, 0.9, 1 ]
		},
		"firstperson_righthand": {
			"rotation":  [ -50, 0, 0 ],
			"translation":  [ 0, -3, 0 ]
		},
		"firstperson_lefthand": {
			"rotation":  [ -50, 0, 0 ],
			"translation":  [ 0, -3, 0 ]
		},
		"gui": {
			"rotation":  [ -127, -53, -111 ],
			"translation":  [ -2.782, -3.477, 0 ],
			"scale":  [ 0.6, 0.6, 0.6 ]
		},
		"head": {
			"rotation":  [ -17, 0, 0 ],
			"translation":  [ 0, 4.1739, 1.3912 ],
			"scale":  [ 0.6, 1.2, 1.2 ]
		},
		"ground": {
			"rotation":  [ -90, 0, 90 ],
			"translation":  [ 3.4782, 0, 0 ],
			"scale":  [ 0.5, 0.5, 0.5 ]
		},
		"fixed": {
			"rotation":  [ -90, 0, 90 ],
			"translation":  [ 13.217, -7.652, -1.391 ],
			"scale":  [ 1.5, 1.5, 1.5 ]
		}
	}
}