{
	"__comment": "Designed by Galingueur with Cubik Studio - https://cubik.studio",
	"textures": {
		"texture": "item/m_sword"
	},
	"elements": [
		{
			"__comment": "Cube2",
			"from": [ 8, 0, 7.5 ],
			"to": [ 9, 1, 8.5 ],
			"faces": {
				"down": { "uv": [ 4.5, 15, 5, 15.5 ], "texture": "#texture" },
				"up": { "uv": [ 4.5, 15, 5, 15.5 ], "texture": "#texture" },
				"north": { "uv": [ 4.5, 15, 5, 15.5 ], "texture": "#texture" },
				"south": { "uv": [ 13, 1.5, 13.5, 2 ], "texture": "#texture" },
				"west": { "uv": [ 4.5, 15, 5, 15.5 ], "texture": "#texture" },
				"east": { "uv": [ 4.5, 15, 5, 15.5 ], "texture": "#texture" }
			}
		},
		{
			"__comment": "Cube2",
			"from": [ 8, 8, 10.5 ],
			"to": [ 9, 9, 12.5 ],
			"faces": {
				"down": { "uv": [ 6, 11, 7, 11.5 ], "texture": "#texture" },
				"up": { "uv": [ 6, 11, 7, 11.5 ], "texture": "#texture", "rotation": 90 },
				"north": { "uv": [ 5.5, 11, 6, 11.5 ], "texture": "#texture" },
				"south": { "uv": [ 6.5, 11, 7, 11.5 ], "texture": "#texture" },
				"west": { "uv": [ 6, 11, 7, 11.5 ], "texture": "#texture" },
				"east": { "uv": [ 7, 11, 6, 11.5 ], "texture": "#texture" }
			}
		},
		{
			"__comment": "Cube2",
			"from": [ 8, 30, 8.5 ],
			"to": [ 9, 31, 10.5 ],
			"faces": {
				"down": { "uv": [ 3.5, 9, 4, 9.5 ], "texture": "#texture" },
				"up": { "uv": [ 3.5, 9, 4, 9.5 ], "texture": "#texture" },
				"north": { "uv": [ 3.5, 2, 4, 10.5 ], "texture": "#texture" },
				"south": { "uv": [ 3.5, 9, 4, 9.5 ], "texture": "#texture" },
				"west": { "uv": [ 6, 0, 5, 0.5 ], "texture": "#texture" },
				"east": { "uv": [ 6, 0, 5, 0.5 ], "texture": "#texture" }
			}
		},
		{
			"__comment": "Cube2",
			"from": [ 7.5, 6, 5.5 ],
			"to": [ 9.5, 8, 9.5 ],
			"faces": {
				"down": { "uv": [ 4, 12, 4.5, 12.5 ], "texture": "#texture" },
				"up": { "uv": [ 3.5, 11.5, 5.5, 12 ], "texture": "#texture", "rotation": 90 },
				"north": { "uv": [ 3.5, 11.5, 4, 12.5 ], "texture": "#texture" },
				"south": { "uv": [ 5, 11.5, 5.5, 12.5 ], "texture": "#texture" },
				"west": { "uv": [ 3.5, 11.5, 5.5, 12.5 ], "texture": "#texture" },
				"east": { "uv": [ 5.5, 11.5, 3.5, 12.5 ], "texture": "#texture" }
			}
		},
		{
			"__comment": "Cube2",
			"from": [ 8, 5, 2.5 ],
			"to": [ 9, 6, 4.5 ],
			"faces": {
				"down": { "uv": [ 2, 12.5, 3, 13 ], "texture": "#texture" },
				"up": { "uv": [ 2, 12.5, 3, 13 ], "texture": "#texture", "rotation": 90 },
				"north": { "uv": [ 2, 12.5, 2.5, 13 ], "texture": "#texture" },
				"south": { "uv": [ 2.5, 12.5, 3, 13 ], "texture": "#texture" },
				"west": { "uv": [ 2, 12.5, 3, 13 ], "texture": "#texture" },
				"east": { "uv": [ 3, 12.5, 2, 13 ], "texture": "#texture" }
			}
		},
		{
			"__comment": "Cube2",
			"from": [ 8, 7, 9.5 ],
			"to": [ 9, 9, 10.5 ],
			"faces": {
				"down": { "uv": [ 5.5, 11.5, 6, 12 ], "texture": "#texture" },
				"up": { "uv": [ 5.5, 11, 6, 11.5 ], "texture": "#texture", "rotation": 90 },
				"north": { "uv": [ 2.5, 12, 3, 12.5 ], "texture": "#texture" },
				"south": { "uv": [ 5.5, 11, 6, 12 ], "texture": "#texture" },
				"west": { "uv": [ 5.5, 11, 6, 12 ], "texture": "#texture" },
				"east": { "uv": [ 6, 11, 5.5, 12 ], "texture": "#texture" }
			}
		},
		{
			"__comment": "Cube2",
			"from": [ 8, 6, 3.5 ],
			"to": [ 9, 7, 5.5 ],
			"faces": {
				"down": { "uv": [ 2.5, 12, 3.5, 12.5 ], "texture": "#texture" },
				"up": { "uv": [ 2.5, 12, 3.5, 12.5 ], "texture": "#texture", "rotation": 90 },
				"north": { "uv": [ 2.5, 12, 3, 12.5 ], "texture": "#texture" },
				"south": { "uv": [ 3, 12, 3.5, 12.5 ], "texture": "#texture" },
				"west": { "uv": [ 2.5, 12, 3.5, 12.5 ], "texture": "#texture" },
				"east": { "uv": [ 3.5, 12, 2.5, 12.5 ], "texture": "#texture" }
			}
		},
		{
			"__comment": "Cube2",
			"from": [ 7, 5, 6 ],
			"to": [ 10, 6, 10 ],
			"faces": {
				"down": { "uv": [ 4, 12.5, 4.5, 13 ], "texture": "#texture" },
				"up": { "uv": [ 4.5, 12.5, 5, 13 ], "texture": "#texture" },
				"north": { "uv": [ 4, 12.5, 4.5, 13 ], "texture": "#texture" },
				"south": { "uv": [ 4, 12.5, 4.5, 13 ], "texture": "#texture" },
				"west": { "uv": [ 4, 12.5, 4.5, 13 ], "texture": "#texture" },
				"east": { "uv": [ 4, 12.5, 4.5, 13 ], "texture": "#texture" }
			}
		},
		{
			"__comment": "Cube2",
			"from": [ 8, 8, 6.5 ],
			"to": [ 9, 29, 9.5 ],
			"faces": {
				"down": { "uv": [ 3.5, 9, 4, 9.5 ], "texture": "#texture" },
				"up": { "uv": [ 3.5, 9, 4, 9.5 ], "texture": "#texture" },
				"north": { "uv": [ 3.5, 2, 4, 10.5 ], "texture": "#texture" },
				"south": { "uv": [ 3.5, 9, 4, 9.5 ], "texture": "#texture" },
				"west": { "uv": [ 4, 1, 5.5, 11.5 ], "texture": "#texture" },
				"east": { "uv": [ 5.5, 1, 4, 11.5 ], "texture": "#texture" }
			}
		},
		{
			"__comment": "Cube2",
			"from": [ 8, 9, 5.5 ],
			"to": [ 9, 28, 6.5 ],
			"faces": {
				"down": { "uv": [ 3.5, 9, 4, 9.5 ], "texture": "#texture" },
				"up": { "uv": [ 3.5, 9, 4, 9.5 ], "texture": "#texture" },
				"north": { "uv": [ 3.5, 2, 4, 10.5 ], "texture": "#texture" },
				"south": { "uv": [ 3.5, 9, 4, 9.5 ], "texture": "#texture" },
				"west": { "uv": [ 4, 1.500001, 3.5, 11 ], "texture": "#texture" },
				"east": { "uv": [ 4, 1.500001, 3.5, 11 ], "texture": "#texture" }
			}
		},
		{
			"__comment": "Cube2",
			"from": [ 8, 29, 7.5 ],
			"to": [ 9, 30, 10.5 ],
			"faces": {
				"down": { "uv": [ 3.5, 9, 4, 9.5 ], "texture": "#texture" },
				"up": { "uv": [ 3.5, 9, 4, 9.5 ], "texture": "#texture" },
				"north": { "uv": [ 3.5, 2, 4, 10.5 ], "texture": "#texture" },
				"south": { "uv": [ 3.5, 9, 4, 9.5 ], "texture": "#texture" },
				"west": { "uv": [ 6, 0.5, 4.5, 1 ], "texture": "#texture" },
				"east": { "uv": [ 6, 0.5, 4.5, 1 ], "texture": "#texture" }
			}
		},
		{
			"__comment": "Cube2",
			"from": [ 7.5, 1, 6.5 ],
			"to": [ 9.5, 6, 9.5 ],
			"faces": {
				"down": { "uv": [ 4, 14.5, 4.5, 15 ], "texture": "#texture" },
				"up": { "uv": [ 4.5, 12.5, 5, 13 ], "texture": "#texture" },
				"north": { "uv": [ 4, 12.5, 5.5, 15 ], "texture": "#texture" },
				"south": { "uv": [ 4, 12.5, 5.5, 15 ], "texture": "#texture" },
				"west": { "uv": [ 4, 12.5, 5.5, 15 ], "texture": "#texture" },
				"east": { "uv": [ 4, 12.5, 5.5, 15 ], "texture": "#texture" }
			}
		}
	],
	"display": {
		"thirdperson_righthand": {
			"translation":  [ 0, 2.0868, 0 ],
			"scale":  [ 0.7, 0.7, 0.7 ]
		},
		"thirdperson_lefthand": {
			"translation":  [ 0, 2.0868, 0 ],
			"scale":  [ 0.7, 0.7, 0.7 ]
		},
		"firstperson_righthand": {
			"rotation":  [ -17, 15, 0 ],
			"scale":  [ 0.7, 0.7, 0.7 ]
		},
		"firstperson_lefthand": {
			"rotation":  [ -17, 13, 0 ],
			"translation":  [ 1, 0, 0 ],
			"scale":  [ 0.7, 0.7, 0.7 ]
		},
		"gui": {
			"rotation":  [ 31, -131, 47 ],
			"translation":  [ -0.694, -3.474, 0 ],
			"scale":  [ 0.5, 0.5, 0.5 ]
		},
		"head": {
			"rotation":  [ -47, 0, 0 ],
			"translation":  [ 0, 6.2608, 0 ]
		},
		"ground": {
			"translation":  [ 0, 2, 0 ],
			"scale":  [ 0.5, 0.5, 0.5 ]
		},
		"fixed": {
			"rotation":  [ 90, -90, 90 ],
			"translation":  [ 0, -0.695, -2.782 ],
			"scale":  [ 2, 2, 2 ]
		}
	}
}