{
	"__comment": "Designed by Galingueur with Cubik Studio - https://cubik.studio",
	"textures": {
		"texture": "item/m_irontools_01"
	},
	"elements": [
		{
			"__comment": "Box2",
			"from": [ 6, 16, 5 ],
			"to": [ 8, 17, 7 ],
			"faces": {
				"down": { "uv": [ 4.5, 4, 5.5, 4.5 ], "texture": "#texture", "rotation": 90 },
				"up": { "uv": [ 4.5, 4, 5.5, 4.5 ], "texture": "#texture", "rotation": 90 },
				"north": { "uv": [ 4.5, 4, 5, 4.5 ], "texture": "#texture" },
				"south": { "uv": [ 5, 4, 5.5, 4.5 ], "texture": "#texture" },
				"west": { "uv": [ 4.5, 4, 5.5, 4.5 ], "texture": "#texture" },
				"east": { "uv": [ 4.5, 4, 5.5, 4.5 ], "texture": "#texture", "rotation": 180 }
			}
		},
		{
			"__comment": "Box2",
			"from": [ 6, 3, 2 ],
			"to": [ 8, 15, 5 ],
			"faces": {
				"down": { "uv": [ 3, 5, 3.5, 5.5 ], "texture": "#texture", "rotation": 90 },
				"up": { "uv": [ 3, 5, 3.5, 5.5 ], "texture": "#texture", "rotation": 90 },
				"north": { "uv": [ 4.5, 5, 3.5, 11 ], "texture": "#texture" },
				"south": { "uv": [ 3, 5, 4, 11 ], "texture": "#texture" },
				"west": { "uv": [ 3, 5, 4.5, 11 ], "texture": "#texture" },
				"east": { "uv": [ 3, 5, 4.5, 11 ], "texture": "#texture" }
			}
		},
		{
			"__comment": "Box2",
			"from": [ 6, 2, 1 ],
			"to": [ 8, 4, 2 ],
			"faces": {
				"down": { "uv": [ 2, 11, 2.5, 12 ], "texture": "#texture" },
				"up": { "uv": [ 2, 11, 2.5, 12 ], "texture": "#texture" },
				"north": { "uv": [ 2.5, 10.5, 3, 11.5 ], "texture": "#texture" },
				"south": { "uv": [ 2.5, 10.5, 3, 11.5 ], "texture": "#texture" },
				"west": { "uv": [ 2.5, 10.5, 3, 11.5 ], "texture": "#texture" },
				"east": { "uv": [ 2.5, 10.5, 3, 11.5 ], "texture": "#texture" }
			}
		},
		{
			"__comment": "Box2",
			"from": [ 6, 1, 0 ],
			"to": [ 8, 3, 1 ],
			"faces": {
				"down": { "uv": [ 2, 11, 2.5, 12 ], "texture": "#texture" },
				"up": { "uv": [ 2, 11, 2.5, 12 ], "texture": "#texture" },
				"north": { "uv": [ 2, 11, 2.5, 12 ], "texture": "#texture" },
				"south": { "uv": [ 2, 11, 2.5, 12 ], "texture": "#texture" },
				"west": { "uv": [ 2, 11, 2.5, 12 ], "texture": "#texture" },
				"east": { "uv": [ 2, 11, 2.5, 12 ], "texture": "#texture" }
			}
		},
		{
			"__comment": "Box2",
			"from": [ 6, 1, 6 ],
			"to": [ 8, 3, 7 ],
			"faces": {
				"down": { "uv": [ 2, 11, 2.5, 12 ], "texture": "#texture" },
				"up": { "uv": [ 2, 11, 2.5, 12 ], "texture": "#texture" },
				"north": { "uv": [ 2, 11, 2.5, 12 ], "texture": "#texture" },
				"south": { "uv": [ 2, 11, 2.5, 12 ], "texture": "#texture" },
				"west": { "uv": [ 2, 11, 2.5, 12 ], "texture": "#texture" },
				"east": { "uv": [ 2, 11, 2.5, 12 ], "texture": "#texture" }
			}
		},
		{
			"__comment": "Box2",
			"from": [ 6, 2, 5 ],
			"to": [ 8, 4, 6 ],
			"faces": {
				"down": { "uv": [ 2, 11, 2.5, 12 ], "texture": "#texture" },
				"up": { "uv": [ 2, 11, 2.5, 12 ], "texture": "#texture" },
				"north": { "uv": [ 2.5, 10.5, 3, 11.5 ], "texture": "#texture" },
				"south": { "uv": [ 2.5, 10.5, 3, 11.5 ], "texture": "#texture" },
				"west": { "uv": [ 2.5, 10.5, 3, 11.5 ], "texture": "#texture" },
				"east": { "uv": [ 2.5, 10.5, 3, 11.5 ], "texture": "#texture" }
			}
		},
		{
			"__comment": "Box2",
			"from": [ 6, 0, 0 ],
			"to": [ 8, 1, 7 ],
			"faces": {
				"down": { "uv": [ 2, 12, 5.5, 12.5 ], "texture": "#texture", "rotation": 90 },
				"up": { "uv": [ 2, 12, 5.5, 12.5 ], "texture": "#texture", "rotation": 90 },
				"north": { "uv": [ 2, 12, 2.5, 12.5 ], "texture": "#texture" },
				"south": { "uv": [ 5, 12, 5.5, 12.5 ], "texture": "#texture" },
				"west": { "uv": [ 2, 12, 5.5, 12.5 ], "texture": "#texture" },
				"east": { "uv": [ 2, 12, 5.5, 12.5 ], "texture": "#texture" }
			}
		},
		{
			"__comment": "Box2",
			"from": [ 6, 15, 1 ],
			"to": [ 8, 16, 6 ],
			"faces": {
				"down": { "uv": [ 2.5, 4.5, 5, 5 ], "texture": "#texture" },
				"up": { "uv": [ 2.5, 4.5, 5, 5 ], "texture": "#texture" },
				"north": { "uv": [ 2.5, 4.5, 5, 5 ], "texture": "#texture" },
				"south": { "uv": [ 2.5, 4.5, 5, 5 ], "texture": "#texture" },
				"west": { "uv": [ 2.5, 4.5, 5, 5 ], "texture": "#texture" },
				"east": { "uv": [ 2.5, 4.5, 5, 5 ], "texture": "#texture" }
			}
		},
		{
			"__comment": "Box2",
			"from": [ 6, 16, 0 ],
			"to": [ 8, 17, 2 ],
			"faces": {
				"down": { "uv": [ 2, 4, 3, 4.5 ], "texture": "#texture", "rotation": 90 },
				"up": { "uv": [ 2, 4, 3, 4.5 ], "texture": "#texture", "rotation": 90 },
				"north": { "uv": [ 2, 4, 2.5, 4.5 ], "texture": "#texture" },
				"south": { "uv": [ 2.5, 4, 3, 4.5 ], "texture": "#texture" },
				"west": { "uv": [ 2, 4, 3, 4.5 ], "texture": "#texture" },
				"east": { "uv": [ 2, 4, 3, 4.5 ], "texture": "#texture" }
			}
		},
		{
			"__comment": "Box2",
			"from": [ 8, 16, 2 ],
			"to": [ 9, 25, 5 ],
			"faces": {
				"down": { "uv": [ 3, 4, 4.5, 4.5 ], "texture": "#texture", "rotation": 90 },
				"up": { "uv": [ 3, 0, 4.5, 0.5 ], "texture": "#texture", "rotation": 90 },
				"north": { "uv": [ 3, 0, 3.5, 4.5 ], "texture": "#texture" },
				"south": { "uv": [ 3, 0, 3.5, 4.5 ], "texture": "#texture" },
				"west": { "uv": [ 3, 0, 4.5, 4.5 ], "texture": "#texture" },
				"east": { "uv": [ 3, 0, 4.5, 4.5 ], "texture": "#texture" }
			}
		},
		{
			"__comment": "Box2",
			"from": [ 6.5, 17, 6 ],
			"to": [ 8, 19, 7 ],
			"faces": {
				"down": { "uv": [ 2, 4, 2.5, 4.5 ], "texture": "#texture", "rotation": 90 },
				"up": { "uv": [ 2, 2.5, 2.5, 3 ], "texture": "#texture", "rotation": 90 },
				"north": { "uv": [ 2, 3, 2.5, 4 ], "texture": "#texture" },
				"south": { "uv": [ 2, 3, 2.5, 4 ], "texture": "#texture" },
				"west": { "uv": [ 2, 3, 2.5, 4 ], "texture": "#texture" },
				"east": { "uv": [ 2, 3, 2.5, 4 ], "texture": "#texture" }
			}
		},
		{
			"__comment": "Box2",
			"from": [ 6.5, 17, 0 ],
			"to": [ 8, 19, 1 ],
			"faces": {
				"down": { "uv": [ 2, 4, 2.5, 4.5 ], "texture": "#texture", "rotation": 90 },
				"up": { "uv": [ 2, 2.5, 2.5, 3 ], "texture": "#texture", "rotation": 90 },
				"north": { "uv": [ 2, 3, 2.5, 4 ], "texture": "#texture" },
				"south": { "uv": [ 2, 3, 2.5, 4 ], "texture": "#texture" },
				"west": { "uv": [ 2, 3, 2.5, 4 ], "texture": "#texture" },
				"east": { "uv": [ 2, 3, 2.5, 4 ], "texture": "#texture" }
			}
		},
		{
			"__comment": "Box2",
			"from": [ 7, 19, 0 ],
			"to": [ 8, 23, 1 ],
			"faces": {
				"down": { "uv": [ 2, 4, 2.5, 4.5 ], "texture": "#texture", "rotation": 90 },
				"up": { "uv": [ 2, 1, 2.5, 1.5 ], "texture": "#texture", "rotation": 90 },
				"north": { "uv": [ 2, 1, 2.5, 3.5 ], "texture": "#texture" },
				"south": { "uv": [ 2, 1, 2.5, 3.5 ], "texture": "#texture" },
				"west": { "uv": [ 2, 1, 2.5, 3.5 ], "texture": "#texture" },
				"east": { "uv": [ 2, 1, 2.5, 3.5 ], "texture": "#texture" }
			}
		},
		{
			"__comment": "Box2",
			"from": [ 7, 19, 6 ],
			"to": [ 8, 23, 7 ],
			"faces": {
				"down": { "uv": [ 2, 4, 2.5, 4.5 ], "texture": "#texture", "rotation": 90 },
				"up": { "uv": [ 2, 1, 2.5, 1.5 ], "texture": "#texture", "rotation": 90 },
				"north": { "uv": [ 2, 1, 2.5, 3.5 ], "texture": "#texture" },
				"south": { "uv": [ 2, 1, 2.5, 3.5 ], "texture": "#texture" },
				"west": { "uv": [ 2, 1, 2.5, 3.5 ], "texture": "#texture" },
				"east": { "uv": [ 2, 1, 2.5, 3.5 ], "texture": "#texture" }
			}
		},
		{
			"__comment": "Box2",
			"from": [ 7.5, 17, 1 ],
			"to": [ 8.5, 24, 2 ],
			"faces": {
				"down": { "uv": [ 2.5, 3.5, 3, 4 ], "texture": "#texture", "rotation": 90 },
				"up": { "uv": [ 2.5, 0.5, 3, 1 ], "texture": "#texture", "rotation": 90 },
				"north": { "uv": [ 2.5, 0.5, 3, 4 ], "texture": "#texture" },
				"south": { "uv": [ 2.5, 0.5, 3, 4 ], "texture": "#texture" },
				"west": { "uv": [ 2.5, 0.5, 3, 4 ], "texture": "#texture" },
				"east": { "uv": [ 2.5, 0.5, 3, 4 ], "texture": "#texture" }
			}
		},
		{
			"__comment": "Box2",
			"from": [ 7.5, 17, 5 ],
			"to": [ 8.5, 24, 6 ],
			"faces": {
				"down": { "uv": [ 2.5, 3.5, 3, 4 ], "texture": "#texture", "rotation": 90 },
				"up": { "uv": [ 2.5, 0.5, 3, 1 ], "texture": "#texture", "rotation": 90 },
				"north": { "uv": [ 2.5, 0.5, 3, 4 ], "texture": "#texture" },
				"south": { "uv": [ 2.5, 0.5, 3, 4 ], "texture": "#texture" },
				"west": { "uv": [ 2.5, 0.5, 3, 4 ], "texture": "#texture" },
				"east": { "uv": [ 2.5, 0.5, 3, 4 ], "texture": "#texture" }
			}
		}
	],
	"display": {
		"thirdperson_righthand": {
			"rotation":  [ -23, 79, 0 ],
			"translation":  [ 3.4795, -0.693, 0.6956 ],
			"scale":  [ 0.8, 0.8, 0.8 ]
		},
		"thirdperson_lefthand": {
			"rotation":  [ -23, -118, 0 ],
			"translation":  [ -2.782, -3.477, -1.39 ],
			"scale":  [ 0.8, 0.8, 0.8 ]
		},
		"firstperson_righthand": {
			"rotation":  [ 0, 97, -36 ],
			"translation":  [ 3.9135, 1.8087, 1.13 ],
			"scale":  [ 0.68, 0.68, 0.68 ]
		},
		"firstperson_lefthand": {
			"rotation":  [ 0, -113, 36 ],
			"translation":  [ -0.956, 1.8087, 1.13 ],
			"scale":  [ 0.68, 0.68, 0.68 ]
		},
		"gui": {
			"rotation":  [ 30, 52, -55 ],
			"translation":  [ 1.3913, -2.782, 0 ],
			"scale":  [ 0.625, 0.625, 0.625 ]
		},
		"fixed": {
			"rotation":  [ 90, 0, 90 ],
			"translation":  [ 6.2608, -9.738, 0.6521 ],
			"scale":  [ 2, 2, 2 ]
		}
	}
}