{
	"__comment": "Designed by Galingueur with Cubik Studio - https://cubik.studio",
	"textures": {
		"texture": "item/m_irontools_02"
	},
	"elements": [
		{
			"__comment": "Box2",
			"from": [ 7, 1, 6 ],
			"to": [ 9, 6, 9 ],
			"faces": {
				"down": { "uv": [ 0, 14.5, 0.5, 15 ], "texture": "#texture", "rotation": 90 },
				"up": { "uv": [ 2, 14, 2.5, 14.5 ], "texture": "#texture", "rotation": 90 },
				"north": { "uv": [ 0, 14, 2.5, 15 ], "texture": "#texture", "rotation": 270 },
				"south": { "uv": [ 0, 14, 2.5, 15 ], "texture": "#texture", "rotation": 270 },
				"west": { "uv": [ 0, 14, 2.5, 15.5 ], "texture": "#texture", "rotation": 270 },
				"east": { "uv": [ 0, 14, 2.5, 15.5 ], "texture": "#texture", "rotation": 270 }
			}
		},
		{
			"__comment": "Box2",
			"from": [ 7.5, 7, 5 ],
			"to": [ 8.5, 23, 9 ],
			"faces": {
				"down": { "uv": [ 3, 13.5, 3.5, 14 ], "texture": "#texture", "rotation": 270 },
				"up": { "uv": [ 3, 13.5, 3.5, 14 ], "texture": "#texture", "rotation": 90 },
				"north": { "uv": [ 3, 13.5, 11, 14 ], "texture": "#texture", "rotation": 90 },
				"south": { "uv": [ 8, 15, 8.5, 15.5 ], "texture": "#texture" },
				"west": { "uv": [ 3, 13.5, 11, 15.5 ], "texture": "#texture", "rotation": 270 },
				"east": { "uv": [ 3, 15.5, 11, 13.5 ], "texture": "#texture", "rotation": 270 }
			}
		},
		{
			"__comment": "Box2",
			"from": [ 7.5, 6, 6 ],
			"to": [ 8.5, 7, 8 ],
			"faces": {
				"down": { "uv": [ 10, 2.5, 10.5, 3 ], "texture": "#texture" },
				"up": { "uv": [ 10, 2.5, 10.5, 3 ], "texture": "#texture" },
				"north": { "uv": [ 2.5, 14, 3, 14.5 ], "texture": "#texture" },
				"south": { "uv": [ 2.5, 14.5, 3, 15 ], "texture": "#texture" },
				"west": { "uv": [ 3, 14, 2.5, 15 ], "texture": "#texture", "rotation": 270 },
				"east": { "uv": [ 2.5, 15, 3, 14 ], "texture": "#texture", "rotation": 270 }
			}
		},
		{
			"__comment": "Box2",
			"from": [ 7, 7, 7 ],
			"to": [ 9, 14, 8 ],
			"faces": {
				"down": { "uv": [ 6.5, 14.5, 3.5, 15 ], "texture": "#texture", "rotation": 90 },
				"up": { "uv": [ 6.5, 14.5, 3.5, 15 ], "texture": "#texture", "rotation": 90 },
				"north": { "uv": [ 6.5, 14.5, 3.5, 15 ], "texture": "#texture", "rotation": 90 },
				"south": { "uv": [ 6.5, 14.5, 3.5, 15 ], "texture": "#texture", "rotation": 90 },
				"west": { "uv": [ 6.5, 14.5, 3.5, 15 ], "texture": "#texture", "rotation": 90 },
				"east": { "uv": [ 6.5, 14.5, 3.5, 15 ], "texture": "#texture", "rotation": 90 }
			}
		},
		{
			"__comment": "Box2",
			"from": [ 7.5, 8, 4 ],
			"to": [ 8.5, 22, 5 ],
			"faces": {
				"down": { "uv": [ 4.5, 13, 5, 13.5 ], "texture": "#texture" },
				"up": { "uv": [ 4.5, 13, 5, 13.5 ], "texture": "#texture" },
				"north": { "uv": [ 4.5, 13, 5, 13.5 ], "texture": "#texture" },
				"south": { "uv": [ 4.5, 13, 5, 13.5 ], "texture": "#texture" },
				"west": { "uv": [ 4.5, 13, 5, 13.5 ], "texture": "#texture" },
				"east": { "uv": [ 4.5, 13, 5, 13.5 ], "texture": "#texture" }
			}
		},
		{
			"__comment": "Box2",
			"from": [ 7.5, 23, 6 ],
			"to": [ 8.5, 24, 8 ],
			"faces": {
				"down": { "uv": [ 11, 14, 11.5, 15 ], "texture": "#texture" },
				"up": { "uv": [ 11, 14, 11.5, 15 ], "texture": "#texture" },
				"north": { "uv": [ 11, 14, 11.5, 14.5 ], "texture": "#texture" },
				"south": { "uv": [ 11, 14.5, 11.5, 15 ], "texture": "#texture" },
				"west": { "uv": [ 11, 14, 11.5, 15 ], "texture": "#texture", "rotation": 270 },
				"east": { "uv": [ 11, 14, 11.5, 15 ], "texture": "#texture", "rotation": 90 }
			}
		},
		{
			"__comment": "Box2",
			"from": [ 7, 6, 8 ],
			"to": [ 9, 16, 10 ],
			"faces": {
				"down": { "uv": [ 3, 15, 2.5, 16 ], "texture": "#texture" },
				"up": { "uv": [ 7.5, 15, 7, 16 ], "texture": "#texture" },
				"north": { "uv": [ 4.5, 0, 4, 2.5 ], "texture": "#texture" },
				"south": { "uv": [ 7.5, 15.5, 2.5, 16 ], "texture": "#texture", "rotation": 90 },
				"west": { "uv": [ 7.5, 16, 2.5, 15 ], "texture": "#texture", "rotation": 90 },
				"east": { "uv": [ 7.5, 15, 2.5, 16 ], "texture": "#texture", "rotation": 90 }
			}
		}
	],
	"display": {
		"thirdperson_righthand": {
			"rotation":  [ 13, 0, 0 ],
			"translation":  [ 0, 3.4782, 1.8912 ],
			"scale":  [ 0.85, 0.85, 0.85 ]
		},
		"thirdperson_lefthand": {
			"rotation":  [ 13, 0, 0 ],
			"translation":  [ 0, 3.4782, 1.8912 ],
			"scale":  [ 0.85, 0.85, 0.85 ]
		},
		"firstperson_righthand": {
			"rotation":  [ -22, 15, 0 ],
			"translation":  [ 1.13, 3.2, 1.13 ],
			"scale":  [ 0.7, 1, 0.7 ]
		},
		"firstperson_lefthand": {
			"rotation":  [ -22, 15, 0 ],
			"translation":  [ 1.13, 3.2, 1.13 ],
			"scale":  [ 0.7, 1, 0.7 ]
		},
		"gui": {
			"rotation":  [ 8, 230, 38 ],
			"translation":  [ -2.086, -2.086, 0 ],
			"scale":  [ 0.625, 0.625, 0.625 ]
		},
		"ground": {
			"translation":  [ 0, 2, 0 ],
			"scale":  [ 0.5, 0.5, 0.5 ]
		},
		"fixed": {
			"rotation":  [ 90, 0, 90 ],
			"translation":  [ 6.9565, -2, 0 ],
			"scale":  [ 2, 2, 2 ]
		}
	},

"overrides": [
    {
      "predicate": {
        "custom_model_data": 5
      },
      "model": "custom/signalis_machete"
    }, 
    {
      "predicate": {
        "custom_model_data": 512
      },
      "model": "custom/signalis_knife"
    }
  ]
}