{
	"__comment": "Designed by Galingueur with Cubik Studio - https://cubik.studio",
	"textures": {
		"texture": "item/m_irontools_01"
	},
	"elements": [
		{
			"__comment": "Box2",
			"from": [ 7, 0, 7 ],
			"to": [ 9, 1, 9 ],
			"faces": {
				"down": { "uv": [ 11.5, 12.5, 12.5, 13 ], "texture": "#texture", "rotation": 270 },
				"up": { "uv": [ 11.5, 12.5, 12.5, 13 ], "texture": "#texture", "rotation": 270 },
				"north": { "uv": [ 11.5, 12.5, 12, 13 ], "texture": "#texture" },
				"south": { "uv": [ 12, 12.5, 12.5, 13 ], "texture": "#texture" },
				"west": { "uv": [ 11.5, 12.5, 12.5, 13 ], "texture": "#texture" },
				"east": { "uv": [ 12.5, 12.5, 11.5, 13 ], "texture": "#texture" }
			}
		},
		{
			"__comment": "Box2",
			"from": [ 7, 1, 6 ],
			"to": [ 9, 15.5, 9 ],
			"faces": {
				"down": { "uv": [ 11, 12, 11.5, 12.5 ], "texture": "#texture", "rotation": 90 },
				"up": { "uv": [ 3, 5, 3.5, 5.5 ], "texture": "#texture", "rotation": 90 },
				"north": { "uv": [ 11, 5, 11.5, 12.5 ], "texture": "#texture" },
				"south": { "uv": [ 12, 5, 12.5, 12.5 ], "texture": "#texture" },
				"west": { "uv": [ 11, 5, 12.5, 12.5 ], "texture": "#texture" },
				"east": { "uv": [ 12.5, 5, 11, 12.5 ], "texture": "#texture" }
			}
		},
		{
			"__comment": "Box2",
			"from": [ 6.5, 15.5, 6 ],
			"to": [ 9.5, 22, 10 ],
			"faces": {
				"down": { "uv": [ 13, 9, 14.5, 9.5 ], "texture": "#texture", "rotation": 180 },
				"up": { "uv": [ 13, 6, 14.5, 6.5 ], "texture": "#texture", "rotation": 180 },
				"north": { "uv": [ 13, 6, 14.5, 9.5 ], "texture": "#texture" },
				"south": { "uv": [ 13, 6, 14.5, 9.5 ], "texture": "#texture" },
				"west": { "uv": [ 11, 1.5, 13, 5 ], "texture": "#texture" },
				"east": { "uv": [ 11, 1.5, 13, 5 ], "texture": "#texture" }
			}
		},
		{
			"__comment": "Box2",
			"from": [ 7, 16.5, 10 ],
			"to": [ 9, 23, 11 ],
			"faces": {
				"down": { "uv": [ 13, 9, 14.5, 9.5 ], "texture": "#texture", "rotation": 180 },
				"up": { "uv": [ 13, 1, 13.5, 1.5 ], "texture": "#texture", "rotation": 180 },
				"north": { "uv": [ 13, 1, 13.5, 4.5 ], "texture": "#texture" },
				"south": { "uv": [ 13, 1, 13.5, 4.5 ], "texture": "#texture" },
				"west": { "uv": [ 13, 1, 13.5, 4.5 ], "texture": "#texture" },
				"east": { "uv": [ 13, 1, 13.5, 4.5 ], "texture": "#texture" }
			}
		},
		{
			"__comment": "Box2",
			"from": [ 7, 22, 7 ],
			"to": [ 9, 23, 10 ],
			"faces": {
				"down": { "uv": [ 13, 9, 14.5, 9.5 ], "texture": "#texture", "rotation": 180 },
				"up": { "uv": [ 13, 6, 14.5, 6.5 ], "texture": "#texture", "rotation": 180 },
				"north": { "uv": [ 11.5, 1, 13, 1.5 ], "texture": "#texture" },
				"south": { "uv": [ 11.5, 1, 13, 1.5 ], "texture": "#texture" },
				"west": { "uv": [ 11.5, 1, 13, 1.5 ], "texture": "#texture" },
				"east": { "uv": [ 13, 1, 11.5, 1.5 ], "texture": "#texture" }
			}
		},
		{
			"__comment": "Box2",
			"from": [ 7, 23, 8 ],
			"to": [ 9, 24, 10 ],
			"faces": {
				"down": { "uv": [ 12, 0.5, 13, 1 ], "texture": "#texture", "rotation": 180 },
				"up": { "uv": [ 12, 0.5, 13, 1 ], "texture": "#texture", "rotation": 180 },
				"north": { "uv": [ 12, 0.5, 13, 1 ], "texture": "#texture", "rotation": 180 },
				"south": { "uv": [ 12, 0.5, 13, 1 ], "texture": "#texture", "rotation": 180 },
				"west": { "uv": [ 12, 0.5, 13, 1 ], "texture": "#texture", "rotation": 180 },
				"east": { "uv": [ 12, 0.5, 13, 1 ], "texture": "#texture", "rotation": 180 }
			}
		},
		{
			"__comment": "Box2",
			"from": [ 7.5, 18, 5 ],
			"to": [ 8.5, 24, 6 ],
			"faces": {
				"down": { "uv": [ 10.5, 3.5, 11, 4 ], "texture": "#texture", "rotation": 180 },
				"up": { "uv": [ 10.5, 0.5, 11, 1 ], "texture": "#texture", "rotation": 180 },
				"north": { "uv": [ 12, 0.5, 13, 1 ], "texture": "#texture", "rotation": 180 },
				"south": { "uv": [ 12, 0.5, 13, 1 ], "texture": "#texture", "rotation": 180 },
				"west": { "uv": [ 10.5, 0.5, 11, 4 ], "texture": "#texture" },
				"east": { "uv": [ 10.5, 0.5, 11, 4 ], "texture": "#texture" }
			}
		},
		{
			"__comment": "Box2",
			"from": [ 7.5, 17, 0 ],
			"to": [ 8.5, 23, 1 ],
			"faces": {
				"down": { "uv": [ 9.000001, 0, 10.5, 0.5 ], "texture": "#texture", "rotation": 180 },
				"up": { "uv": [ 9.000001, 0, 10.5, 0.5 ], "texture": "#texture", "rotation": 180 },
				"north": { "uv": [ 9.000001, 0, 10.5, 0.5 ], "texture": "#texture", "rotation": 180 },
				"south": { "uv": [ 9.000001, 0, 10.5, 0.5 ], "texture": "#texture", "rotation": 180 },
				"west": { "uv": [ 9.000001, 0, 10.5, 0.5 ], "texture": "#texture", "rotation": 180 },
				"east": { "uv": [ 9.000001, 0, 10.5, 0.5 ], "texture": "#texture", "rotation": 180 }
			}
		},
		{
			"__comment": "Box2",
			"from": [ 7.5, 16.5, 1 ],
			"to": [ 8.5, 24, 5 ],
			"faces": {
				"down": { "uv": [ 8.499999, 4, 10.5, 4.5 ], "texture": "#texture", "rotation": 270 },
				"up": { "uv": [ 8.499999, 0.5, 9.499998, 1 ], "texture": "#texture", "rotation": 180 },
				"north": { "uv": [ 10, 0.5, 10.5, 4.5 ], "texture": "#texture" },
				"south": { "uv": [ 10, 0.5, 10.5, 4.5 ], "texture": "#texture", "rotation": 180 },
				"west": { "uv": [ 8.500001, 0.5, 10.5, 4.5 ], "texture": "#texture" },
				"east": { "uv": [ 8.500001, 4.5, 10.5, 0.5 ], "texture": "#texture", "rotation": 180 }
			}
		},
		{
			"__comment": "Box2",
			"from": [ 7.5, 22, 6 ],
			"to": [ 8.5, 24, 7 ],
			"faces": {
				"down": { "uv": [ 11, 0.5, 11.5, 1 ], "texture": "#texture", "rotation": 180 },
				"up": { "uv": [ 11, 0.5, 11.5, 1 ], "texture": "#texture", "rotation": 180 },
				"north": { "uv": [ 11, 0.5, 11.5, 1 ], "texture": "#texture", "rotation": 180 },
				"south": { "uv": [ 11, 0.5, 11.5, 1 ], "texture": "#texture", "rotation": 180 },
				"west": { "uv": [ 11, 0.5, 11.5, 1.5 ], "texture": "#texture" },
				"east": { "uv": [ 11, 0.5, 11.5, 1.5 ], "texture": "#texture" }
			}
		},
		{
			"__comment": "Box2",
			"from": [ 7.5, 15.5, 2 ],
			"to": [ 8.5, 16.5, 4 ],
			"faces": {
				"down": { "uv": [ 8.999999, 4.5, 9.999998, 5 ], "texture": "#texture", "rotation": 180 },
				"up": { "uv": [ 8.999999, 4.5, 9.999998, 5 ], "texture": "#texture", "rotation": 180 },
				"north": { "uv": [ 8.999999, 4.5, 9.999998, 5 ], "texture": "#texture", "rotation": 180 },
				"south": { "uv": [ 8.999999, 4.5, 9.999998, 5 ], "texture": "#texture", "rotation": 180 },
				"west": { "uv": [ 8.999999, 4.5, 9.999998, 5 ], "texture": "#texture", "rotation": 180 },
				"east": { "uv": [ 8.999999, 4.5, 9.999998, 5 ], "texture": "#texture", "rotation": 180 }
			}
		},
		{
			"__comment": "Box2",
			"from": [ 7.5, 24, 2 ],
			"to": [ 8.5, 25, 5 ],
			"faces": {
				"down": { "uv": [ 9.000001, 0, 10.5, 0.5 ], "texture": "#texture", "rotation": 180 },
				"up": { "uv": [ 9.000001, 0, 10.5, 0.5 ], "texture": "#texture", "rotation": 180 },
				"north": { "uv": [ 9.000001, 0, 10.5, 0.5 ], "texture": "#texture", "rotation": 180 },
				"south": { "uv": [ 9.000001, 0, 10.5, 0.5 ], "texture": "#texture", "rotation": 180 },
				"west": { "uv": [ 9.000001, 0, 10.5, 0.5 ], "texture": "#texture", "rotation": 180 },
				"east": { "uv": [ 9.000001, 0, 10.5, 0.5 ], "texture": "#texture", "rotation": 180 }
			}
		}
	],
	"display": {
		"thirdperson_righthand": {
			"rotation":  [ 40, 0, 0 ],
			"translation":  [ 0, 1.3913, 3.2826 ],
			"scale":  [ 0.85, 0.85, 0.85 ]
		},
		"thirdperson_lefthand": {
			"rotation":  [ 40, 0, 0 ],
			"translation":  [ 0, 1.3913, 3.2826 ],
			"scale":  [ 0.85, 0.85, 0.85 ]
		},
		"firstperson_righthand": {
			"rotation":  [ -13, 15, 0 ],
			"translation":  [ 1.13, 3.2, 1.13 ],
			"scale":  [ 0.68, 0.68, 0.68 ]
		},
		"firstperson_lefthand": {
			"rotation":  [ -13, 15, 0 ],
			"translation":  [ 1.13, 3.2, 1.13 ],
			"scale":  [ 0.68, 0.68, 0.68 ]
		},
		"gui": {
			"rotation":  [ 8, 230, 38 ],
			"translation":  [ -2.086, -2.086, 0 ],
			"scale":  [ 0.625, 0.625, 0.625 ]
		},
		"ground": {
			"translation":  [ 0, 2, 0 ],
			"scale":  [ 0.5, 0.5, 0.5 ]
		},
		"fixed": {
			"rotation":  [ 90, 0, 90 ],
			"translation":  [ 6.9565, -2, 0 ],
			"scale":  [ 2, 2, 2 ]
		}
	}
}