{
	"__comment": "Designed by Galingueur with Cubik Studio - https://cubik.studio",
	"textures": {
		"texture": "item/m_irontools_02"
	},
	"elements": [
		{
			"__comment": "Box2",
			"from": [ 7.5, 0, 7 ],
			"to": [ 8.5, 1, 8 ],
			"faces": {
				"down": { "uv": [ 12, 11.5, 12.5, 12 ], "texture": "#texture", "rotation": 270 },
				"up": { "uv": [ 12, 11.5, 12.5, 12 ], "texture": "#texture", "rotation": 270 },
				"north": { "uv": [ 12, 11.5, 12.5, 12 ], "texture": "#texture", "rotation": 270 },
				"south": { "uv": [ 12, 11.5, 12.5, 12 ], "texture": "#texture", "rotation": 270 },
				"west": { "uv": [ 12, 11.5, 12.5, 12 ], "texture": "#texture", "rotation": 270 },
				"east": { "uv": [ 12, 11.5, 12.5, 12 ], "texture": "#texture", "rotation": 270 }
			}
		},
		{
			"__comment": "Box2",
			"from": [ 7.5, 16.5, -1 ],
			"to": [ 8.5, 17.5, 0 ],
			"faces": {
				"down": { "uv": [ 10, 2.5, 10.5, 3 ], "texture": "#texture" },
				"up": { "uv": [ 10, 2.5, 10.5, 3 ], "texture": "#texture" },
				"north": { "uv": [ 10, 2.5, 10.5, 3 ], "texture": "#texture" },
				"south": { "uv": [ 10, 2.5, 10.5, 3 ], "texture": "#texture" },
				"west": { "uv": [ 10, 2.5, 10.5, 3 ], "texture": "#texture" },
				"east": { "uv": [ 10, 2.5, 10.5, 3 ], "texture": "#texture" }
			}
		},
		{
			"__comment": "Box2",
			"from": [ 7, 1, 6 ],
			"to": [ 9, 15.5, 9 ],
			"faces": {
				"down": { "uv": [ 12, 11, 12.5, 11.5 ], "texture": "#texture", "rotation": 90 },
				"up": { "uv": [ 3, 5, 3.5, 5.5 ], "texture": "#texture", "rotation": 90 },
				"north": { "uv": [ 12.5, 4, 13, 11.5 ], "texture": "#texture" },
				"south": { "uv": [ 11.5, 4, 12, 11.5 ], "texture": "#texture" },
				"west": { "uv": [ 11.5, 4, 13, 11.5 ], "texture": "#texture" },
				"east": { "uv": [ 13, 4, 11.5, 11.5 ], "texture": "#texture" }
			}
		},
		{
			"__comment": "Box2",
			"from": [ 6.5, 15.5, 6 ],
			"to": [ 9.5, 16.5, 9 ],
			"faces": {
				"down": { "uv": [ 13, 3.5, 11.5, 4 ], "texture": "#texture" },
				"up": { "uv": [ 13, 3.5, 11.5, 4 ], "texture": "#texture" },
				"north": { "uv": [ 13, 3.5, 11.5, 4 ], "texture": "#texture" },
				"south": { "uv": [ 13, 3.5, 11.5, 4 ], "texture": "#texture" },
				"west": { "uv": [ 13, 3.5, 11.5, 4 ], "texture": "#texture" },
				"east": { "uv": [ 13, 3.5, 11.5, 4 ], "texture": "#texture" }
			}
		},
		{
			"__comment": "Box2",
			"from": [ 6.5, 16.5, 5 ],
			"to": [ 9.5, 19.5, 10 ],
			"faces": {
				"down": { "uv": [ 13.5, 2, 11, 2.5 ], "texture": "#texture", "rotation": 90 },
				"up": { "uv": [ 13.5, 2, 11, 2.5 ], "texture": "#texture", "rotation": 90 },
				"north": { "uv": [ 11.5, 2, 11, 3.5 ], "texture": "#texture" },
				"south": { "uv": [ 11.5, 2, 11, 3.5 ], "texture": "#texture" },
				"west": { "uv": [ 13.5, 2, 11, 3.5 ], "texture": "#texture" },
				"east": { "uv": [ 13.5, 2, 11, 3.5 ], "texture": "#texture" }
			}
		},
		{
			"__comment": "Box2",
			"from": [ 6.5, 19.5, 6 ],
			"to": [ 9.5, 23.5, 9 ],
			"faces": {
				"down": { "uv": [ 13, 0, 11.5, 0.5 ], "texture": "#texture", "rotation": 90 },
				"up": { "uv": [ 13, 0, 11.5, 0.5 ], "texture": "#texture", "rotation": 90 },
				"north": { "uv": [ 12, 0, 11.5, 2 ], "texture": "#texture" },
				"south": { "uv": [ 12, 0, 11.5, 2 ], "texture": "#texture" },
				"west": { "uv": [ 13, 0, 11.5, 2 ], "texture": "#texture" },
				"east": { "uv": [ 13, 0, 11.5, 2 ], "texture": "#texture" }
			}
		},
		{
			"__comment": "Box2",
			"from": [ 7.5, 16.5, 14 ],
			"to": [ 8.5, 18.5, 15 ],
			"faces": {
				"down": { "uv": [ 16, 2.5, 15.5, 3.5 ], "texture": "#texture" },
				"up": { "uv": [ 16, 2.5, 15.5, 3.5 ], "texture": "#texture" },
				"north": { "uv": [ 16, 2.5, 15.5, 3.5 ], "texture": "#texture" },
				"south": { "uv": [ 16, 2.5, 15.5, 3.5 ], "texture": "#texture" },
				"west": { "uv": [ 16, 2.5, 15.5, 3.5 ], "texture": "#texture" },
				"east": { "uv": [ 16, 2.5, 15.5, 3.5 ], "texture": "#texture" }
			}
		},
		{
			"__comment": "Box2",
			"from": [ 7.5, 16.5, -3 ],
			"to": [ 8.5, 18.5, -2 ],
			"faces": {
				"down": { "uv": [ 7.5, 3, 7, 3.5 ], "texture": "#texture", "rotation": 90 },
				"up": { "uv": [ 7.5, 2.5, 7, 3 ], "texture": "#texture", "rotation": 270 },
				"north": { "uv": [ 7.5, 2.5, 7, 3.5 ], "texture": "#texture" },
				"south": { "uv": [ 7.5, 2.5, 7, 3.5 ], "texture": "#texture" },
				"west": { "uv": [ 7, 2.5, 7.5, 3.5 ], "texture": "#texture" },
				"east": { "uv": [ 7.5, 2.5, 7, 3.5 ], "texture": "#texture" }
			}
		},
		{
			"__comment": "Box2",
			"from": [ 7.5, 17.5, 1 ],
			"to": [ 8.5, 21.5, 3 ],
			"faces": {
				"down": { "uv": [ 10, 2.5, 9, 3 ], "texture": "#texture", "rotation": 90 },
				"up": { "uv": [ 10, 1, 9, 1.5 ], "texture": "#texture", "rotation": 270 },
				"north": { "uv": [ 10.5, 0.5, 10, 2.5 ], "texture": "#texture" },
				"south": { "uv": [ 10.5, 0.5, 10, 2.5 ], "texture": "#texture" },
				"west": { "uv": [ 9, 1, 10, 3 ], "texture": "#texture" },
				"east": { "uv": [ 10, 1, 9, 3 ], "texture": "#texture" }
			}
		},
		{
			"__comment": "Box2",
			"from": [ 7.5, 17.5, 3 ],
			"to": [ 8.5, 18.5, 4 ],
			"faces": {
				"down": { "uv": [ 10, 2.5, 10.5, 3 ], "texture": "#texture" },
				"up": { "uv": [ 10, 2.5, 10.5, 3 ], "texture": "#texture" },
				"north": { "uv": [ 10, 2.5, 10.5, 3 ], "texture": "#texture" },
				"south": { "uv": [ 10, 2.5, 10.5, 3 ], "texture": "#texture" },
				"west": { "uv": [ 10, 2.5, 10.5, 3 ], "texture": "#texture" },
				"east": { "uv": [ 10, 2.5, 10.5, 3 ], "texture": "#texture" }
			}
		},
		{
			"__comment": "Box2",
			"from": [ 7.5, 17.5, -1 ],
			"to": [ 8.5, 20.5, 1 ],
			"faces": {
				"down": { "uv": [ 9, 2.5, 8, 3 ], "texture": "#texture", "rotation": 90 },
				"up": { "uv": [ 9, 1.5, 8, 2 ], "texture": "#texture", "rotation": 270 },
				"north": { "uv": [ 9, 1.5, 8.5, 3 ], "texture": "#texture" },
				"south": { "uv": [ 9, 1.5, 8.5, 3 ], "texture": "#texture" },
				"west": { "uv": [ 8, 1.5, 9, 3 ], "texture": "#texture" },
				"east": { "uv": [ 9, 1.5, 8, 3 ], "texture": "#texture" }
			}
		},
		{
			"__comment": "Box2",
			"from": [ 7.5, 16.5, -2 ],
			"to": [ 8.5, 19.5, -1 ],
			"faces": {
				"down": { "uv": [ 8, 3, 7.5, 3.5 ], "texture": "#texture", "rotation": 90 },
				"up": { "uv": [ 9, 1.5, 8, 2 ], "texture": "#texture", "rotation": 270 },
				"north": { "uv": [ 8, 2, 7.5, 3.5 ], "texture": "#texture" },
				"south": { "uv": [ 8, 2, 7.5, 3.5 ], "texture": "#texture" },
				"west": { "uv": [ 7.5, 2, 8, 3.5 ], "texture": "#texture" },
				"east": { "uv": [ 8, 2, 7.5, 3.5 ], "texture": "#texture" }
			}
		},
		{
			"__comment": "Box2",
			"from": [ 7.5, 18.5, 3 ],
			"to": [ 8.5, 22.5, 6 ],
			"faces": {
				"down": { "uv": [ 11.5, 1.5, 10, 2 ], "texture": "#texture", "rotation": 90 },
				"up": { "uv": [ 11.5, 0.5, 10, 1 ], "texture": "#texture", "rotation": 270 },
				"north": { "uv": [ 10.5, 0.5, 10, 2.5 ], "texture": "#texture" },
				"south": { "uv": [ 10.5, 0.5, 10, 2.5 ], "texture": "#texture" },
				"west": { "uv": [ 10, 0.5, 11.5, 2.5 ], "texture": "#texture" },
				"east": { "uv": [ 11.5, 0.5, 10, 2.5 ], "texture": "#texture" }
			}
		},
		{
			"__comment": "Box2",
			"from": [ 7.5, 17.5, 9 ],
			"to": [ 8.5, 22.5, 11 ],
			"faces": {
				"down": { "uv": [ 14.5, 2.5, 13.5, 3 ], "texture": "#texture", "rotation": 90 },
				"up": { "uv": [ 14, 0.5, 13, 1 ], "texture": "#texture", "rotation": 270 },
				"north": { "uv": [ 14, 0.5, 13.5, 3 ], "texture": "#texture" },
				"south": { "uv": [ 14, 0.5, 13.5, 3 ], "texture": "#texture" },
				"west": { "uv": [ 13, 0.5, 14, 3 ], "texture": "#texture" },
				"east": { "uv": [ 14, 0.5, 13, 3 ], "texture": "#texture" }
			}
		},
		{
			"__comment": "Box2",
			"from": [ 7.5, 17.5, 11 ],
			"to": [ 8.5, 21.5, 12 ],
			"faces": {
				"down": { "uv": [ 14.5, 2.5, 13.5, 3 ], "texture": "#texture", "rotation": 90 },
				"up": { "uv": [ 14, 0.5, 13, 1 ], "texture": "#texture", "rotation": 270 },
				"north": { "uv": [ 14, 0.5, 13.5, 3 ], "texture": "#texture" },
				"south": { "uv": [ 14, 0.5, 13.5, 3 ], "texture": "#texture" },
				"west": { "uv": [ 14, 1, 14.5, 3 ], "texture": "#texture" },
				"east": { "uv": [ 14.5, 1, 14, 3 ], "texture": "#texture" }
			}
		},
		{
			"__comment": "Box2",
			"from": [ 7.5, 16.5, 12 ],
			"to": [ 8.5, 20.5, 13 ],
			"faces": {
				"down": { "uv": [ 14.5, 2.5, 13.5, 3 ], "texture": "#texture", "rotation": 90 },
				"up": { "uv": [ 14, 0.5, 13, 1 ], "texture": "#texture", "rotation": 270 },
				"north": { "uv": [ 14, 0.5, 13.5, 3 ], "texture": "#texture" },
				"south": { "uv": [ 14, 0.5, 13.5, 3 ], "texture": "#texture" },
				"west": { "uv": [ 14.5, 1.5, 15, 3.5 ], "texture": "#texture" },
				"east": { "uv": [ 15, 1.5, 14.5, 3.5 ], "texture": "#texture" }
			}
		},
		{
			"__comment": "Box2",
			"from": [ 7.5, 15.5, 13 ],
			"to": [ 8.5, 19.5, 14 ],
			"faces": {
				"down": { "uv": [ 15.5, 3.5, 15, 4 ], "texture": "#texture", "rotation": 90 },
				"up": { "uv": [ 14, 0.5, 13, 1 ], "texture": "#texture", "rotation": 270 },
				"north": { "uv": [ 15.5, 2, 15, 4 ], "texture": "#texture" },
				"south": { "uv": [ 15.5, 2, 15, 4 ], "texture": "#texture" },
				"west": { "uv": [ 15, 2, 15.5, 4 ], "texture": "#texture" },
				"east": { "uv": [ 15.5, 2, 15, 4 ], "texture": "#texture" }
			}
		}
	],
	"display": {
		"thirdperson_righthand": {
			"rotation":  [ 40, 0, 0 ],
			"translation":  [ 0, 1.3913, 3.2826 ],
			"scale":  [ 0.85, 0.85, 0.85 ]
		},
		"thirdperson_lefthand": {
			"rotation":  [ 40, 0, 0 ],
			"translation":  [ 0, 1.3913, 3.2826 ],
			"scale":  [ 0.85, 0.85, 0.85 ]
		},
		"firstperson_righthand": {
			"rotation":  [ -13, 15, 0 ],
			"translation":  [ 1.13, 3.2, 1.13 ],
			"scale":  [ 0.68, 0.68, 0.68 ]
		},
		"firstperson_lefthand": {
			"rotation":  [ -13, 15, 0 ],
			"translation":  [ 1.13, 3.2, 1.13 ],
			"scale":  [ 0.68, 0.68, 0.68 ]
		},
		"gui": {
			"rotation":  [ 8, 230, 38 ],
			"translation":  [ -2.086, -2.086, 0 ],
			"scale":  [ 0.625, 0.625, 0.625 ]
		},
		"ground": {
			"translation":  [ 0, 2, 0 ],
			"scale":  [ 0.5, 0.5, 0.5 ]
		},
		"fixed": {
			"rotation":  [ 90, 0, 90 ],
			"translation":  [ 6.9565, -2, 0 ],
			"scale":  [ 2, 2, 2 ]
		}
	}
}