{
	"__comment": "Designed by Galingueur with Cubik Studio - https://cubik.studio",
	"textures": {
		"particle": "block/m_fence_nether",
		"texture": "block/m_fence_nether",
		"texture1": "block/e_texture"
	},
	"elements": [
		{
			"__comment": "Cube1",
			"from": [ 7.25, 16, 7.25 ],
			"to": [ 8.75, 16.5, 8.75 ],
			"faces": {
				"down": { "uv": [ 6, 6, 10, 10 ], "texture": "#texture1" },
				"up": { "uv": [ 6, 0, 10, 4 ], "texture": "#texture1" },
				"north": { "uv": [ 10, 0, 11, 1 ], "texture": "#texture" },
				"south": { "uv": [ 10, 0, 11, 1 ], "texture": "#texture" },
				"west": { "uv": [ 10, 0, 11, 1 ], "texture": "#texture" },
				"east": { "uv": [ 10, 0, 11, 1 ], "texture": "#texture" }
			}
		},
		{
			"__comment": "Cube1",
			"from": [ 7, 18.5, 7 ],
			"to": [ 9, 19, 9 ],
			"faces": {
				"down": { "uv": [ 11, 2, 12, 3 ], "texture": "#texture" },
				"up": { "uv": [ 11, 2, 12, 3 ], "texture": "#texture" },
				"north": { "uv": [ 11, 2, 12, 3 ], "texture": "#texture" },
				"south": { "uv": [ 11, 2, 12, 3 ], "texture": "#texture" },
				"west": { "uv": [ 11, 2, 12, 3 ], "texture": "#texture" },
				"east": { "uv": [ 11, 2, 12, 3 ], "texture": "#texture" }
			}
		},
		{
			"__comment": "Cube1",
			"from": [ 7, 16.5, 7 ],
			"to": [ 9, 18, 9 ],
			"faces": {
				"down": { "uv": [ 11, 3, 14, 4 ], "texture": "#texture" },
				"up": { "uv": [ 11, 6, 14, 9 ], "texture": "#texture" },
				"north": { "uv": [ 11, 2, 14, 4 ], "texture": "#texture" },
				"south": { "uv": [ 11, 2, 14, 4 ], "texture": "#texture" },
				"west": { "uv": [ 11, 2, 14, 4 ], "texture": "#texture" },
				"east": { "uv": [ 11, 2, 14, 4 ], "texture": "#texture" }
			}
		},
		{
			"__comment": "Cube1",
			"from": [ 7, 6.5, 0 ],
			"to": [ 9, 8.5, 7 ],
			"faces": {
				"down": { "uv": [ 2, 0, 4, 16 ], "texture": "#texture" },
				"up": { "uv": [ 14, 0, 16, 16 ], "texture": "#texture" },
				"north": { "uv": [ 0, 0, 2, 2 ], "texture": "#texture", "rotation": 90 },
				"south": { "uv": [ 0, 0, 2, 2 ], "texture": "#texture", "rotation": 90 },
				"west": { "uv": [ 0, 0, 2, 16 ], "texture": "#texture", "rotation": 90 },
				"east": { "uv": [ 0, 0, 2, 16 ], "texture": "#texture", "rotation": 90 }
			}
		},
		{
			"__comment": "Cube1",
			"from": [ 7.25, 6.75, 3.75 ],
			"to": [ 8.75, 9, 8.25 ],
			"rotation": { "origin": [ 7.25, 6.75, 3.75 ], "axis": "x", "angle": 45 },
			"faces": {
				"down": { "uv": [ 2, 0, 4, 4 ], "texture": "#texture" },
				"up": { "uv": [ 2, 0, 4, 4 ], "texture": "#texture" },
				"north": { "uv": [ 2, 0, 4, 4 ], "texture": "#texture" },
				"south": { "uv": [ 2, 0, 4, 4 ], "texture": "#texture" },
				"west": { "uv": [ 2, 0, 4, 4 ], "texture": "#texture" },
				"east": { "uv": [ 2, 0, 4, 4 ], "texture": "#texture" }
			}
		},
		{
			"__comment": "Cube1",
			"from": [ 7.25, 18, 7.25 ],
			"to": [ 8.75, 18.5, 8.75 ],
			"faces": {
				"down": { "uv": [ 11, 2, 12, 3 ], "texture": "#texture" },
				"up": { "uv": [ 11, 2, 12, 3 ], "texture": "#texture" },
				"north": { "uv": [ 11, 2, 12, 3 ], "texture": "#texture" },
				"south": { "uv": [ 11, 2, 12, 3 ], "texture": "#texture" },
				"west": { "uv": [ 11, 2, 12, 3 ], "texture": "#texture" },
				"east": { "uv": [ 11, 2, 12, 3 ], "texture": "#texture" }
			}
		},
		{
			"__comment": "Cube1",
			"from": [ 6.75, 13.25, 6.75 ],
			"to": [ 9.25, 16, 9.25 ],
			"faces": {
				"down": { "uv": [ 11, 2, 12, 3 ], "texture": "#texture" },
				"up": { "uv": [ 11, 2, 12, 3 ], "texture": "#texture" },
				"north": { "uv": [ 6.5, 1, 9.5, 4 ], "texture": "#texture" },
				"south": { "uv": [ 6.5, 1, 9.5, 4 ], "texture": "#texture" },
				"west": { "uv": [ 6.5, 1, 9.5, 4 ], "texture": "#texture" },
				"east": { "uv": [ 6.5, 1, 9.5, 4 ], "texture": "#texture" }
			}
		},
		{
			"__comment": "Cube1",
			"from": [ 6.75, 0, 6.75 ],
			"to": [ 9.25, 13.25, 9.25 ],
			"faces": {
				"down": { "uv": [ 11, 2, 12, 3 ], "texture": "#texture" },
				"up": { "uv": [ 11, 2, 12, 3 ], "texture": "#texture" },
				"north": { "uv": [ 6.5, 0, 9.5, 16 ], "texture": "#texture" },
				"south": { "uv": [ 6.5, 0, 9.5, 16 ], "texture": "#texture" },
				"west": { "uv": [ 6.5, 0, 9.5, 16 ], "texture": "#texture" },
				"east": { "uv": [ 6.5, 0, 9.5, 16 ], "texture": "#texture" }
			}
		},
		{
			"__comment": "Cube1",
			"from": [ 7, 13.25, 0 ],
			"to": [ 9, 15.25, 7 ],
			"faces": {
				"down": { "uv": [ 2, 0, 4, 16 ], "texture": "#texture" },
				"up": { "uv": [ 14, 0, 16, 16 ], "texture": "#texture" },
				"north": { "uv": [ 0, 0, 2, 2 ], "texture": "#texture", "rotation": 90 },
				"south": { "uv": [ 0, 0, 2, 2 ], "texture": "#texture", "rotation": 90 },
				"west": { "uv": [ 0, 0, 2, 16 ], "texture": "#texture", "rotation": 90 },
				"east": { "uv": [ 0, 0, 2, 16 ], "texture": "#texture", "rotation": 90 }
			}
		},
		{
			"__comment": "Cube1",
			"from": [ 7, 6.5, 9 ],
			"to": [ 9, 8.5, 16 ],
			"faces": {
				"down": { "uv": [ 2, 0, 4, 16 ], "texture": "#texture" },
				"up": { "uv": [ 14, 0, 16, 16 ], "texture": "#texture" },
				"north": { "uv": [ 0, 0, 2, 2 ], "texture": "#texture", "rotation": 90 },
				"south": { "uv": [ 0, 0, 2, 2 ], "texture": "#texture", "rotation": 90 },
				"west": { "uv": [ 0, 0, 2, 16 ], "texture": "#texture", "rotation": 90 },
				"east": { "uv": [ 0, 0, 2, 16 ], "texture": "#texture", "rotation": 90 }
			}
		},
		{
			"__comment": "Cube1",
			"from": [ 7.25, 3.5, 9 ],
			"to": [ 8.75, 5.75, 13.5 ],
			"rotation": { "origin": [ 7.25, 3.5, 9 ], "axis": "x", "angle": -45 },
			"faces": {
				"down": { "uv": [ 2, 0, 4, 4 ], "texture": "#texture" },
				"up": { "uv": [ 2, 0, 4, 4 ], "texture": "#texture" },
				"north": { "uv": [ 2, 0, 4, 4 ], "texture": "#texture" },
				"south": { "uv": [ 2, 0, 4, 4 ], "texture": "#texture" },
				"west": { "uv": [ 2, 0, 4, 4 ], "texture": "#texture" },
				"east": { "uv": [ 2, 0, 4, 4 ], "texture": "#texture" }
			}
		},
		{
			"__comment": "Cube1",
			"from": [ 7.25, 10.25, 9 ],
			"to": [ 8.75, 12.5, 13.5 ],
			"rotation": { "origin": [ 7.25, 10.25, 9 ], "axis": "x", "angle": -45 },
			"faces": {
				"down": { "uv": [ 2, 0, 4, 4 ], "texture": "#texture" },
				"up": { "uv": [ 2, 0, 4, 4 ], "texture": "#texture" },
				"north": { "uv": [ 2, 0, 4, 4 ], "texture": "#texture" },
				"south": { "uv": [ 2, 0, 4, 4 ], "texture": "#texture" },
				"west": { "uv": [ 2, 0, 4, 4 ], "texture": "#texture" },
				"east": { "uv": [ 2, 0, 4, 4 ], "texture": "#texture" }
			}
		},
		{
			"__comment": "Cube1",
			"from": [ 7, 13.25, 9 ],
			"to": [ 9, 15.25, 16 ],
			"faces": {
				"down": { "uv": [ 2, 0, 4, 16 ], "texture": "#texture" },
				"up": { "uv": [ 14, 0, 16, 16 ], "texture": "#texture" },
				"north": { "uv": [ 0, 0, 2, 2 ], "texture": "#texture", "rotation": 90 },
				"south": { "uv": [ 0, 0, 2, 2 ], "texture": "#texture", "rotation": 90 },
				"west": { "uv": [ 0, 0, 2, 16 ], "texture": "#texture", "rotation": 90 },
				"east": { "uv": [ 0, 0, 2, 16 ], "texture": "#texture", "rotation": 90 }
			}
		},
		{
			"__comment": "Cube1",
			"from": [ 7.25, 13.5, 3.75 ],
			"to": [ 8.75, 15.75, 8.25 ],
			"rotation": { "origin": [ 7.25, 13.5, 3.75 ], "axis": "x", "angle": 45 },
			"faces": {
				"down": { "uv": [ 2, 0, 4, 4 ], "texture": "#texture" },
				"up": { "uv": [ 2, 0, 4, 4 ], "texture": "#texture" },
				"north": { "uv": [ 2, 0, 4, 4 ], "texture": "#texture" },
				"south": { "uv": [ 2, 0, 4, 4 ], "texture": "#texture" },
				"west": { "uv": [ 2, 0, 4, 4 ], "texture": "#texture" },
				"east": { "uv": [ 2, 0, 4, 4 ], "texture": "#texture" }
			}
		}
	],
	"display": {
		"thirdperson_righthand": {
			"rotation":  [ 75, 45, 0 ],
			"translation":  [ 0, 2.5, 0 ],
			"scale":  [ 0.375, 0.375, 0.375 ]
		},
		"thirdperson_lefthand": {
			"rotation":  [ 75, 45, 0 ],
			"translation":  [ 0, 2.5, 0 ],
			"scale":  [ 0.375, 0.375, 0.375 ]
		},
		"firstperson_righthand": {
			"rotation":  [ 0, 45, 0 ],
			"scale":  [ 0.4, 0.4, 0.4 ]
		},
		"firstperson_lefthand": {
			"rotation":  [ 0, 45, 0 ],
			"scale":  [ 0.4, 0.4, 0.4 ]
		},
		"gui": {
			"rotation":  [ 30, 225, 0 ],
			"scale":  [ 0.625, 0.625, 0.625 ]
		},
		"ground": {
			"translation":  [ 0, 3, 0 ],
			"scale":  [ 0.25, 0.25, 0.25 ]
		},
		"fixed": {
			"rotation":  [ 0, 90, 0 ],
			"translation":  [ 0, 0, -1 ],
			"scale":  [ 2, 2, 2 ]
		}
	}
}