{
	"__comment": "Designed by Galingueur with Cubik Studio - https://cubik.studio",
	"textures": {
		"texture": "item/m_stone"
	},
	"elements": [
		{
			"__comment": "Cube2",
			"from": [ 7, 0, 7.5 ],
			"to": [ 9, 12, 8.5 ],
			"faces": {
				"down": { "uv": [ 0, 14, 1, 15 ], "texture": "#texture" },
				"up": { "uv": [ 0, 14, 1, 15 ], "texture": "#texture" },
				"north": { "uv": [ 0, 1, 1, 15 ], "texture": "#texture" },
				"south": { "uv": [ 0, 1, 1, 15 ], "texture": "#texture" },
				"west": { "uv": [ 0, 1, 1, 15 ], "texture": "#texture" },
				"east": { "uv": [ 0, 1, 1, 15 ], "texture": "#texture" }
			}
		},
		{
			"__comment": "Cube2",
			"from": [ 8, 12, 7.5 ],
			"to": [ 9, 18.5, 8.5 ],
			"faces": {
				"down": { "uv": [ 2, 5, 3, 6 ], "texture": "#texture" },
				"up": { "uv": [ 2, 5, 3, 6 ], "texture": "#texture" },
				"north": { "uv": [ 2, 5, 3, 11 ], "texture": "#texture" },
				"south": { "uv": [ 2, 5, 3, 11 ], "texture": "#texture" },
				"west": { "uv": [ 2, 5, 3, 11 ], "texture": "#texture" },
				"east": { "uv": [ 2, 5, 3, 11 ], "texture": "#texture" }
			}
		},
		{
			"__comment": "Cube2",
			"from": [ 6.5, 9.5, 7 ],
			"to": [ 9.5, 10.5, 9 ],
			"faces": {
				"down": { "uv": [ 5, 15, 6, 16 ], "texture": "#texture" },
				"up": { "uv": [ 5, 15, 6, 16 ], "texture": "#texture" },
				"north": { "uv": [ 5, 15, 6, 16 ], "texture": "#texture" },
				"south": { "uv": [ 5, 15, 6, 16 ], "texture": "#texture" },
				"west": { "uv": [ 5, 15, 6, 16 ], "texture": "#texture" },
				"east": { "uv": [ 5, 15, 6, 16 ], "texture": "#texture" }
			}
		},
		{
			"__comment": "Cube2",
			"from": [ 6.5, 0.5, 7 ],
			"to": [ 9.5, 1.5, 9 ],
			"faces": {
				"down": { "uv": [ 5, 15, 6, 16 ], "texture": "#texture" },
				"up": { "uv": [ 5, 15, 6, 16 ], "texture": "#texture" },
				"north": { "uv": [ 5, 15, 6, 16 ], "texture": "#texture" },
				"south": { "uv": [ 5, 15, 6, 16 ], "texture": "#texture" },
				"west": { "uv": [ 5, 15, 6, 16 ], "texture": "#texture" },
				"east": { "uv": [ 5, 15, 6, 16 ], "texture": "#texture" }
			}
		},
		{
			"__comment": "Cube2",
			"from": [ 6.5, 0.5, 7 ],
			"to": [ 9.5, 1.5, 9 ],
			"faces": {
				"down": { "uv": [ 5, 15, 6, 16 ], "texture": "#texture" },
				"up": { "uv": [ 5, 15, 6, 16 ], "texture": "#texture" },
				"north": { "uv": [ 5, 15, 6, 16 ], "texture": "#texture" },
				"south": { "uv": [ 5, 15, 6, 16 ], "texture": "#texture" },
				"west": { "uv": [ 5, 15, 6, 16 ], "texture": "#texture" },
				"east": { "uv": [ 5, 15, 6, 16 ], "texture": "#texture" }
			}
		},
		{
			"__comment": "Cube2",
			"from": [ 5, 12.5, 7.5 ],
			"to": [ 6, 17.5, 8.5 ],
			"faces": {
				"down": { "uv": [ 6, 7, 7, 8 ], "texture": "#texture" },
				"up": { "uv": [ 6, 7, 7, 8 ], "texture": "#texture" },
				"north": { "uv": [ 6, 4.5, 7, 9.5 ], "texture": "#texture" },
				"south": { "uv": [ 6, 4.5, 7, 9.5 ], "texture": "#texture" },
				"west": { "uv": [ 6, 5, 7, 10 ], "texture": "#texture" },
				"east": { "uv": [ 6, 5, 7, 10 ], "texture": "#texture" }
			}
		},
		{
			"__comment": "Cube2",
			"from": [ 3, 11, 7.5 ],
			"to": [ 4, 19, 8.5 ],
			"faces": {
				"down": { "uv": [ 6, 7, 7, 8 ], "texture": "#texture" },
				"up": { "uv": [ 6, 7, 7, 8 ], "texture": "#texture" },
				"north": { "uv": [ 7, 4, 8, 12 ], "texture": "#texture" },
				"south": { "uv": [ 7, 4, 8, 12 ], "texture": "#texture" },
				"west": { "uv": [ 7, 4, 8, 12 ], "texture": "#texture" },
				"east": { "uv": [ 7, 4, 8, 12 ], "texture": "#texture" }
			}
		},
		{
			"__comment": "Cube2",
			"from": [ 6, 12, 7 ],
			"to": [ 8, 18, 9 ],
			"faces": {
				"down": { "uv": [ 6, 8, 8, 9 ], "texture": "#texture" },
				"up": { "uv": [ 6, 8, 8, 9 ], "texture": "#texture" },
				"north": { "uv": [ 6, 4, 8, 10 ], "texture": "#texture" },
				"south": { "uv": [ 6, 4, 8, 10 ], "texture": "#texture" },
				"west": { "uv": [ 6, 4, 7, 10 ], "texture": "#texture" },
				"east": { "uv": [ 6, 4, 7, 10 ], "texture": "#texture" }
			}
		},
		{
			"__comment": "Cube2",
			"from": [ 4, 11.5, 7.5 ],
			"to": [ 5, 18.5, 8.5 ],
			"faces": {
				"down": { "uv": [ 6, 7, 7, 8 ], "texture": "#texture" },
				"up": { "uv": [ 6, 7, 7, 8 ], "texture": "#texture" },
				"north": { "uv": [ 6, 4, 8, 10 ], "texture": "#texture" },
				"south": { "uv": [ 6, 4, 8, 10 ], "texture": "#texture" },
				"west": { "uv": [ 6, 4, 7, 10 ], "texture": "#texture" },
				"east": { "uv": [ 6, 4, 7, 10 ], "texture": "#texture" }
			}
		}
	],
	"display": {
		"thirdperson_righthand": {
			"rotation":  [ 0, -90, 0 ],
			"translation":  [ 0, 2.0868, 0 ]
		},
		"thirdperson_lefthand": {
			"rotation":  [ 0, 90, 0 ],
			"translation":  [ 0, 2.0868, 0 ]
		},
		"firstperson_righthand": {
			"rotation":  [ -17, -84, 0 ],
			"translation":  [ 0, 3.4782, 0 ]
		},
		"firstperson_lefthand": {
			"rotation":  [ -17, 96, 0 ],
			"translation":  [ 0, 3.4782, 0 ]
		},
		"gui": {
			"rotation":  [ -23, -4, -35 ],
			"translation":  [ 0, -1.389, 0 ],
			"scale":  [ 0.8, 0.8, 0.8 ]
		},
		"head": {
			"rotation":  [ -47, -90, 0 ],
			"translation":  [ 0, 6.2608, 0 ]
		},
		"ground": {
			"translation":  [ 0, 2, 0 ],
			"scale":  [ 0.5, 0.5, 0.5 ]
		},
		"fixed": {
			"rotation":  [ -180, 0, 180 ],
			"translation":  [ 0, 3.4782, 0.6962 ],
			"scale":  [ 2.3, 2.3, 2.3 ]
		}
	}
}