{
	"parent": "item/handheld",

	"textures": {
		"layer0": "item/stone_hoe"
	},

	"overrides": [
		{ "predicate": {"damaged": 0, "damage": 0}, "model": "item/stonehoe/stone_hoe"},

		{ "predicate": {"damaged": 0, "damage": 0.007575757575757576}, "model": "item/stonehoe/railgun_face"},

		{ "predicate": {"damaged": 0, "damage": 0.015151515151515152}, "model": "item/stonehoe/railgun_side"},

		{ "predicate": {"damaged": 0, "damage": 0.022727272727272728}, "model": "item/stonehoe/canon_face"},

		{ "predicate": {"damaged": 0, "damage": 0.030303030303030304}, "model": "item/stonehoe/canon_side"}
	]
}
