{
	"__comment": "Designed by Galingueur with Cubik Studio - https://cubik.studio",
	"textures": {
		"texture": "item/m_woodentools"
	},
	"elements": [
		{
			"__comment": "Cube2",
			"from": [ 7, 0, 7 ],
			"to": [ 9, 12, 9 ],
			"faces": {
				"down": { "uv": [ 5, 7.5, 5.5, 8 ], "texture": "#texture" },
				"up": { "uv": [ 5, 3, 5.5, 3.5 ], "texture": "#texture" },
				"north": { "uv": [ 4.5, 2, 5.5, 8 ], "texture": "#texture" },
				"south": { "uv": [ 4.5, 2, 5.5, 8 ], "texture": "#texture" },
				"west": { "uv": [ 4.5, 2, 5.5, 8 ], "texture": "#texture" },
				"east": { "uv": [ 4.5, 2, 5.5, 8 ], "texture": "#texture" }
			}
		},
		{
			"__comment": "Cube2",
			"from": [ 6.5, 1, 6.5 ],
			"to": [ 9.5, 2, 9.5 ],
			"faces": {
				"down": { "uv": [ 5, 1.5, 5.5, 2 ], "texture": "#texture" },
				"up": { "uv": [ 5.5, 0, 6, 0.5 ], "texture": "#texture", "rotation": 90 },
				"north": { "uv": [ 5.5, 0, 6, 1.5 ], "texture": "#texture" },
				"south": { "uv": [ 5.5, 0, 6, 1.5 ], "texture": "#texture" },
				"west": { "uv": [ 5.5, 0, 6, 1.5 ], "texture": "#texture" },
				"east": { "uv": [ 5.5, 0, 6, 1.5 ], "texture": "#texture" }
			}
		},
		{
			"__comment": "Cube2",
			"from": [ 7.75, 11, 17 ],
			"to": [ 8.25, 13, 18 ],
			"faces": {
				"down": { "uv": [ 2.5, 1, 3, 1.5 ], "texture": "#texture" },
				"up": { "uv": [ 2.5, 0, 3.5, 0.5 ], "texture": "#texture", "rotation": 90 },
				"north": { "uv": [ 3, 0, 3.5, 1.5 ], "texture": "#texture" },
				"south": { "uv": [ 3, 0, 3.5, 1.5 ], "texture": "#texture" },
				"west": { "uv": [ 0, 1.5, 0.5, 2.5 ], "texture": "#texture" },
				"east": { "uv": [ 0.5, 1.5, 0, 2.5 ], "texture": "#texture" }
			}
		},
		{
			"__comment": "Cube2",
			"from": [ 6.5, 13, 6 ],
			"to": [ 9.5, 16, 7 ],
			"faces": {
				"down": { "uv": [ 5, 1.5, 5.5, 2 ], "texture": "#texture" },
				"up": { "uv": [ 4.5, 0, 5, 0.5 ], "texture": "#texture", "rotation": 90 },
				"north": { "uv": [ 4, 0, 4.5, 1.5 ], "texture": "#texture" },
				"south": { "uv": [ 4, 0, 4.5, 1.5 ], "texture": "#texture" },
				"west": { "uv": [ 4, 0, 4.5, 1.5 ], "texture": "#texture" },
				"east": { "uv": [ 4, 0, 4.5, 1.5 ], "texture": "#texture" }
			}
		},
		{
			"__comment": "Cube2",
			"from": [ 6.5, 12, 7 ],
			"to": [ 9.5, 16, 9 ],
			"faces": {
				"down": { "uv": [ 5, 1.5, 5.5, 2 ], "texture": "#texture" },
				"up": { "uv": [ 4.5, 0, 5.5, 0.5 ], "texture": "#texture", "rotation": 90 },
				"north": { "uv": [ 4.5, 0, 5, 2 ], "texture": "#texture" },
				"south": { "uv": [ 5, 0, 5.5, 2 ], "texture": "#texture" },
				"west": { "uv": [ 4.5, 0, 5.5, 2 ], "texture": "#texture" },
				"east": { "uv": [ 5.5, 0, 4.5, 2 ], "texture": "#texture" }
			}
		},
		{
			"__comment": "Cube2",
			"from": [ 7, 13, 10 ],
			"to": [ 9, 16, 14 ],
			"faces": {
				"down": { "uv": [ 2.5, 1, 3, 1.5 ], "texture": "#texture" },
				"up": { "uv": [ 2.5, 0, 3.5, 0.5 ], "texture": "#texture", "rotation": 90 },
				"north": { "uv": [ 3, 0, 3.5, 1.5 ], "texture": "#texture" },
				"south": { "uv": [ 3, 0, 3.5, 1.5 ], "texture": "#texture" },
				"west": { "uv": [ 2, 0, 4, 1.5 ], "texture": "#texture" },
				"east": { "uv": [ 4, 0, 2, 1.5 ], "texture": "#texture" }
			}
		},
		{
			"__comment": "Cube2",
			"from": [ 7.25, 12, 14 ],
			"to": [ 8.75, 15, 16 ],
			"faces": {
				"down": { "uv": [ 2.5, 1, 3, 1.5 ], "texture": "#texture" },
				"up": { "uv": [ 2.5, 0, 3.5, 0.5 ], "texture": "#texture", "rotation": 90 },
				"north": { "uv": [ 3, 0, 3.5, 1.5 ], "texture": "#texture" },
				"south": { "uv": [ 3, 0, 3.5, 1.5 ], "texture": "#texture" },
				"west": { "uv": [ 2, 0, 4, 1.5 ], "texture": "#texture" },
				"east": { "uv": [ 4, 0, 2, 1.5 ], "texture": "#texture" }
			}
		},
		{
			"__comment": "Cube2",
			"from": [ 7.5, 11, 16 ],
			"to": [ 8.5, 14, 17 ],
			"faces": {
				"down": { "uv": [ 2.5, 1, 3, 1.5 ], "texture": "#texture" },
				"up": { "uv": [ 2.5, 0, 3.5, 0.5 ], "texture": "#texture", "rotation": 90 },
				"north": { "uv": [ 3, 0, 3.5, 1.5 ], "texture": "#texture" },
				"south": { "uv": [ 3, 0, 3.5, 1.5 ], "texture": "#texture" },
				"west": { "uv": [ 2, 0, 4, 1.5 ], "texture": "#texture" },
				"east": { "uv": [ 4, 0, 2, 1.5 ], "texture": "#texture" }
			}
		},
		{
			"__comment": "Cube2",
			"from": [ 7, 13, 2 ],
			"to": [ 9, 16, 6 ],
			"faces": {
				"down": { "uv": [ 2.5, 1, 3, 1.5 ], "texture": "#texture" },
				"up": { "uv": [ 2.5, 0, 3.5, 0.5 ], "texture": "#texture", "rotation": 90 },
				"north": { "uv": [ 3, 0, 3.5, 1.5 ], "texture": "#texture" },
				"south": { "uv": [ 3, 0, 3.5, 1.5 ], "texture": "#texture" },
				"west": { "uv": [ 2, 0, 4, 1.5 ], "texture": "#texture" },
				"east": { "uv": [ 4, 0, 2, 1.5 ], "texture": "#texture" }
			}
		},
		{
			"__comment": "Cube2",
			"from": [ 7.25, 12, 0 ],
			"to": [ 8.75, 15, 2 ],
			"faces": {
				"down": { "uv": [ 2.5, 1, 3, 1.5 ], "texture": "#texture" },
				"up": { "uv": [ 2.5, 0, 3.5, 0.5 ], "texture": "#texture", "rotation": 90 },
				"north": { "uv": [ 3, 0, 3.5, 1.5 ], "texture": "#texture" },
				"south": { "uv": [ 3, 0, 3.5, 1.5 ], "texture": "#texture" },
				"west": { "uv": [ 2, 0, 4, 1.5 ], "texture": "#texture" },
				"east": { "uv": [ 4, 0, 2, 1.5 ], "texture": "#texture" }
			}
		},
		{
			"__comment": "Cube2",
			"from": [ 7.5, 11, -1 ],
			"to": [ 8.5, 14, 0 ],
			"faces": {
				"down": { "uv": [ 2.5, 1, 3, 1.5 ], "texture": "#texture" },
				"up": { "uv": [ 2.5, 0, 3.5, 0.5 ], "texture": "#texture", "rotation": 90 },
				"north": { "uv": [ 3, 0, 3.5, 1.5 ], "texture": "#texture" },
				"south": { "uv": [ 3, 0, 3.5, 1.5 ], "texture": "#texture" },
				"west": { "uv": [ 2, 0, 4, 1.5 ], "texture": "#texture" },
				"east": { "uv": [ 4, 0, 2, 1.5 ], "texture": "#texture" }
			}
		},
		{
			"__comment": "Cube2",
			"from": [ 7.75, 11, -2 ],
			"to": [ 8.25, 13, -1 ],
			"faces": {
				"down": { "uv": [ 2.5, 1, 3, 1.5 ], "texture": "#texture" },
				"up": { "uv": [ 2.5, 0, 3.5, 0.5 ], "texture": "#texture", "rotation": 90 },
				"north": { "uv": [ 3, 0, 3.5, 1.5 ], "texture": "#texture" },
				"south": { "uv": [ 3, 0, 3.5, 1.5 ], "texture": "#texture" },
				"west": { "uv": [ 0, 1.5, 0.5, 2.5 ], "texture": "#texture" },
				"east": { "uv": [ 0.5, 1.5, 0, 2.5 ], "texture": "#texture" }
			}
		},
		{
			"__comment": "Cube2",
			"from": [ 6.5, 13, 9 ],
			"to": [ 9.5, 16, 10 ],
			"faces": {
				"down": { "uv": [ 5, 1.5, 5.5, 2 ], "texture": "#texture" },
				"up": { "uv": [ 5.5, 0, 6, 0.5 ], "texture": "#texture", "rotation": 90 },
				"north": { "uv": [ 5.5, 0, 6, 1.5 ], "texture": "#texture" },
				"south": { "uv": [ 5.5, 0, 6, 1.5 ], "texture": "#texture" },
				"west": { "uv": [ 5.5, 0, 6, 1.5 ], "texture": "#texture" },
				"east": { "uv": [ 5.5, 0, 6, 1.5 ], "texture": "#texture" }
			}
		},
		{
			"__comment": "Cube2",
			"from": [ 7, 16, 7 ],
			"to": [ 9, 17, 9 ],
			"faces": {
				"down": { "uv": [ 5, 1.5, 5.5, 2 ], "texture": "#texture" },
				"up": { "uv": [ 5.5, 0, 6, 0.5 ], "texture": "#texture", "rotation": 90 },
				"north": { "uv": [ 5.5, 0, 6, 1.5 ], "texture": "#texture" },
				"south": { "uv": [ 5.5, 0, 6, 1.5 ], "texture": "#texture" },
				"west": { "uv": [ 5.5, 0, 6, 1.5 ], "texture": "#texture" },
				"east": { "uv": [ 5.5, 0, 6, 1.5 ], "texture": "#texture" }
			}
		},
		{
			"__comment": "Cube2",
			"from": [ 6.5, 10, 6.5 ],
			"to": [ 9.5, 11, 9.5 ],
			"faces": {
				"down": { "uv": [ 5, 1.5, 5.5, 2 ], "texture": "#texture" },
				"up": { "uv": [ 5.5, 0, 6, 0.5 ], "texture": "#texture", "rotation": 90 },
				"north": { "uv": [ 5.5, 0, 6, 1.5 ], "texture": "#texture" },
				"south": { "uv": [ 5.5, 0, 6, 1.5 ], "texture": "#texture" },
				"west": { "uv": [ 5.5, 0, 6, 1.5 ], "texture": "#texture" },
				"east": { "uv": [ 5.5, 0, 6, 1.5 ], "texture": "#texture" }
			}
		}
	],
	"display": {
		"thirdperson_righthand": {
			"translation":  [ 0, 2.7826, 0 ],
			"scale":  [ 0.8, 0.8, 0.8 ]
		},
		"thirdperson_lefthand": {
			"translation":  [ 0, 2.7826, 0 ],
			"scale":  [ 0.8, 0.8, 0.8 ]
		},
		"firstperson_righthand": {
			"rotation":  [ -17, 8, 0 ],
			"translation":  [ 0, 4.1739, 0 ],
			"scale":  [ 0.7, 0.7, 0.7 ]
		},
		"firstperson_lefthand": {
			"rotation":  [ -17, 8, 0 ],
			"translation":  [ 0, 4.1739, 0 ],
			"scale":  [ 0.7, 0.7, 0.7 ]
		},
		"gui": {
			"rotation":  [ 31, -131, 47 ],
			"translation":  [ -0.694, 0.0016, 0 ],
			"scale":  [ 0.7, 0.7, 0.7 ]
		},
		"ground": {
			"translation":  [ 0, 2, 0 ],
			"scale":  [ 0.5, 0.5, 0.5 ]
		},
		"fixed": {
			"rotation":  [ 90, -90, 90 ],
			"translation":  [ 0, 0.0002, 0.6956 ],
			"scale":  [ 2, 2, 2 ]
		}
	}
}