{
	"__comment": "Designed by Galingueur with Cubik Studio - https://cubik.studio",
	"textures": {
		"texture": "item/m_woodentools"
	},
	"elements": [
		{
			"__comment": "Cube2",
			"from": [ 7, 0, 7 ],
			"to": [ 9, 10, 9 ],
			"faces": {
				"down": { "uv": [ 5, 7.5, 5.5, 8 ], "texture": "#texture" },
				"up": { "uv": [ 5, 3, 5.5, 3.5 ], "texture": "#texture" },
				"north": { "uv": [ 12.5, 3, 13.5, 8 ], "texture": "#texture" },
				"south": { "uv": [ 12.5, 3, 13.5, 8 ], "texture": "#texture" },
				"west": { "uv": [ 12.5, 3, 13.5, 8 ], "texture": "#texture" },
				"east": { "uv": [ 12.5, 3, 13.5, 8 ], "texture": "#texture" }
			}
		},
		{
			"__comment": "Cube2",
			"from": [ 6.5, 1, 6.5 ],
			"to": [ 9.5, 2, 9.5 ],
			"faces": {
				"down": { "uv": [ 5, 1.5, 5.5, 2 ], "texture": "#texture" },
				"up": { "uv": [ 5.5, 0, 6, 0.5 ], "texture": "#texture", "rotation": 90 },
				"north": { "uv": [ 5.5, 0, 6, 1.5 ], "texture": "#texture" },
				"south": { "uv": [ 5.5, 0, 6, 1.5 ], "texture": "#texture" },
				"west": { "uv": [ 5.5, 0, 6, 1.5 ], "texture": "#texture" },
				"east": { "uv": [ 5.5, 0, 6, 1.5 ], "texture": "#texture" }
			}
		},
		{
			"__comment": "Cube2",
			"from": [ 7, 10, 6.5 ],
			"to": [ 9, 11, 9.5 ],
			"faces": {
				"down": { "uv": [ 12, 2.5, 12.5, 3 ], "texture": "#texture" },
				"up": { "uv": [ 12, 2.5, 12.5, 3 ], "texture": "#texture" },
				"north": { "uv": [ 12, 2.5, 12.5, 3 ], "texture": "#texture" },
				"south": { "uv": [ 12, 2.5, 12.5, 3 ], "texture": "#texture" },
				"west": { "uv": [ 12, 2.5, 12.5, 3 ], "texture": "#texture" },
				"east": { "uv": [ 12, 2.5, 12.5, 3 ], "texture": "#texture" }
			}
		},
		{
			"__comment": "Cube2",
			"from": [ 7.5, 11, 5.5 ],
			"to": [ 8.5, 16, 6.5 ],
			"faces": {
				"down": { "uv": [ 12, 2.5, 12.5, 3 ], "texture": "#texture" },
				"up": { "uv": [ 12, 2.5, 12.5, 3 ], "texture": "#texture" },
				"north": { "uv": [ 12, 2.5, 12.5, 3 ], "texture": "#texture" },
				"south": { "uv": [ 12, 2.5, 12.5, 3 ], "texture": "#texture" },
				"west": { "uv": [ 12, 2.5, 12.5, 3 ], "texture": "#texture" },
				"east": { "uv": [ 12, 2.5, 12.5, 3 ], "texture": "#texture" }
			}
		},
		{
			"__comment": "Cube2",
			"from": [ 7.5, 11, 9.5 ],
			"to": [ 8.5, 16, 10.5 ],
			"faces": {
				"down": { "uv": [ 12, 2.5, 12.5, 3 ], "texture": "#texture" },
				"up": { "uv": [ 12, 2.5, 12.5, 3 ], "texture": "#texture" },
				"north": { "uv": [ 12, 2.5, 12.5, 3 ], "texture": "#texture" },
				"south": { "uv": [ 12, 2.5, 12.5, 3 ], "texture": "#texture" },
				"west": { "uv": [ 12, 2.5, 12.5, 3 ], "texture": "#texture" },
				"east": { "uv": [ 12, 2.5, 12.5, 3 ], "texture": "#texture" }
			}
		},
		{
			"__comment": "Cube2",
			"from": [ 7, 11, 6.5 ],
			"to": [ 8, 16, 9.5 ],
			"faces": {
				"down": { "uv": [ 12, 0, 13.5, 0.5 ], "texture": "#texture", "rotation": 90 },
				"up": { "uv": [ 12, 0, 13.5, 0.5 ], "texture": "#texture", "rotation": 90 },
				"north": { "uv": [ 12, 1, 12.5, 1.5 ], "texture": "#texture" },
				"south": { "uv": [ 12, 1, 12.5, 1.5 ], "texture": "#texture" },
				"west": { "uv": [ 12, 0, 13.5, 2.5 ], "texture": "#texture" },
				"east": { "uv": [ 12, 0, 13.5, 2.5 ], "texture": "#texture" }
			}
		}
	],
	"display": {
		"thirdperson_righthand": {
			"rotation":  [ 0, -91, 0 ],
			"translation":  [ 0, 2.7826, 0 ],
			"scale":  [ 0.8, 0.8, 0.8 ]
		},
		"thirdperson_lefthand": {
			"rotation":  [ 0, 91, 0 ],
			"translation":  [ 0, 2.7826, 0 ],
			"scale":  [ 0.8, 0.8, 0.8 ]
		},
		"firstperson_righthand": {
			"rotation":  [ -21, -142, 0 ],
			"translation":  [ 0, 4.1739, 0 ],
			"scale":  [ 0.7, 0.7, 0.7 ]
		},
		"firstperson_lefthand": {
			"rotation":  [ -21, 63, 0 ],
			"translation":  [ 0, 4.1739, 0 ],
			"scale":  [ 0.7, 0.7, 0.7 ]
		},
		"gui": {
			"rotation":  [ 31, -131, 47 ],
			"translation":  [ -0.694, 0.0016, 0 ],
			"scale":  [ 0.7, 0.7, 0.7 ]
		},
		"ground": {
			"translation":  [ 0, 2, 0 ],
			"scale":  [ 0.5, 0.5, 0.5 ]
		},
		"fixed": {
			"rotation":  [ 90, 90, -90 ],
			"translation":  [ 0, 0.0002, 0.6956 ],
			"scale":  [ 2, 2, 2 ]
		}
	}
}