{
	"__comment": "Designed by Galingueur with Cubik Studio - https://cubik.studio",
	"textures": {
		"texture": "item/m_woodentools"
	},
	"elements": [
		{
			"__comment": "Cube2",
			"from": [ 7.25, 4, 8 ],
			"to": [ 8.75, 5, 9 ],
			"faces": {
				"down": { "uv": [ 9, 13.5, 9.5, 14 ], "texture": "#texture" },
				"up": { "uv": [ 9, 13.5, 9.5, 14 ], "texture": "#texture" },
				"north": { "uv": [ 9, 13.5, 9.5, 14 ], "texture": "#texture" },
				"south": { "uv": [ 9, 13.5, 9.5, 14 ], "texture": "#texture" },
				"west": { "uv": [ 9, 13.5, 9.5, 14 ], "texture": "#texture" },
				"east": { "uv": [ 9, 13.5, 9.5, 14 ], "texture": "#texture" }
			}
		},
		{
			"__comment": "Cube2",
			"from": [ 7.25, 5, 8 ],
			"to": [ 8.75, 7, 9.5 ],
			"faces": {
				"down": { "uv": [ 8.5, 13.5, 9, 14 ], "texture": "#texture" },
				"up": { "uv": [ 8.5, 13, 9, 13.5 ], "texture": "#texture" },
				"north": { "uv": [ 5.5, 8, 6, 10 ], "texture": "#texture" },
				"south": { "uv": [ 8.5, 13, 9, 14 ], "texture": "#texture" },
				"west": { "uv": [ 8.5, 13, 9, 14 ], "texture": "#texture" },
				"east": { "uv": [ 8.5, 13, 9, 14 ], "texture": "#texture" }
			}
		},
		{
			"__comment": "Cube2",
			"from": [ 7.5, 6, 7 ],
			"to": [ 8.5, 16, 8 ],
			"faces": {
				"down": { "uv": [ 8.5, 9, 9, 9.5 ], "texture": "#texture" },
				"up": { "uv": [ 8.5, 9, 9, 9.5 ], "texture": "#texture" },
				"north": { "uv": [ 8.5, 9, 9, 9.5 ], "texture": "#texture" },
				"south": { "uv": [ 8.5, 9, 9, 9.5 ], "texture": "#texture" },
				"west": { "uv": [ 8.5, 9, 9, 9.5 ], "texture": "#texture" },
				"east": { "uv": [ 8.5, 9, 9, 9.5 ], "texture": "#texture" }
			}
		},
		{
			"__comment": "Cube2",
			"from": [ 7.25, 4, 6.5 ],
			"to": [ 8.75, 6, 8 ],
			"faces": {
				"down": { "uv": [ 8.5, 13.5, 9, 14 ], "texture": "#texture" },
				"up": { "uv": [ 8.5, 13, 9, 13.5 ], "texture": "#texture" },
				"north": { "uv": [ 5.5, 8, 6, 10 ], "texture": "#texture" },
				"south": { "uv": [ 8.5, 13, 9, 14 ], "texture": "#texture" },
				"west": { "uv": [ 8.5, 13, 9, 14 ], "texture": "#texture" },
				"east": { "uv": [ 8.5, 13, 9, 14 ], "texture": "#texture" }
			}
		},
		{
			"__comment": "Cube2",
			"from": [ 7.25, 7, 8 ],
			"to": [ 8.75, 17, 9 ],
			"faces": {
				"down": { "uv": [ 9, 7.5, 9.5, 8 ], "texture": "#texture" },
				"up": { "uv": [ 9, 8.5, 9.5, 9 ], "texture": "#texture" },
				"north": { "uv": [ 9, 8.5, 9.5, 9 ], "texture": "#texture" },
				"south": { "uv": [ 9, 8.5, 9.5, 9 ], "texture": "#texture" },
				"west": { "uv": [ 9, 8.5, 9.5, 9 ], "texture": "#texture" },
				"east": { "uv": [ 9, 8.5, 9.5, 9 ], "texture": "#texture" }
			}
		},
		{
			"__comment": "Cube2",
			"from": [ 7.25, 0, 7 ],
			"to": [ 8.75, 4, 9 ],
			"faces": {
				"down": { "uv": [ 5, 7.5, 5.5, 8 ], "texture": "#texture" },
				"up": { "uv": [ 5, 3, 5.5, 3.5 ], "texture": "#texture" },
				"north": { "uv": [ 8.5, 14, 9, 16 ], "texture": "#texture" },
				"south": { "uv": [ 9, 14, 9.5, 16 ], "texture": "#texture" },
				"west": { "uv": [ 8.5, 14, 9.5, 16 ], "texture": "#texture" },
				"east": { "uv": [ 8.5, 14, 9.5, 16 ], "texture": "#texture" }
			}
		}
	],
	"display": {
		"thirdperson_righthand": {
			"translation":  [ 0, 2.7826, 0 ],
			"scale":  [ 0.8, 0.8, 0.8 ]
		},
		"thirdperson_lefthand": {
			"translation":  [ 0, 2.7826, 0 ],
			"scale":  [ 0.8, 0.8, 0.8 ]
		},
		"firstperson_righthand": {
			"rotation":  [ -21, 7, 0 ],
			"translation":  [ 0, 4.1739, 0 ],
			"scale":  [ 0.7, 0.7, 0.7 ]
		},
		"firstperson_lefthand": {
			"rotation":  [ -21, 7, 0 ],
			"translation":  [ 0, 4.1739, 0 ],
			"scale":  [ 0.7, 0.7, 0.7 ]
		},
		"gui": {
			"rotation":  [ 31, -131, 47 ],
			"translation":  [ -0.694, 0.0016, 0 ],
			"scale":  [ 0.7, 0.7, 0.7 ]
		},
		"ground": {
			"translation":  [ 0, 2, 0 ],
			"scale":  [ 0.5, 0.5, 0.5 ]
		},
		"fixed": {
			"rotation":  [ 90, 90, -90 ],
			"translation":  [ 0, 0.0002, 0.6956 ],
			"scale":  [ 2, 2, 2 ]
		}
	}
}