{
	"parent": "item/handheld",

	"textures": {
		"layer0": "item/wooden_hoe"
	},

	"overrides": [
		{ "predicate": {"damaged": 0, "damage": 0}, "model": "item/woodenhoe/wooden_hoe"},

		{ "predicate": {"damaged": 0, "damage": 0.016666666666667}, "model": "item/woodenhoe/wheel_s_int"},

		{ "predicate": {"damaged": 0, "damage": 0.033333333333333}, "model": "item/woodenhoe/wheel_s_ext"},

		{ "predicate": {"damaged": 0, "damage": 0.05}, "model": "item/woodenhoe/wheel_l_int"},

		{ "predicate": {"damaged": 0, "damage": 0.066666666666667}, "model": "item/woodenhoe/wheel_l_ext"}
	]
}

