{
	"__comment": "Designed by Galingueur with Cubik Studio - https://cubik.studio",
	"textures": {
		"texture": "item/m_woodentools"
	},
	"elements": [
		{
			"__comment": "Cube2",
			"from": [ 7.75, 9, 2 ],
			"to": [ 8.25, 16, 4 ],
			"faces": {
				"down": { "uv": [ 12, 10.5, 12.5, 11 ], "texture": "#texture" },
				"up": { "uv": [ 12, 8, 12.5, 8.5 ], "texture": "#texture" },
				"north": { "uv": [ 11.5, 8, 11, 11.5 ], "texture": "#texture" },
				"south": { "uv": [ 12, 8, 11.5, 11.5 ], "texture": "#texture" },
				"west": { "uv": [ 11, 8, 12, 11.5 ], "texture": "#texture" },
				"east": { "uv": [ 12, 8, 11, 11.5 ], "texture": "#texture" }
			}
		},
		{
			"__comment": "Cube2",
			"from": [ 6.5, 1, 6.5 ],
			"to": [ 9.5, 2, 9.5 ],
			"faces": {
				"down": { "uv": [ 5, 1.5, 5.5, 2 ], "texture": "#texture" },
				"up": { "uv": [ 5.5, 0, 6, 0.5 ], "texture": "#texture", "rotation": 90 },
				"north": { "uv": [ 5.5, 0, 6, 1.5 ], "texture": "#texture" },
				"south": { "uv": [ 5.5, 0, 6, 1.5 ], "texture": "#texture" },
				"west": { "uv": [ 5.5, 0, 6, 1.5 ], "texture": "#texture" },
				"east": { "uv": [ 5.5, 0, 6, 1.5 ], "texture": "#texture" }
			}
		},
		{
			"__comment": "Cube2",
			"from": [ 7, 0, 7 ],
			"to": [ 9, 9, 9 ],
			"faces": {
				"down": { "uv": [ 5, 7.5, 5.5, 8 ], "texture": "#texture" },
				"up": { "uv": [ 5, 3, 5.5, 3.5 ], "texture": "#texture" },
				"north": { "uv": [ 13.5, 11.5, 14.5, 16 ], "texture": "#texture" },
				"south": { "uv": [ 13.5, 11.5, 14.5, 16 ], "texture": "#texture" },
				"west": { "uv": [ 13.5, 11.5, 14.5, 16 ], "texture": "#texture" },
				"east": { "uv": [ 13.5, 11.5, 14.5, 16 ], "texture": "#texture" }
			}
		},
		{
			"__comment": "Cube2",
			"from": [ 6.75, 9, 6.75 ],
			"to": [ 9.25, 16, 9.25 ],
			"faces": {
				"down": { "uv": [ 14, 11, 14.5, 11.5 ], "texture": "#texture" },
				"up": { "uv": [ 13.5, 8, 14, 8.5 ], "texture": "#texture" },
				"north": { "uv": [ 13.5, 8, 14, 11.5 ], "texture": "#texture" },
				"south": { "uv": [ 14, 8, 14.5, 11.5 ], "texture": "#texture" },
				"west": { "uv": [ 13.5, 8, 14.5, 11.5 ], "texture": "#texture" },
				"east": { "uv": [ 14.5, 8, 13.5, 11.5 ], "texture": "#texture" }
			}
		},
		{
			"__comment": "Cube2",
			"from": [ 7.25, 10, 6 ],
			"to": [ 8.75, 15, 7 ],
			"faces": {
				"down": { "uv": [ 13, 10.5, 13.5, 11 ], "texture": "#texture" },
				"up": { "uv": [ 13, 8.5, 13.5, 9 ], "texture": "#texture" },
				"north": { "uv": [ 13.5, 8.5, 13, 11 ], "texture": "#texture" },
				"south": { "uv": [ 13.5, 8.5, 13, 11 ], "texture": "#texture" },
				"west": { "uv": [ 13, 8.5, 13.5, 11 ], "texture": "#texture" },
				"east": { "uv": [ 13.5, 8.5, 13, 11 ], "texture": "#texture" }
			}
		},
		{
			"__comment": "Cube2",
			"from": [ 7.5, 11, 5 ],
			"to": [ 8.5, 16, 6 ],
			"faces": {
				"down": { "uv": [ 12.5, 10, 13, 10.5 ], "texture": "#texture" },
				"up": { "uv": [ 12.5, 8, 13, 8.5 ], "texture": "#texture" },
				"north": { "uv": [ 13, 8, 12.5, 10.5 ], "texture": "#texture" },
				"south": { "uv": [ 13, 8, 12.5, 10.5 ], "texture": "#texture" },
				"west": { "uv": [ 12.5, 8, 13, 10.5 ], "texture": "#texture" },
				"east": { "uv": [ 13, 8, 12.5, 10.5 ], "texture": "#texture" }
			}
		},
		{
			"__comment": "Cube2",
			"from": [ 7.5, 10, 4 ],
			"to": [ 8.5, 16, 5 ],
			"faces": {
				"down": { "uv": [ 12, 10.5, 12.5, 11 ], "texture": "#texture" },
				"up": { "uv": [ 12, 8, 12.5, 8.5 ], "texture": "#texture" },
				"north": { "uv": [ 12.5, 8, 12, 11 ], "texture": "#texture" },
				"south": { "uv": [ 12.5, 8, 12, 11 ], "texture": "#texture" },
				"west": { "uv": [ 12, 8, 12.5, 11 ], "texture": "#texture" },
				"east": { "uv": [ 12.5, 8, 12, 11 ], "texture": "#texture" }
			}
		}
	],
	"display": {
		"thirdperson_righthand": {
			"translation":  [ 0, 2.7826, 0 ],
			"scale":  [ 0.8, 0.8, 0.8 ]
		},
		"thirdperson_lefthand": {
			"translation":  [ 0, 2.7826, 0 ],
			"scale":  [ 0.8, 0.8, 0.8 ]
		},
		"firstperson_righthand": {
			"rotation":  [ -21, 7, 0 ],
			"translation":  [ 0, 4.1739, 0 ],
			"scale":  [ 0.7, 0.7, 0.7 ]
		},
		"firstperson_lefthand": {
			"rotation":  [ -21, 7, 0 ],
			"translation":  [ 0, 4.1739, 0 ],
			"scale":  [ 0.7, 0.7, 0.7 ]
		},
		"gui": {
			"rotation":  [ 31, -131, 47 ],
			"translation":  [ -0.694, 0.0016, 0 ],
			"scale":  [ 0.7, 0.7, 0.7 ]
		},
		"ground": {
			"translation":  [ 0, 2, 0 ],
			"scale":  [ 0.5, 0.5, 0.5 ]
		},
		"fixed": {
			"rotation":  [ 90, 90, -90 ],
			"translation":  [ 0, 0.0002, 0.6956 ],
			"scale":  [ 2, 2, 2 ]
		}
	}
}