{
	"__comment": "Designed by Galingueur with Cubik Studio - https://cubik.studio",
	"textures": {
		"texture": "item/m_irontools_02"
	},
	"elements": [
		{
			"__comment": "Box2",
			"from": [ 7, 1, 6 ],
			"to": [ 9, 18, 9 ],
			"faces": {
				"down": { "uv": [ 12, 11, 12.5, 11.5 ], "texture": "#texture", "rotation": 90 },
				"up": { "uv": [ 3, 5, 3.5, 5.5 ], "texture": "#texture", "rotation": 90 },
				"north": { "uv": [ 3, 2.5, 3.5, 11 ], "texture": "#texture" },
				"south": { "uv": [ 4, 2.5, 4.5, 11 ], "texture": "#texture" },
				"west": { "uv": [ 3, 2.5, 4.5, 11 ], "texture": "#texture" },
				"east": { "uv": [ 4.5, 2.5, 3, 11 ], "texture": "#texture" }
			}
		},
		{
			"__comment": "Box2",
			"from": [ 6.5, 21, 4 ],
			"to": [ 9.5, 23, 5 ],
			"faces": {
				"down": { "uv": [ 13, 0, 11.5, 0.5 ], "texture": "#texture", "rotation": 90 },
				"up": { "uv": [ 3, 0, 2.5, 0.5 ], "texture": "#texture" },
				"north": { "uv": [ 3, 0, 2.5, 0.5 ], "texture": "#texture" },
				"south": { "uv": [ 3, 0, 2.5, 0.5 ], "texture": "#texture" },
				"west": { "uv": [ 3, 0, 2.5, 0.5 ], "texture": "#texture" },
				"east": { "uv": [ 3, 0, 2.5, 0.5 ], "texture": "#texture" }
			}
		},
		{
			"__comment": "Box2",
			"from": [ 7.5, 17, 0 ],
			"to": [ 8.5, 19, 2 ],
			"faces": {
				"down": { "uv": [ 7.5, 3, 7, 3.5 ], "texture": "#texture", "rotation": 90 },
				"up": { "uv": [ 7.5, 2.5, 7, 3 ], "texture": "#texture", "rotation": 270 },
				"north": { "uv": [ 0.5, 2, 0, 3 ], "texture": "#texture" },
				"south": { "uv": [ 0.5, 2, 0, 3 ], "texture": "#texture" },
				"west": { "uv": [ 0, 2, 1, 3 ], "texture": "#texture" },
				"east": { "uv": [ 1, 2, 0, 3 ], "texture": "#texture" }
			}
		},
		{
			"__comment": "Box2",
			"from": [ 7.5, 17, 2 ],
			"to": [ 8.5, 21, 5 ],
			"faces": {
				"down": { "uv": [ 1, 2.5, 2.5, 3 ], "texture": "#texture", "rotation": 270 },
				"up": { "uv": [ 1, 1, 2.5, 1.5 ], "texture": "#texture", "rotation": 90 },
				"north": { "uv": [ 1, 1, 1.5, 3 ], "texture": "#texture" },
				"south": { "uv": [ 2, 1, 2.5, 3 ], "texture": "#texture" },
				"west": { "uv": [ 1, 1, 2.5, 3 ], "texture": "#texture" },
				"east": { "uv": [ 2.5, 1, 1, 3 ], "texture": "#texture" }
			}
		},
		{
			"__comment": "Box2",
			"from": [ 7.5, 21, 3 ],
			"to": [ 8.5, 22, 4 ],
			"faces": {
				"down": { "uv": [ 10, 2.5, 10.5, 3 ], "texture": "#texture" },
				"up": { "uv": [ 10, 2.5, 10.5, 3 ], "texture": "#texture" },
				"north": { "uv": [ 10, 2.5, 10.5, 3 ], "texture": "#texture" },
				"south": { "uv": [ 10, 2.5, 10.5, 3 ], "texture": "#texture" },
				"west": { "uv": [ 10, 2.5, 10.5, 3 ], "texture": "#texture" },
				"east": { "uv": [ 10, 2.5, 10.5, 3 ], "texture": "#texture" }
			}
		},
		{
			"__comment": "Box2",
			"from": [ 6.5, 18, 6 ],
			"to": [ 9.5, 23, 9 ],
			"faces": {
				"down": { "uv": [ 4.5, 0, 3, 0.5 ], "texture": "#texture", "rotation": 90 },
				"up": { "uv": [ 4, 0, 2.5, 0.5 ], "texture": "#texture", "rotation": 90 },
				"north": { "uv": [ 4.5, 0, 4, 2.5 ], "texture": "#texture" },
				"south": { "uv": [ 4.5, 0, 4, 2.5 ], "texture": "#texture" },
				"west": { "uv": [ 4.5, 0, 3, 2.5 ], "texture": "#texture" },
				"east": { "uv": [ 4.5, 0, 3, 2.5 ], "texture": "#texture" }
			}
		},
		{
			"__comment": "Box2",
			"from": [ 6.5, 19, 9 ],
			"to": [ 9.5, 22, 10 ],
			"faces": {
				"down": { "uv": [ 4.5, 0, 4, 0.5 ], "texture": "#texture" },
				"up": { "uv": [ 4.5, 0, 4, 0.5 ], "texture": "#texture" },
				"north": { "uv": [ 4.5, 0, 4, 0.5 ], "texture": "#texture" },
				"south": { "uv": [ 4.5, 0, 4, 0.5 ], "texture": "#texture" },
				"west": { "uv": [ 4.5, 0, 4, 0.5 ], "texture": "#texture" },
				"east": { "uv": [ 4.5, 0, 4, 0.5 ], "texture": "#texture" }
			}
		},
		{
			"__comment": "Box2",
			"from": [ 6.5, 19, 5 ],
			"to": [ 9.5, 23, 6 ],
			"faces": {
				"down": { "uv": [ 3, 0, 2.5, 0.5 ], "texture": "#texture" },
				"up": { "uv": [ 3, 0, 2.5, 0.5 ], "texture": "#texture" },
				"north": { "uv": [ 3, 0, 2.5, 2 ], "texture": "#texture" },
				"south": { "uv": [ 3, 0, 2.5, 2 ], "texture": "#texture" },
				"west": { "uv": [ 3, 0, 2.5, 2 ], "texture": "#texture" },
				"east": { "uv": [ 3, 0, 2.5, 2 ], "texture": "#texture" }
			}
		},
		{
			"__comment": "Box2",
			"from": [ 7.5, 18, 5 ],
			"to": [ 8.5, 19, 6 ],
			"faces": {
				"down": { "uv": [ 10, 2.5, 10.5, 3 ], "texture": "#texture" },
				"up": { "uv": [ 10, 2.5, 10.5, 3 ], "texture": "#texture" },
				"north": { "uv": [ 10, 2.5, 10.5, 3 ], "texture": "#texture" },
				"south": { "uv": [ 10, 2.5, 10.5, 3 ], "texture": "#texture" },
				"west": { "uv": [ 10, 2.5, 10.5, 3 ], "texture": "#texture" },
				"east": { "uv": [ 10, 2.5, 10.5, 3 ], "texture": "#texture" }
			}
		},
		{
			"__comment": "Box2",
			"from": [ 7.5, 19, 1 ],
			"to": [ 8.5, 20, 2 ],
			"faces": {
				"down": { "uv": [ 0.5, 1.5, 1, 2 ], "texture": "#texture" },
				"up": { "uv": [ 0.5, 1.5, 1, 2 ], "texture": "#texture" },
				"north": { "uv": [ 0.5, 1.5, 1, 2 ], "texture": "#texture" },
				"south": { "uv": [ 0.5, 1.5, 1, 2 ], "texture": "#texture" },
				"west": { "uv": [ 0.5, 1.5, 1, 2 ], "texture": "#texture" },
				"east": { "uv": [ 0.5, 1.5, 1, 2 ], "texture": "#texture" }
			}
		}
	],
	"display": {
		"thirdperson_righthand": {
			"rotation":  [ 40, 0, 0 ],
			"translation":  [ 0, 1.3913, 3.2826 ],
			"scale":  [ 0.85, 0.85, 0.85 ]
		},
		"thirdperson_lefthand": {
			"rotation":  [ 40, 0, 0 ],
			"translation":  [ 0, 1.3913, 3.2826 ],
			"scale":  [ 0.85, 0.85, 0.85 ]
		},
		"firstperson_righthand": {
			"rotation":  [ -13, 15, 0 ],
			"translation":  [ 1.13, 3.2, 1.13 ],
			"scale":  [ 0.68, 0.68, 0.68 ]
		},
		"firstperson_lefthand": {
			"rotation":  [ -13, 15, 0 ],
			"translation":  [ 1.13, 3.2, 1.13 ],
			"scale":  [ 0.68, 0.68, 0.68 ]
		},
		"gui": {
			"rotation":  [ 8, 230, 38 ],
			"translation":  [ -2.086, -2.086, 0 ],
			"scale":  [ 0.625, 0.625, 0.625 ]
		},
		"ground": {
			"translation":  [ 0, 2, 0 ],
			"scale":  [ 0.5, 0.5, 0.5 ]
		},
		"fixed": {
			"rotation":  [ 90, 0, 90 ],
			"translation":  [ 6.9565, -2, 0 ],
			"scale":  [ 2, 2, 2 ]
		}
	}
}