{
	"__comment": "Designed by Galingueur with Cubik Studio - https://cubik.studio",
	"textures": {
		"particle": "block/m_standing_console_w",
		"texture": "block/m_standing_console_w"
	},
	"elements": [ 	 
		{
			"__comment": "Box1",
			"from": [ 6.5, 0, 15 ],
			"to": [ 9.5, 9, 17 ],
			"faces": {
				"down": { "uv": [ 3.5, 2.75, 5, 3.5 ], "texture": "#texture" },
				"up": { "uv": [ 3.5, 2.75, 5, 3.5 ], "texture": "#texture" },
				"north": { "uv": [ 3.5, 3.5, 5, 5.75 ], "texture": "#texture" },
				"south": { "uv": [ 3.5, 3.5, 5, 5.75 ], "texture": "#texture" },
				"west": { "uv": [ 2.75, 3.5, 3.5, 5.75 ], "texture": "#texture" },
				"east": { "uv": [ 2.75, 3.5, 3.5, 5.75 ], "texture": "#texture" }
			}
		},
		{
			"__comment": "Box1",
			"from": [ 5, 1, 12 ],
			"to": [ 11, 9, 16 ],
			"faces": {
				"down": { "uv": [ 1, 2.75, 2.5, 3.75 ], "texture": "#texture" },
				"up": { "uv": [ 1, 2.75, 2.5, 3.75 ], "texture": "#texture" },
				"north": { "uv": [ 1, 3.75, 2.5, 5.75 ], "texture": "#texture" },
				"south": { "uv": [ 1, 3.75, 2.5, 5.75 ], "texture": "#texture" },
				"west": { "uv": [ 0, 3.75, 1, 5.75 ], "texture": "#texture" },
				"east": { "uv": [ 0, 3.75, 1, 5.75 ], "texture": "#texture" }
			}
		},
		{
			"__comment": "Box1",
			"from": [ 3.5, 0, 6.5 ],
			"to": [ 12.5, 1, 16 ],
			"faces": {
				"down": { "uv": [ 0.25, 0.25, 2.75, 2.5 ], "texture": "#texture" },
				"up": { "uv": [ 0.25, 0.25, 2.75, 2.5 ], "texture": "#texture" },
				"north": { "uv": [ 0.25, 0, 2.75, 0.25 ], "texture": "#texture" },
				"south": { "uv": [ 0.25, 0, 2.75, 0.25 ], "texture": "#texture" },
				"west": { "uv": [ 0.25, 0, 2.75, 0.25 ], "texture": "#texture" },
				"east": { "uv": [ 0.25, 0, 2.75, 0.25 ], "texture": "#texture" }
			}
		},
		{
			"__comment": "Box1",
			"from": [ 9, 0.5, 9.5 ],
			"to": [ 10, 9.5, 12 ],
			"rotation": { "origin": [ 9, 0.5, 9.5 ], "axis": "x", "angle": 22.5 },
			"faces": {
				"down": { "uv": [ 3, 0, 3.75, 0.25 ], "texture": "#texture" },
				"up": { "uv": [ 3, 0, 3.75, 0.25 ], "texture": "#texture" },
				"north": { "uv": [ 2.75, 0.25, 3, 2.5 ], "texture": "#texture" },
				"south": { "uv": [ 2.75, 0.25, 3, 2.5 ], "texture": "#texture" },
				"west": { "uv": [ 3, 0.25, 3.75, 2.5 ], "texture": "#texture" },
				"east": { "uv": [ 3, 0.25, 3.75, 2.5 ], "texture": "#texture" }
			}
		},
		{
			"__comment": "Box1",
			"from": [ 4, 15.1464, 12.6464 ],
			"to": [ 12, 18.1464, 18.6464 ],
			"rotation": { "origin": [ 4, 18, 13 ], "axis": "x", "angle": -22.5 },
			"faces": {
				"down": { "uv": [ 0.5, 6, 2.75, 8 ], "texture": "#texture", "rotation": 270 },
				"up": { "uv": [ 0.5, 6, 2.75, 8 ], "texture": "#texture", "rotation": 270 },
				"north": { "uv": [ 0.5, 8, 2.75, 8.5 ], "texture": "#texture" },
				"south": { "uv": [ 0.5, 8, 2.75, 8.5 ], "texture": "#texture" },
				"west": { "uv": [ 0, 6, 0.5, 8 ], "texture": "#texture", "rotation": 270 },
				"east": { "uv": [ 0, 6, 0.5, 8 ], "texture": "#texture", "rotation": 270 }
			}
		},
		{
			"__comment": "Box1",
			"from": [ 4.5, 21, 11 ],
			"to": [ 11.5, 25.5, 19.5 ],
			"rotation": { "origin": [ 4.5, 21, 11 ], "axis": "x", "angle": 22.5 },
			"faces": {
				"down": { "uv": [ 5.25, 3, 7.5, 4.75 ], "texture": "#texture", "rotation": 90 },
				"up": { "uv": [ 5.25, 0, 7.5, 1.75 ], "texture": "#texture", "rotation": 90 },
				"north": { "uv": [ 5.25, 5, 7, 6.25 ], "texture": "#texture" },
				"south": { "uv": [ 5.25, 6.5, 7, 7.75 ], "texture": "#texture" },
				"west": { "uv": [ 5.25, 1.75, 7.5, 3 ], "texture": "#texture" },
				"east": { "uv": [ 5.25, 1.75, 7.5, 3 ], "texture": "#texture", "rotation": 180 }
			}
		},
		{
			"__comment": "Box1",
			"from": [ 4.5, 17.75, 7 ],
			"to": [ 12.5, 19.25, 12 ],
			"rotation": { "origin": [ 4.5, 17.75, 7 ], "axis": "x", "angle": -22.5 },
			"faces": {
				"down": { "uv": [ 8.25, 0, 9.5, 2 ], "texture": "#texture", "rotation": 90 },
				"up": { "uv": [ 8.25, 2, 9.5, 4 ], "texture": "#texture", "rotation": 90 },
				"north": { "uv": [ 7.75, 2, 8.25, 4 ], "texture": "#texture", "rotation": 270 },
				"south": { "uv": [ 7.75, 2, 8.25, 4 ], "texture": "#texture" },
				"west": { "uv": [ 8.25, 4, 9.5, 4.5 ], "texture": "#texture" },
				"east": { "uv": [ 8.25, 4, 9.5, 4.5 ], "texture": "#texture" }
			}
		},
		{
			"__comment": "Box1",
			"from": [ 3.5, 19.5, 11 ],
			"to": [ 12.5, 21, 18.5 ],
			"faces": {
				"down": { "uv": [ 0.5, 6, 2.75, 8 ], "texture": "#texture" },
				"up": { "uv": [ 0.5, 6, 2.75, 8 ], "texture": "#texture" },
				"north": { "uv": [ 0, 6, 0.5, 8 ], "texture": "#texture", "rotation": 270 },
				"south": { "uv": [ 0, 6, 0.5, 8 ], "texture": "#texture", "rotation": 270 },
				"west": { "uv": [ 0.5, 8, 2.75, 8.5 ], "texture": "#texture" },
				"east": { "uv": [ 0.5, 8, 2.75, 8.5 ], "texture": "#texture" }
			}
		},
		{
			"__comment": "Box1",
			"from": [ 6, 0.5, 9.5 ],
			"to": [ 7, 9.5, 12 ],
			"rotation": { "origin": [ 6, 0.5, 9.5 ], "axis": "x", "angle": 22.5 },
			"faces": {
				"down": { "uv": [ 3, 0, 3.75, 0.25 ], "texture": "#texture" },
				"up": { "uv": [ 3, 0, 3.75, 0.25 ], "texture": "#texture" },
				"north": { "uv": [ 2.75, 0.25, 3, 2.5 ], "texture": "#texture" },
				"south": { "uv": [ 2.75, 0.25, 3, 2.5 ], "texture": "#texture" },
				"west": { "uv": [ 3, 0.25, 3.75, 2.5 ], "texture": "#texture" },
				"east": { "uv": [ 3, 0.25, 3.75, 2.5 ], "texture": "#texture" }
			}
		},
		{
			"__comment": "Box1",
			"from": [ 5.5, 9, 13 ],
			"to": [ 10.5, 18, 15 ],
			"faces": {
				"down": { "uv": [ 3.5, 2.75, 5, 3.5 ], "texture": "#texture" },
				"up": { "uv": [ 3.5, 2.75, 5, 3.5 ], "texture": "#texture" },
				"north": { "uv": [ 3.5, 3.5, 5, 5.75 ], "texture": "#texture" },
				"south": { "uv": [ 3.5, 3.5, 5, 5.75 ], "texture": "#texture" },
				"west": { "uv": [ 2.75, 3.5, 3.5, 5.75 ], "texture": "#texture" },
				"east": { "uv": [ 2.75, 3.5, 3.5, 5.75 ], "texture": "#texture" }
			}
		},
		{
			"__comment": "Box1",
			"from": [ 6.5, 9, 15 ],
			"to": [ 9.5, 18, 17 ],
			"faces": {
				"down": { "uv": [ 3.5, 2.75, 5, 3.5 ], "texture": "#texture" },
				"up": { "uv": [ 3.5, 2.75, 5, 3.5 ], "texture": "#texture" },
				"north": { "uv": [ 3.5, 3.5, 5, 5.75 ], "texture": "#texture" },
				"south": { "uv": [ 3.5, 3.5, 5, 5.75 ], "texture": "#texture" },
				"west": { "uv": [ 2.75, 3.5, 3.5, 5.75 ], "texture": "#texture" },
				"east": { "uv": [ 2.75, 3.5, 3.5, 5.75 ], "texture": "#texture" }
			}
		}
	],
	"display": {
		"thirdperson_righthand": {
			"rotation":  [ 75, 45, 0 ],
			"translation":  [ 0, 2.5, 0 ],
			"scale":  [ 0.375, 0.375, 0.375 ]
		},
		"thirdperson_lefthand": {
			"rotation":  [ 75, 45, 0 ],
			"translation":  [ 0, 2.5, 0 ],
			"scale":  [ 0.375, 0.375, 0.375 ]
		},
		"firstperson_righthand": {
			"rotation":  [ 0, 45, 0 ],
			"scale":  [ 0.4, 0.4, 0.4 ]
		},
		"firstperson_lefthand": {
			"rotation":  [ 0, 45, 0 ],
			"scale":  [ 0.4, 0.4, 0.4 ]
		},
		"gui": {
			"rotation":  [ 30, 225, 0 ],
			"translation":  [ 1.3913, -2.086, 0 ],
			"scale":  [ 0.4, 0.4, 0.4 ]
		},
		"ground": {
			"translation":  [ 0, 2.7826, -1 ],
			"scale":  [ 0.5, 0.5, 0.5 ]
		},
		"fixed": {
			"translation":  [ 0, 0, -15 ],
			"scale":  [ 2, 2, 2 ]
		}
	}
}