{
	"credit": "Made with Blockbench",
	"texture_size": [32, 32],
	"textures": {
		"5": "custom/bonus/walkingcane",
		"particle": "custom/bonus/walkingcane"
	},
	"elements": [
		{
			"from": [6, 0, 7],
			"to": [7, 13, 8],
			"faces": {
				"north": {"uv": [0, 0, 1, 14], "texture": "#5"},
				"east": {"uv": [1, 0, 2, 14], "texture": "#5"},
				"south": {"uv": [2, 0, 3, 14], "texture": "#5"},
				"west": {"uv": [3, 0, 4, 14], "texture": "#5"},
				"up": {"uv": [5, 1, 4, 0], "texture": "#5"},
				"down": {"uv": [5, 1, 4, 2], "texture": "#5"}
			}
		},
		{
			"from": [5, 13, 7],
			"to": [9, 14, 8],
			"faces": {
				"north": {"uv": [3, 0, 6, 1], "texture": "#5"},
				"east": {"uv": [3, 2, 5, 3], "texture": "#5"},
				"south": {"uv": [3, 1, 6, 2], "texture": "#5"},
				"west": {"uv": [3, 3, 5, 4], "texture": "#5"},
				"up": {"uv": [3, 2, 0, 0], "texture": "#5"},
				"down": {"uv": [3, 2, 0, 4], "texture": "#5"}
			}
		}
	],
	"display": {
		"thirdperson_righthand": {
			"rotation": [70, 180, 0],
			"translation": [-1.75, -3.25, -5.25]
		},
		"thirdperson_lefthand": {
			"rotation": [70, 0, 0],
			"translation": [-1.75, -3.25, -5.25]
		},
		"firstperson_righthand": {
			"translation": [0, -5.25, 0]
		},
		"firstperson_lefthand": {
			"translation": [0, -5.25, 0]
		},
		"ground": {
			"rotation": [90, 0, 0],
			"translation": [0, -3.75, 0]
		},
		"gui": {
			"rotation": [0, 0, -45],
			"translation": [1.5, -0.75, 0],
			"scale": [1.3, 1.3, 1.3]
		},
		"fixed": {
			"translation": [2, 2.5, 0],
			"scale": [2, 2, 2]
		}
	}
}