{
	"credit": "Made with Blockbench",
	"texture_size": [32, 32],
	"textures": {
		"6": "custom/bonus/genstim",
		"particle": "custom/bonus/genstim"
	},
	"elements": [
		{
			"from": [7, 2.7, 8.5],
			"to": [8, 10.5, 9.5],
			"faces": {
				"north": {"uv": [0, 0, 0.5, 4], "texture": "#6"},
				"east": {"uv": [0.5, 0, 1, 4], "texture": "#6"},
				"south": {"uv": [1, 0, 1.5, 4], "texture": "#6"},
				"west": {"uv": [1.5, 0, 2, 4], "texture": "#6"},
				"up": {"uv": [8.5, 5.5, 8, 5], "texture": "#6"},
				"down": {"uv": [6, 8, 5.5, 8.5], "texture": "#6"}
			}
		},
		{
			"from": [6.9, 2.7, 8.6],
			"to": [7, 10.5, 9.4],
			"faces": {
				"north": {"uv": [2, 0, 2.5, 4], "texture": "#6"},
				"east": {"uv": [2.5, 0, 3, 4], "texture": "#6"},
				"south": {"uv": [3, 0, 3.5, 4], "texture": "#6"},
				"west": {"uv": [3.5, 0, 4, 4], "texture": "#6"},
				"up": {"uv": [8.5, 6, 8, 5.5], "texture": "#6"},
				"down": {"uv": [6.5, 8, 6, 8.5], "texture": "#6"}
			}
		},
		{
			"from": [7.1, 2.7, 8.4],
			"to": [7.9, 10.5, 8.5],
			"faces": {
				"north": {"uv": [5, 0, 5.5, 4], "texture": "#6"},
				"east": {"uv": [5, 4, 5.5, 8], "texture": "#6"},
				"south": {"uv": [5.5, 0, 6, 4], "texture": "#6"},
				"west": {"uv": [5.5, 4, 6, 8], "texture": "#6"},
				"up": {"uv": [9, 0.5, 8.5, 0], "texture": "#6"},
				"down": {"uv": [9, 0.5, 8.5, 1], "texture": "#6"}
			}
		},
		{
			"from": [7.1, 2.7, 9.5],
			"to": [7.9, 10.5, 9.6],
			"faces": {
				"north": {"uv": [6, 0, 6.5, 4], "texture": "#6"},
				"east": {"uv": [6, 4, 6.5, 8], "texture": "#6"},
				"south": {"uv": [6.5, 0, 7, 4], "texture": "#6"},
				"west": {"uv": [6.5, 4, 7, 8], "texture": "#6"},
				"up": {"uv": [9, 1.5, 8.5, 1], "texture": "#6"},
				"down": {"uv": [9, 1.5, 8.5, 2], "texture": "#6"}
			}
		},
		{
			"from": [8, 2.7, 8.6],
			"to": [8.1, 10.5, 9.4],
			"faces": {
				"north": {"uv": [0, 4, 0.5, 8], "texture": "#6"},
				"east": {"uv": [4, 0, 4.5, 4], "texture": "#6"},
				"south": {"uv": [0.5, 4, 1, 8], "texture": "#6"},
				"west": {"uv": [1, 4, 1.5, 8], "texture": "#6"},
				"up": {"uv": [8.5, 7, 8, 6.5], "texture": "#6"},
				"down": {"uv": [7.5, 8, 7, 8.5], "texture": "#6"}
			}
		},
		{
			"from": [6.8, 6.4, 8.7],
			"to": [7, 8.1, 9.3],
			"faces": {
				"north": {"uv": [1.5, 8, 2, 9], "texture": "#6"},
				"east": {"uv": [2, 8, 2.5, 9], "texture": "#6"},
				"south": {"uv": [2.5, 8, 3, 9], "texture": "#6"},
				"west": {"uv": [3, 8, 3.5, 9], "texture": "#6"},
				"up": {"uv": [8.5, 6.5, 8, 6], "texture": "#6"},
				"down": {"uv": [7, 8, 6.5, 8.5], "texture": "#6"}
			}
		},
		{
			"from": [7.1, 10.5, 8.6],
			"to": [7.9, 10.6, 9.4],
			"faces": {
				"north": {"uv": [8.5, 3, 9, 3.5], "texture": "#6"},
				"east": {"uv": [3.5, 8.5, 4, 9], "texture": "#6"},
				"south": {"uv": [8.5, 3.5, 9, 4], "texture": "#6"},
				"west": {"uv": [4, 8.5, 4.5, 9], "texture": "#6"},
				"up": {"uv": [9, 4.5, 8.5, 4], "texture": "#6"},
				"down": {"uv": [5, 8.5, 4.5, 9], "texture": "#6"}
			}
		},
		{
			"from": [7.1, 10.5, 8.5],
			"to": [7.9, 10.7, 8.6],
			"faces": {
				"north": {"uv": [8.5, 4.5, 9, 5], "texture": "#6"},
				"east": {"uv": [5, 8.5, 5.5, 9], "texture": "#6"},
				"south": {"uv": [8.5, 5, 9, 5.5], "texture": "#6"},
				"west": {"uv": [5.5, 8.5, 6, 9], "texture": "#6"},
				"up": {"uv": [9, 6, 8.5, 5.5], "texture": "#6"},
				"down": {"uv": [6.5, 8.5, 6, 9], "texture": "#6"}
			}
		},
		{
			"from": [7.1, 10.5, 9.4],
			"to": [7.9, 10.7, 9.5],
			"faces": {
				"north": {"uv": [8.5, 6, 9, 6.5], "texture": "#6"},
				"east": {"uv": [6.5, 8.5, 7, 9], "texture": "#6"},
				"south": {"uv": [8.5, 6.5, 9, 7], "texture": "#6"},
				"west": {"uv": [7, 8.5, 7.5, 9], "texture": "#6"},
				"up": {"uv": [9, 7.5, 8.5, 7], "texture": "#6"},
				"down": {"uv": [8, 8.5, 7.5, 9], "texture": "#6"}
			}
		},
		{
			"from": [7.6, 10.6, 9.1],
			"to": [7.7, 10.7, 9.2],
			"faces": {
				"north": {"uv": [9.5, 0, 10, 0.5], "texture": "#6"},
				"east": {"uv": [9.5, 0.5, 10, 1], "texture": "#6"},
				"south": {"uv": [9.5, 1, 10, 1.5], "texture": "#6"},
				"west": {"uv": [1.5, 9.5, 2, 10], "texture": "#6"},
				"up": {"uv": [10, 2, 9.5, 1.5], "texture": "#6"},
				"down": {"uv": [2.5, 9.5, 2, 10], "texture": "#6"}
			}
		},
		{
			"from": [7.6, 10.6, 9],
			"to": [7.7, 10.7, 9.1],
			"faces": {
				"north": {"uv": [9.5, 2, 10, 2.5], "texture": "#6"},
				"east": {"uv": [2.5, 9.5, 3, 10], "texture": "#6"},
				"south": {"uv": [9.5, 2.5, 10, 3], "texture": "#6"},
				"west": {"uv": [3, 9.5, 3.5, 10], "texture": "#6"},
				"up": {"uv": [10, 3.5, 9.5, 3], "texture": "#6"},
				"down": {"uv": [4, 9.5, 3.5, 10], "texture": "#6"}
			}
		},
		{
			"from": [7.6, 10.6, 8.9],
			"to": [7.7, 10.7, 9],
			"faces": {
				"north": {"uv": [9.5, 3.5, 10, 4], "texture": "#6"},
				"east": {"uv": [4, 9.5, 4.5, 10], "texture": "#6"},
				"south": {"uv": [9.5, 4, 10, 4.5], "texture": "#6"},
				"west": {"uv": [4.5, 9.5, 5, 10], "texture": "#6"},
				"up": {"uv": [10, 5, 9.5, 4.5], "texture": "#6"},
				"down": {"uv": [5.5, 9.5, 5, 10], "texture": "#6"}
			}
		},
		{
			"from": [7.6, 10.6, 8.8],
			"to": [7.7, 10.7, 8.9],
			"faces": {
				"north": {"uv": [9.5, 5, 10, 5.5], "texture": "#6"},
				"east": {"uv": [5.5, 9.5, 6, 10], "texture": "#6"},
				"south": {"uv": [9.5, 5.5, 10, 6], "texture": "#6"},
				"west": {"uv": [6, 9.5, 6.5, 10], "texture": "#6"},
				"up": {"uv": [10, 6.5, 9.5, 6], "texture": "#6"},
				"down": {"uv": [7, 9.5, 6.5, 10], "texture": "#6"}
			}
		},
		{
			"from": [7.6, 10.6, 8.7],
			"to": [7.7, 10.7, 8.8],
			"faces": {
				"north": {"uv": [9.5, 6.5, 10, 7], "texture": "#6"},
				"east": {"uv": [7, 9.5, 7.5, 10], "texture": "#6"},
				"south": {"uv": [9.5, 7, 10, 7.5], "texture": "#6"},
				"west": {"uv": [7.5, 9.5, 8, 10], "texture": "#6"},
				"up": {"uv": [10, 8, 9.5, 7.5], "texture": "#6"},
				"down": {"uv": [8.5, 9.5, 8, 10], "texture": "#6"}
			}
		},
		{
			"from": [7.5, 10.6, 8.7],
			"to": [7.6, 10.7, 8.8],
			"faces": {
				"north": {"uv": [10, 5, 10.5, 5.5], "texture": "#6"},
				"east": {"uv": [5.5, 10, 6, 10.5], "texture": "#6"},
				"south": {"uv": [10, 5.5, 10.5, 6], "texture": "#6"},
				"west": {"uv": [6, 10, 6.5, 10.5], "texture": "#6"},
				"up": {"uv": [10.5, 6.5, 10, 6], "texture": "#6"},
				"down": {"uv": [7, 10, 6.5, 10.5], "texture": "#6"}
			}
		},
		{
			"from": [7.5, 10.6, 9.1],
			"to": [7.6, 10.7, 9.2],
			"faces": {
				"north": {"uv": [10, 3.5, 10.5, 4], "texture": "#6"},
				"east": {"uv": [4, 10, 4.5, 10.5], "texture": "#6"},
				"south": {"uv": [10, 4, 10.5, 4.5], "texture": "#6"},
				"west": {"uv": [4.5, 10, 5, 10.5], "texture": "#6"},
				"up": {"uv": [10.5, 5, 10, 4.5], "texture": "#6"},
				"down": {"uv": [5.5, 10, 5, 10.5], "texture": "#6"}
			}
		},
		{
			"from": [7.5, 10.6, 9],
			"to": [7.6, 10.7, 9.1],
			"faces": {
				"north": {"uv": [10, 2, 10.5, 2.5], "texture": "#6"},
				"east": {"uv": [2.5, 10, 3, 10.5], "texture": "#6"},
				"south": {"uv": [10, 2.5, 10.5, 3], "texture": "#6"},
				"west": {"uv": [3, 10, 3.5, 10.5], "texture": "#6"},
				"up": {"uv": [10.5, 3.5, 10, 3], "texture": "#6"},
				"down": {"uv": [4, 10, 3.5, 10.5], "texture": "#6"}
			}
		},
		{
			"from": [7.5, 10.6, 8.8],
			"to": [7.6, 10.7, 8.9],
			"faces": {
				"north": {"uv": [10, 0, 10.5, 0.5], "texture": "#6"},
				"east": {"uv": [10, 0.5, 10.5, 1], "texture": "#6"},
				"south": {"uv": [10, 1, 10.5, 1.5], "texture": "#6"},
				"west": {"uv": [1.5, 10, 2, 10.5], "texture": "#6"},
				"up": {"uv": [10.5, 2, 10, 1.5], "texture": "#6"},
				"down": {"uv": [2.5, 10, 2, 10.5], "texture": "#6"}
			}
		},
		{
			"from": [7.5, 10.6, 8.9],
			"to": [7.6, 10.7, 9],
			"faces": {
				"north": {"uv": [9.5, 8, 10, 8.5], "texture": "#6"},
				"east": {"uv": [8.5, 9.5, 9, 10], "texture": "#6"},
				"south": {"uv": [9.5, 8.5, 10, 9], "texture": "#6"},
				"west": {"uv": [9, 9.5, 9.5, 10], "texture": "#6"},
				"up": {"uv": [10, 9.5, 9.5, 9], "texture": "#6"},
				"down": {"uv": [10, 9.5, 9.5, 10], "texture": "#6"}
			}
		},
		{
			"from": [7.4, 10.6, 8.7],
			"to": [7.5, 10.7, 8.8],
			"faces": {
				"north": {"uv": [10.5, 3, 11, 3.5], "texture": "#6"},
				"east": {"uv": [3.5, 10.5, 4, 11], "texture": "#6"},
				"south": {"uv": [10.5, 3.5, 11, 4], "texture": "#6"},
				"west": {"uv": [4, 10.5, 4.5, 11], "texture": "#6"},
				"up": {"uv": [11, 4.5, 10.5, 4], "texture": "#6"},
				"down": {"uv": [5, 10.5, 4.5, 11], "texture": "#6"}
			}
		},
		{
			"from": [7.4, 10.6, 9.1],
			"to": [7.5, 10.7, 9.2],
			"faces": {
				"north": {"uv": [10.5, 1.5, 11, 2], "texture": "#6"},
				"east": {"uv": [2, 10.5, 2.5, 11], "texture": "#6"},
				"south": {"uv": [10.5, 2, 11, 2.5], "texture": "#6"},
				"west": {"uv": [2.5, 10.5, 3, 11], "texture": "#6"},
				"up": {"uv": [11, 3, 10.5, 2.5], "texture": "#6"},
				"down": {"uv": [3.5, 10.5, 3, 11], "texture": "#6"}
			}
		},
		{
			"from": [7.4, 10.6, 9],
			"to": [7.5, 10.7, 9.1],
			"faces": {
				"north": {"uv": [10, 9.5, 10.5, 10], "texture": "#6"},
				"east": {"uv": [10, 10, 10.5, 10.5], "texture": "#6"},
				"south": {"uv": [10.5, 0, 11, 0.5], "texture": "#6"},
				"west": {"uv": [10.5, 0.5, 11, 1], "texture": "#6"},
				"up": {"uv": [11, 1.5, 10.5, 1], "texture": "#6"},
				"down": {"uv": [2, 10.5, 1.5, 11], "texture": "#6"}
			}
		},
		{
			"from": [7.4, 10.6, 8.8],
			"to": [7.5, 10.7, 8.9],
			"faces": {
				"north": {"uv": [10, 8, 10.5, 8.5], "texture": "#6"},
				"east": {"uv": [8.5, 10, 9, 10.5], "texture": "#6"},
				"south": {"uv": [10, 8.5, 10.5, 9], "texture": "#6"},
				"west": {"uv": [9, 10, 9.5, 10.5], "texture": "#6"},
				"up": {"uv": [10.5, 9.5, 10, 9], "texture": "#6"},
				"down": {"uv": [10, 10, 9.5, 10.5], "texture": "#6"}
			}
		},
		{
			"from": [7.4, 10.6, 8.9],
			"to": [7.5, 10.7, 9],
			"faces": {
				"north": {"uv": [10, 6.5, 10.5, 7], "texture": "#6"},
				"east": {"uv": [7, 10, 7.5, 10.5], "texture": "#6"},
				"south": {"uv": [10, 7, 10.5, 7.5], "texture": "#6"},
				"west": {"uv": [7.5, 10, 8, 10.5], "texture": "#6"},
				"up": {"uv": [10.5, 8, 10, 7.5], "texture": "#6"},
				"down": {"uv": [8.5, 10, 8, 10.5], "texture": "#6"}
			}
		},
		{
			"from": [7.3, 10.6, 8.7],
			"to": [7.4, 10.7, 8.8],
			"faces": {
				"north": {"uv": [3.5, 8, 4, 8.5], "texture": "#6"},
				"east": {"uv": [4, 8, 4.5, 8.5], "texture": "#6"},
				"south": {"uv": [8, 4, 8.5, 4.5], "texture": "#6"},
				"west": {"uv": [4.5, 8, 5, 8.5], "texture": "#6"},
				"up": {"uv": [8.5, 5, 8, 4.5], "texture": "#6"},
				"down": {"uv": [5.5, 8, 5, 8.5], "texture": "#6"}
			}
		},
		{
			"from": [7.3, 10.6, 9.1],
			"to": [7.4, 10.7, 9.2],
			"faces": {
				"north": {"uv": [10.5, 9, 11, 9.5], "texture": "#6"},
				"east": {"uv": [9.5, 10.5, 10, 11], "texture": "#6"},
				"south": {"uv": [10.5, 9.5, 11, 10], "texture": "#6"},
				"west": {"uv": [10, 10.5, 10.5, 11], "texture": "#6"},
				"up": {"uv": [11, 10.5, 10.5, 10], "texture": "#6"},
				"down": {"uv": [11, 10.5, 10.5, 11], "texture": "#6"}
			}
		},
		{
			"from": [7.3, 10.6, 9],
			"to": [7.4, 10.7, 9.1],
			"faces": {
				"north": {"uv": [10.5, 7.5, 11, 8], "texture": "#6"},
				"east": {"uv": [8, 10.5, 8.5, 11], "texture": "#6"},
				"south": {"uv": [10.5, 8, 11, 8.5], "texture": "#6"},
				"west": {"uv": [8.5, 10.5, 9, 11], "texture": "#6"},
				"up": {"uv": [11, 9, 10.5, 8.5], "texture": "#6"},
				"down": {"uv": [9.5, 10.5, 9, 11], "texture": "#6"}
			}
		},
		{
			"from": [7.3, 10.6, 8.8],
			"to": [7.4, 10.7, 8.9],
			"faces": {
				"north": {"uv": [10.5, 6, 11, 6.5], "texture": "#6"},
				"east": {"uv": [6.5, 10.5, 7, 11], "texture": "#6"},
				"south": {"uv": [10.5, 6.5, 11, 7], "texture": "#6"},
				"west": {"uv": [7, 10.5, 7.5, 11], "texture": "#6"},
				"up": {"uv": [11, 7.5, 10.5, 7], "texture": "#6"},
				"down": {"uv": [8, 10.5, 7.5, 11], "texture": "#6"}
			}
		},
		{
			"from": [7.3, 10.6, 8.9],
			"to": [7.4, 10.7, 9],
			"faces": {
				"north": {"uv": [10.5, 4.5, 11, 5], "texture": "#6"},
				"east": {"uv": [5, 10.5, 5.5, 11], "texture": "#6"},
				"south": {"uv": [10.5, 5, 11, 5.5], "texture": "#6"},
				"west": {"uv": [5.5, 10.5, 6, 11], "texture": "#6"},
				"up": {"uv": [11, 6, 10.5, 5.5], "texture": "#6"},
				"down": {"uv": [6.5, 10.5, 6, 11], "texture": "#6"}
			}
		},
		{
			"from": [7.2, 10.6, 8.7],
			"to": [7.3, 10.7, 8.8],
			"faces": {
				"north": {"uv": [11, 6.5, 11.5, 7], "texture": "#6"},
				"east": {"uv": [7, 11, 7.5, 11.5], "texture": "#6"},
				"south": {"uv": [11, 7, 11.5, 7.5], "texture": "#6"},
				"west": {"uv": [7.5, 11, 8, 11.5], "texture": "#6"},
				"up": {"uv": [11.5, 8, 11, 7.5], "texture": "#6"},
				"down": {"uv": [8.5, 11, 8, 11.5], "texture": "#6"}
			}
		},
		{
			"from": [7.2, 10.6, 9.1],
			"to": [7.3, 10.7, 9.2],
			"faces": {
				"north": {"uv": [11, 5, 11.5, 5.5], "texture": "#6"},
				"east": {"uv": [5.5, 11, 6, 11.5], "texture": "#6"},
				"south": {"uv": [11, 5.5, 11.5, 6], "texture": "#6"},
				"west": {"uv": [6, 11, 6.5, 11.5], "texture": "#6"},
				"up": {"uv": [11.5, 6.5, 11, 6], "texture": "#6"},
				"down": {"uv": [7, 11, 6.5, 11.5], "texture": "#6"}
			}
		},
		{
			"from": [7.2, 10.6, 9.2],
			"to": [7.3, 10.7, 9.3],
			"faces": {
				"north": {"uv": [11.5, 3.5, 12, 4], "texture": "#6"},
				"east": {"uv": [4, 11.5, 4.5, 12], "texture": "#6"},
				"south": {"uv": [11.5, 4, 12, 4.5], "texture": "#6"},
				"west": {"uv": [4.5, 11.5, 5, 12], "texture": "#6"},
				"up": {"uv": [12, 5, 11.5, 4.5], "texture": "#6"},
				"down": {"uv": [5.5, 11.5, 5, 12], "texture": "#6"}
			}
		},
		{
			"from": [7.3, 10.6, 9.2],
			"to": [7.4, 10.7, 9.3],
			"faces": {
				"north": {"uv": [11.5, 2, 12, 2.5], "texture": "#6"},
				"east": {"uv": [2.5, 11.5, 3, 12], "texture": "#6"},
				"south": {"uv": [11.5, 2.5, 12, 3], "texture": "#6"},
				"west": {"uv": [3, 11.5, 3.5, 12], "texture": "#6"},
				"up": {"uv": [12, 3.5, 11.5, 3], "texture": "#6"},
				"down": {"uv": [4, 11.5, 3.5, 12], "texture": "#6"}
			}
		},
		{
			"from": [7.4, 10.6, 9.2],
			"to": [7.5, 10.7, 9.3],
			"faces": {
				"north": {"uv": [11.5, 0, 12, 0.5], "texture": "#6"},
				"east": {"uv": [11.5, 0.5, 12, 1], "texture": "#6"},
				"south": {"uv": [11.5, 1, 12, 1.5], "texture": "#6"},
				"west": {"uv": [1.5, 11.5, 2, 12], "texture": "#6"},
				"up": {"uv": [12, 2, 11.5, 1.5], "texture": "#6"},
				"down": {"uv": [2.5, 11.5, 2, 12], "texture": "#6"}
			}
		},
		{
			"from": [7.5, 10.6, 9.2],
			"to": [7.6, 10.7, 9.3],
			"faces": {
				"north": {"uv": [11, 9.5, 11.5, 10], "texture": "#6"},
				"east": {"uv": [10, 11, 10.5, 11.5], "texture": "#6"},
				"south": {"uv": [11, 10, 11.5, 10.5], "texture": "#6"},
				"west": {"uv": [10.5, 11, 11, 11.5], "texture": "#6"},
				"up": {"uv": [11.5, 11, 11, 10.5], "texture": "#6"},
				"down": {"uv": [11.5, 11, 11, 11.5], "texture": "#6"}
			}
		},
		{
			"from": [7.6, 10.6, 9.2],
			"to": [7.7, 10.7, 9.3],
			"faces": {
				"north": {"uv": [11, 8, 11.5, 8.5], "texture": "#6"},
				"east": {"uv": [8.5, 11, 9, 11.5], "texture": "#6"},
				"south": {"uv": [11, 8.5, 11.5, 9], "texture": "#6"},
				"west": {"uv": [9, 11, 9.5, 11.5], "texture": "#6"},
				"up": {"uv": [11.5, 9.5, 11, 9], "texture": "#6"},
				"down": {"uv": [10, 11, 9.5, 11.5], "texture": "#6"}
			}
		},
		{
			"from": [7.7, 10.6, 9.1],
			"to": [7.8, 10.7, 9.2],
			"faces": {
				"north": {"uv": [1, 12, 1.5, 12.5], "texture": "#6"},
				"east": {"uv": [12, 1, 12.5, 1.5], "texture": "#6"},
				"south": {"uv": [1.5, 12, 2, 12.5], "texture": "#6"},
				"west": {"uv": [12, 1.5, 12.5, 2], "texture": "#6"},
				"up": {"uv": [2.5, 12.5, 2, 12], "texture": "#6"},
				"down": {"uv": [12.5, 2, 12, 2.5], "texture": "#6"}
			}
		},
		{
			"from": [7.7, 10.6, 9.2],
			"to": [7.8, 10.7, 9.3],
			"faces": {
				"north": {"uv": [11.5, 11, 12, 11.5], "texture": "#6"},
				"east": {"uv": [11.5, 11.5, 12, 12], "texture": "#6"},
				"south": {"uv": [0, 12, 0.5, 12.5], "texture": "#6"},
				"west": {"uv": [12, 0, 12.5, 0.5], "texture": "#6"},
				"up": {"uv": [1, 12.5, 0.5, 12], "texture": "#6"},
				"down": {"uv": [12.5, 0.5, 12, 1], "texture": "#6"}
			}
		},
		{
			"from": [7.7, 10.6, 9],
			"to": [7.8, 10.7, 9.1],
			"faces": {
				"north": {"uv": [11.5, 9.5, 12, 10], "texture": "#6"},
				"east": {"uv": [10, 11.5, 10.5, 12], "texture": "#6"},
				"south": {"uv": [11.5, 10, 12, 10.5], "texture": "#6"},
				"west": {"uv": [10.5, 11.5, 11, 12], "texture": "#6"},
				"up": {"uv": [12, 11, 11.5, 10.5], "texture": "#6"},
				"down": {"uv": [11.5, 11.5, 11, 12], "texture": "#6"}
			}
		},
		{
			"from": [7.7, 10.6, 8.7],
			"to": [7.8, 10.7, 8.8],
			"faces": {
				"north": {"uv": [11.5, 8, 12, 8.5], "texture": "#6"},
				"east": {"uv": [8.5, 11.5, 9, 12], "texture": "#6"},
				"south": {"uv": [11.5, 8.5, 12, 9], "texture": "#6"},
				"west": {"uv": [9, 11.5, 9.5, 12], "texture": "#6"},
				"up": {"uv": [12, 9.5, 11.5, 9], "texture": "#6"},
				"down": {"uv": [10, 11.5, 9.5, 12], "texture": "#6"}
			}
		},
		{
			"from": [7.6, 10.6, 8.6],
			"to": [7.7, 10.7, 8.7],
			"faces": {
				"north": {"uv": [10, 12, 10.5, 12.5], "texture": "#6"},
				"east": {"uv": [12, 10, 12.5, 10.5], "texture": "#6"},
				"south": {"uv": [10.5, 12, 11, 12.5], "texture": "#6"},
				"west": {"uv": [12, 10.5, 12.5, 11], "texture": "#6"},
				"up": {"uv": [11.5, 12.5, 11, 12], "texture": "#6"},
				"down": {"uv": [12.5, 11, 12, 11.5], "texture": "#6"}
			}
		},
		{
			"from": [7.2, 10.6, 8.6],
			"to": [7.3, 10.7, 8.7],
			"faces": {
				"north": {"uv": [8.5, 12, 9, 12.5], "texture": "#6"},
				"east": {"uv": [12, 8.5, 12.5, 9], "texture": "#6"},
				"south": {"uv": [9, 12, 9.5, 12.5], "texture": "#6"},
				"west": {"uv": [12, 9, 12.5, 9.5], "texture": "#6"},
				"up": {"uv": [10, 12.5, 9.5, 12], "texture": "#6"},
				"down": {"uv": [12.5, 9.5, 12, 10], "texture": "#6"}
			}
		},
		{
			"from": [7.3, 10.6, 8.6],
			"to": [7.4, 10.7, 8.7],
			"faces": {
				"north": {"uv": [7, 12, 7.5, 12.5], "texture": "#6"},
				"east": {"uv": [12, 7, 12.5, 7.5], "texture": "#6"},
				"south": {"uv": [7.5, 12, 8, 12.5], "texture": "#6"},
				"west": {"uv": [12, 7.5, 12.5, 8], "texture": "#6"},
				"up": {"uv": [8.5, 12.5, 8, 12], "texture": "#6"},
				"down": {"uv": [12.5, 8, 12, 8.5], "texture": "#6"}
			}
		},
		{
			"from": [7.4, 10.6, 8.6],
			"to": [7.5, 10.7, 8.7],
			"faces": {
				"north": {"uv": [5.5, 12, 6, 12.5], "texture": "#6"},
				"east": {"uv": [12, 5.5, 12.5, 6], "texture": "#6"},
				"south": {"uv": [6, 12, 6.5, 12.5], "texture": "#6"},
				"west": {"uv": [12, 6, 12.5, 6.5], "texture": "#6"},
				"up": {"uv": [7, 12.5, 6.5, 12], "texture": "#6"},
				"down": {"uv": [12.5, 6.5, 12, 7], "texture": "#6"}
			}
		},
		{
			"from": [7.5, 10.6, 8.6],
			"to": [7.6, 10.7, 8.7],
			"faces": {
				"north": {"uv": [4, 12, 4.5, 12.5], "texture": "#6"},
				"east": {"uv": [12, 4, 12.5, 4.5], "texture": "#6"},
				"south": {"uv": [4.5, 12, 5, 12.5], "texture": "#6"},
				"west": {"uv": [12, 4.5, 12.5, 5], "texture": "#6"},
				"up": {"uv": [5.5, 12.5, 5, 12], "texture": "#6"},
				"down": {"uv": [12.5, 5, 12, 5.5], "texture": "#6"}
			}
		},
		{
			"from": [7.7, 10.6, 8.6],
			"to": [7.8, 10.7, 8.7],
			"faces": {
				"north": {"uv": [2.5, 12, 3, 12.5], "texture": "#6"},
				"east": {"uv": [12, 2.5, 12.5, 3], "texture": "#6"},
				"south": {"uv": [3, 12, 3.5, 12.5], "texture": "#6"},
				"west": {"uv": [12, 3, 12.5, 3.5], "texture": "#6"},
				"up": {"uv": [4, 12.5, 3.5, 12], "texture": "#6"},
				"down": {"uv": [12.5, 3.5, 12, 4], "texture": "#6"}
			}
		},
		{
			"from": [7.8, 10.6, 8.6],
			"to": [7.9, 10.7, 8.7],
			"faces": {
				"north": {"uv": [11.5, 12, 12, 12.5], "texture": "#6"},
				"east": {"uv": [12, 11.5, 12.5, 12], "texture": "#6"},
				"south": {"uv": [12, 12, 12.5, 12.5], "texture": "#6"},
				"west": {"uv": [0, 12.5, 0.5, 13], "texture": "#6"},
				"up": {"uv": [13, 0.5, 12.5, 0], "texture": "#6"},
				"down": {"uv": [1, 12.5, 0.5, 13], "texture": "#6"}
			}
		},
		{
			"from": [7.2, 10.6, 9.3],
			"to": [7.3, 10.7, 9.4],
			"faces": {
				"north": {"uv": [9, 13, 9.5, 13.5], "texture": "#6"},
				"east": {"uv": [13, 9, 13.5, 9.5], "texture": "#6"},
				"south": {"uv": [9.5, 13, 10, 13.5], "texture": "#6"},
				"west": {"uv": [13, 9.5, 13.5, 10], "texture": "#6"},
				"up": {"uv": [10.5, 13.5, 10, 13], "texture": "#6"},
				"down": {"uv": [13.5, 10, 13, 10.5], "texture": "#6"}
			}
		},
		{
			"from": [7.3, 10.6, 9.3],
			"to": [7.4, 10.7, 9.4],
			"faces": {
				"north": {"uv": [7.5, 13, 8, 13.5], "texture": "#6"},
				"east": {"uv": [13, 7.5, 13.5, 8], "texture": "#6"},
				"south": {"uv": [8, 13, 8.5, 13.5], "texture": "#6"},
				"west": {"uv": [13, 8, 13.5, 8.5], "texture": "#6"},
				"up": {"uv": [9, 13.5, 8.5, 13], "texture": "#6"},
				"down": {"uv": [13.5, 8.5, 13, 9], "texture": "#6"}
			}
		},
		{
			"from": [7.4, 10.6, 9.3],
			"to": [7.5, 10.7, 9.4],
			"faces": {
				"north": {"uv": [6, 13, 6.5, 13.5], "texture": "#6"},
				"east": {"uv": [13, 6, 13.5, 6.5], "texture": "#6"},
				"south": {"uv": [6.5, 13, 7, 13.5], "texture": "#6"},
				"west": {"uv": [13, 6.5, 13.5, 7], "texture": "#6"},
				"up": {"uv": [7.5, 13.5, 7, 13], "texture": "#6"},
				"down": {"uv": [13.5, 7, 13, 7.5], "texture": "#6"}
			}
		},
		{
			"from": [7.5, 10.6, 9.3],
			"to": [7.6, 10.7, 9.4],
			"faces": {
				"north": {"uv": [4.5, 13, 5, 13.5], "texture": "#6"},
				"east": {"uv": [13, 4.5, 13.5, 5], "texture": "#6"},
				"south": {"uv": [5, 13, 5.5, 13.5], "texture": "#6"},
				"west": {"uv": [13, 5, 13.5, 5.5], "texture": "#6"},
				"up": {"uv": [6, 13.5, 5.5, 13], "texture": "#6"},
				"down": {"uv": [13.5, 5.5, 13, 6], "texture": "#6"}
			}
		},
		{
			"from": [7.6, 10.6, 9.3],
			"to": [7.7, 10.7, 9.4],
			"faces": {
				"north": {"uv": [3, 13, 3.5, 13.5], "texture": "#6"},
				"east": {"uv": [13, 3, 13.5, 3.5], "texture": "#6"},
				"south": {"uv": [3.5, 13, 4, 13.5], "texture": "#6"},
				"west": {"uv": [13, 3.5, 13.5, 4], "texture": "#6"},
				"up": {"uv": [4.5, 13.5, 4, 13], "texture": "#6"},
				"down": {"uv": [13.5, 4, 13, 4.5], "texture": "#6"}
			}
		},
		{
			"from": [7.8, 10.6, 9.3],
			"to": [7.9, 10.7, 9.4],
			"faces": {
				"north": {"uv": [1.5, 13, 2, 13.5], "texture": "#6"},
				"east": {"uv": [13, 1.5, 13.5, 2], "texture": "#6"},
				"south": {"uv": [2, 13, 2.5, 13.5], "texture": "#6"},
				"west": {"uv": [13, 2, 13.5, 2.5], "texture": "#6"},
				"up": {"uv": [3, 13.5, 2.5, 13], "texture": "#6"},
				"down": {"uv": [13.5, 2.5, 13, 3], "texture": "#6"}
			}
		},
		{
			"from": [7.7, 10.6, 9.3],
			"to": [7.8, 10.7, 9.4],
			"faces": {
				"north": {"uv": [0, 13, 0.5, 13.5], "texture": "#6"},
				"east": {"uv": [13, 0, 13.5, 0.5], "texture": "#6"},
				"south": {"uv": [0.5, 13, 1, 13.5], "texture": "#6"},
				"west": {"uv": [13, 0.5, 13.5, 1], "texture": "#6"},
				"up": {"uv": [1.5, 13.5, 1, 13], "texture": "#6"},
				"down": {"uv": [13.5, 1, 13, 1.5], "texture": "#6"}
			}
		},
		{
			"from": [7.1, 10.6, 8.6],
			"to": [7.2, 10.7, 8.7],
			"faces": {
				"north": {"uv": [12.5, 0.5, 13, 1], "texture": "#6"},
				"east": {"uv": [1, 12.5, 1.5, 13], "texture": "#6"},
				"south": {"uv": [12.5, 1, 13, 1.5], "texture": "#6"},
				"west": {"uv": [1.5, 12.5, 2, 13], "texture": "#6"},
				"up": {"uv": [13, 2, 12.5, 1.5], "texture": "#6"},
				"down": {"uv": [2.5, 12.5, 2, 13], "texture": "#6"}
			}
		},
		{
			"from": [7.1, 10.6, 8.7],
			"to": [7.2, 10.7, 8.8],
			"faces": {
				"north": {"uv": [12.5, 2, 13, 2.5], "texture": "#6"},
				"east": {"uv": [2.5, 12.5, 3, 13], "texture": "#6"},
				"south": {"uv": [12.5, 2.5, 13, 3], "texture": "#6"},
				"west": {"uv": [3, 12.5, 3.5, 13], "texture": "#6"},
				"up": {"uv": [13, 3.5, 12.5, 3], "texture": "#6"},
				"down": {"uv": [4, 12.5, 3.5, 13], "texture": "#6"}
			}
		},
		{
			"from": [7.1, 10.6, 8.8],
			"to": [7.2, 10.7, 8.9],
			"faces": {
				"north": {"uv": [12.5, 3.5, 13, 4], "texture": "#6"},
				"east": {"uv": [4, 12.5, 4.5, 13], "texture": "#6"},
				"south": {"uv": [12.5, 4, 13, 4.5], "texture": "#6"},
				"west": {"uv": [4.5, 12.5, 5, 13], "texture": "#6"},
				"up": {"uv": [13, 5, 12.5, 4.5], "texture": "#6"},
				"down": {"uv": [5.5, 12.5, 5, 13], "texture": "#6"}
			}
		},
		{
			"from": [7.1, 10.6, 8.9],
			"to": [7.2, 10.7, 9],
			"faces": {
				"north": {"uv": [12.5, 5, 13, 5.5], "texture": "#6"},
				"east": {"uv": [5.5, 12.5, 6, 13], "texture": "#6"},
				"south": {"uv": [12.5, 5.5, 13, 6], "texture": "#6"},
				"west": {"uv": [6, 12.5, 6.5, 13], "texture": "#6"},
				"up": {"uv": [13, 6.5, 12.5, 6], "texture": "#6"},
				"down": {"uv": [7, 12.5, 6.5, 13], "texture": "#6"}
			}
		},
		{
			"from": [7.1, 10.6, 9],
			"to": [7.2, 10.7, 9.1],
			"faces": {
				"north": {"uv": [12.5, 6.5, 13, 7], "texture": "#6"},
				"east": {"uv": [7, 12.5, 7.5, 13], "texture": "#6"},
				"south": {"uv": [12.5, 7, 13, 7.5], "texture": "#6"},
				"west": {"uv": [7.5, 12.5, 8, 13], "texture": "#6"},
				"up": {"uv": [13, 8, 12.5, 7.5], "texture": "#6"},
				"down": {"uv": [8.5, 12.5, 8, 13], "texture": "#6"}
			}
		},
		{
			"from": [7.1, 10.6, 9.1],
			"to": [7.2, 10.7, 9.2],
			"faces": {
				"north": {"uv": [12.5, 8, 13, 8.5], "texture": "#6"},
				"east": {"uv": [8.5, 12.5, 9, 13], "texture": "#6"},
				"south": {"uv": [12.5, 8.5, 13, 9], "texture": "#6"},
				"west": {"uv": [9, 12.5, 9.5, 13], "texture": "#6"},
				"up": {"uv": [13, 9.5, 12.5, 9], "texture": "#6"},
				"down": {"uv": [10, 12.5, 9.5, 13], "texture": "#6"}
			}
		},
		{
			"from": [7.1, 10.6, 9.3],
			"to": [7.2, 10.7, 9.4],
			"faces": {
				"north": {"uv": [12.5, 9.5, 13, 10], "texture": "#6"},
				"east": {"uv": [10, 12.5, 10.5, 13], "texture": "#6"},
				"south": {"uv": [12.5, 10, 13, 10.5], "texture": "#6"},
				"west": {"uv": [10.5, 12.5, 11, 13], "texture": "#6"},
				"up": {"uv": [13, 11, 12.5, 10.5], "texture": "#6"},
				"down": {"uv": [11.5, 12.5, 11, 13], "texture": "#6"}
			}
		},
		{
			"from": [7.1, 10.6, 9.2],
			"to": [7.2, 10.7, 9.3],
			"faces": {
				"north": {"uv": [12.5, 11, 13, 11.5], "texture": "#6"},
				"east": {"uv": [11.5, 12.5, 12, 13], "texture": "#6"},
				"south": {"uv": [12.5, 11.5, 13, 12], "texture": "#6"},
				"west": {"uv": [12, 12.5, 12.5, 13], "texture": "#6"},
				"up": {"uv": [13, 12.5, 12.5, 12], "texture": "#6"},
				"down": {"uv": [13, 12.5, 12.5, 13], "texture": "#6"}
			}
		},
		{
			"from": [7.7, 10.6, 8.8],
			"to": [7.8, 10.7, 8.9],
			"faces": {
				"north": {"uv": [11.5, 6.5, 12, 7], "texture": "#6"},
				"east": {"uv": [7, 11.5, 7.5, 12], "texture": "#6"},
				"south": {"uv": [11.5, 7, 12, 7.5], "texture": "#6"},
				"west": {"uv": [7.5, 11.5, 8, 12], "texture": "#6"},
				"up": {"uv": [12, 8, 11.5, 7.5], "texture": "#6"},
				"down": {"uv": [8.5, 11.5, 8, 12], "texture": "#6"}
			}
		},
		{
			"from": [7.7, 10.6, 8.9],
			"to": [7.8, 10.7, 9],
			"faces": {
				"north": {"uv": [11.5, 5, 12, 5.5], "texture": "#6"},
				"east": {"uv": [5.5, 11.5, 6, 12], "texture": "#6"},
				"south": {"uv": [11.5, 5.5, 12, 6], "texture": "#6"},
				"west": {"uv": [6, 11.5, 6.5, 12], "texture": "#6"},
				"up": {"uv": [12, 6.5, 11.5, 6], "texture": "#6"},
				"down": {"uv": [7, 11.5, 6.5, 12], "texture": "#6"}
			}
		},
		{
			"from": [7.8, 10.6, 9.2],
			"to": [7.9, 10.7, 9.3],
			"faces": {
				"north": {"uv": [13.5, 4.5, 14, 5], "texture": "#6"},
				"east": {"uv": [5, 13.5, 5.5, 14], "texture": "#6"},
				"south": {"uv": [13.5, 5, 14, 5.5], "texture": "#6"},
				"west": {"uv": [5.5, 13.5, 6, 14], "texture": "#6"},
				"up": {"uv": [14, 6, 13.5, 5.5], "texture": "#6"},
				"down": {"uv": [6.5, 13.5, 6, 14], "texture": "#6"}
			}
		},
		{
			"from": [7.8, 10.6, 9.1],
			"to": [7.9, 10.7, 9.2],
			"faces": {
				"north": {"uv": [13.5, 3, 14, 3.5], "texture": "#6"},
				"east": {"uv": [3.5, 13.5, 4, 14], "texture": "#6"},
				"south": {"uv": [13.5, 3.5, 14, 4], "texture": "#6"},
				"west": {"uv": [4, 13.5, 4.5, 14], "texture": "#6"},
				"up": {"uv": [14, 4.5, 13.5, 4], "texture": "#6"},
				"down": {"uv": [5, 13.5, 4.5, 14], "texture": "#6"}
			}
		},
		{
			"from": [7.8, 10.6, 8.9],
			"to": [7.9, 10.7, 9],
			"faces": {
				"north": {"uv": [13.5, 1.5, 14, 2], "texture": "#6"},
				"east": {"uv": [2, 13.5, 2.5, 14], "texture": "#6"},
				"south": {"uv": [13.5, 2, 14, 2.5], "texture": "#6"},
				"west": {"uv": [2.5, 13.5, 3, 14], "texture": "#6"},
				"up": {"uv": [14, 3, 13.5, 2.5], "texture": "#6"},
				"down": {"uv": [3.5, 13.5, 3, 14], "texture": "#6"}
			}
		},
		{
			"from": [7.8, 10.6, 9],
			"to": [7.9, 10.7, 9.1],
			"faces": {
				"north": {"uv": [13.5, 0, 14, 0.5], "texture": "#6"},
				"east": {"uv": [0.5, 13.5, 1, 14], "texture": "#6"},
				"south": {"uv": [13.5, 0.5, 14, 1], "texture": "#6"},
				"west": {"uv": [1, 13.5, 1.5, 14], "texture": "#6"},
				"up": {"uv": [14, 1.5, 13.5, 1], "texture": "#6"},
				"down": {"uv": [2, 13.5, 1.5, 14], "texture": "#6"}
			}
		},
		{
			"from": [7.8, 10.6, 8.8],
			"to": [7.9, 10.7, 8.9],
			"faces": {
				"north": {"uv": [12, 13, 12.5, 13.5], "texture": "#6"},
				"east": {"uv": [13, 12, 13.5, 12.5], "texture": "#6"},
				"south": {"uv": [12.5, 13, 13, 13.5], "texture": "#6"},
				"west": {"uv": [13, 12.5, 13.5, 13], "texture": "#6"},
				"up": {"uv": [13.5, 13.5, 13, 13], "texture": "#6"},
				"down": {"uv": [0.5, 13.5, 0, 14], "texture": "#6"}
			}
		},
		{
			"from": [7.8, 10.6, 8.7],
			"to": [7.9, 10.7, 8.8],
			"faces": {
				"north": {"uv": [10.5, 13, 11, 13.5], "texture": "#6"},
				"east": {"uv": [13, 10.5, 13.5, 11], "texture": "#6"},
				"south": {"uv": [11, 13, 11.5, 13.5], "texture": "#6"},
				"west": {"uv": [13, 11, 13.5, 11.5], "texture": "#6"},
				"up": {"uv": [12, 13.5, 11.5, 13], "texture": "#6"},
				"down": {"uv": [13.5, 11.5, 13, 12], "texture": "#6"}
			}
		},
		{
			"from": [7.2, 10.6, 9],
			"to": [7.3, 10.7, 9.1],
			"faces": {
				"north": {"uv": [11, 3.5, 11.5, 4], "texture": "#6"},
				"east": {"uv": [4, 11, 4.5, 11.5], "texture": "#6"},
				"south": {"uv": [11, 4, 11.5, 4.5], "texture": "#6"},
				"west": {"uv": [4.5, 11, 5, 11.5], "texture": "#6"},
				"up": {"uv": [11.5, 5, 11, 4.5], "texture": "#6"},
				"down": {"uv": [5.5, 11, 5, 11.5], "texture": "#6"}
			}
		},
		{
			"from": [7.2, 10.6, 8.8],
			"to": [7.3, 10.7, 8.9],
			"faces": {
				"north": {"uv": [11, 2, 11.5, 2.5], "texture": "#6"},
				"east": {"uv": [2.5, 11, 3, 11.5], "texture": "#6"},
				"south": {"uv": [11, 2.5, 11.5, 3], "texture": "#6"},
				"west": {"uv": [3, 11, 3.5, 11.5], "texture": "#6"},
				"up": {"uv": [11.5, 3.5, 11, 3], "texture": "#6"},
				"down": {"uv": [4, 11, 3.5, 11.5], "texture": "#6"}
			}
		},
		{
			"from": [7.2, 10.6, 8.9],
			"to": [7.3, 10.7, 9],
			"faces": {
				"north": {"uv": [11, 0, 11.5, 0.5], "texture": "#6"},
				"east": {"uv": [11, 0.5, 11.5, 1], "texture": "#6"},
				"south": {"uv": [11, 1, 11.5, 1.5], "texture": "#6"},
				"west": {"uv": [1.5, 11, 2, 11.5], "texture": "#6"},
				"up": {"uv": [11.5, 2, 11, 1.5], "texture": "#6"},
				"down": {"uv": [2.5, 11, 2, 11.5], "texture": "#6"}
			}
		},
		{
			"from": [7, 10.5, 8.5],
			"to": [7.1, 10.7, 9.5],
			"faces": {
				"north": {"uv": [8.5, 7.5, 9, 8], "texture": "#6"},
				"east": {"uv": [8, 8.5, 8.5, 9], "texture": "#6"},
				"south": {"uv": [8.5, 8, 9, 8.5], "texture": "#6"},
				"west": {"uv": [8.5, 8.5, 9, 9], "texture": "#6"},
				"up": {"uv": [9.5, 0.5, 9, 0], "texture": "#6"},
				"down": {"uv": [9.5, 0.5, 9, 1], "texture": "#6"}
			}
		},
		{
			"from": [7.9, 10.5, 8.5],
			"to": [8, 10.7, 9.5],
			"faces": {
				"north": {"uv": [9, 1, 9.5, 1.5], "texture": "#6"},
				"east": {"uv": [1.5, 9, 2, 9.5], "texture": "#6"},
				"south": {"uv": [9, 1.5, 9.5, 2], "texture": "#6"},
				"west": {"uv": [2, 9, 2.5, 9.5], "texture": "#6"},
				"up": {"uv": [9.5, 2.5, 9, 2], "texture": "#6"},
				"down": {"uv": [3, 9, 2.5, 9.5], "texture": "#6"}
			}
		}
	],
	"display": {
		"thirdperson_righthand": {
			"translation": [0.5, 1.75, -0.75]
		},
		"thirdperson_lefthand": {
			"translation": [-0.5, 1.75, -0.75]
		},
		"ground": {
			"rotation": [-90, 0, 0],
			"translation": [0, -3.75, -1.5]
		},
		"gui": {
			"rotation": [90, 45, 90],
			"translation": [-3.25, -0.5, 0],
			"scale": [2, 2, 2]
		},
		"head": {
			"translation": [0.25, 1.25, 0]
		},
		"fixed": {
			"translation": [0.75, 2.5, -2.5],
			"scale": [1.54, 1.51, 1.51]
		}
	}
}