{
	"credit": "Made with Blockbench",
	"texture_size": [32, 32],
	"textures": {
		"18": "custom/bonus/malorianarms",
                "particle": "custom/bonus/malorianarms"
	},
	"elements": [
		{
			"from": [8.175, 6.675, 9.225],
			"to": [8.45, 6.975, 10.575],
			"faces": {
				"north": {"uv": [2.5, 12, 3, 12.5], "texture": "#18"},
				"east": {"uv": [12, 2.5, 12.5, 3], "texture": "#18"},
				"south": {"uv": [3, 12, 3.5, 12.5], "texture": "#18"},
				"west": {"uv": [12, 3, 12.5, 3.5], "texture": "#18"},
				"up": {"uv": [4, 12.5, 3.5, 12], "texture": "#18"},
				"down": {"uv": [12.5, 3.5, 12, 4], "texture": "#18"}
			}
		},
		{
			"from": [8.1, 9.525, 9],
			"to": [8.9, 10.65, 10.125],
			"faces": {
				"north": {"uv": [8.5, 1.5, 9, 2.5], "texture": "#18"},
				"east": {"uv": [2, 8.5, 2.5, 9.5], "texture": "#18"},
				"south": {"uv": [2.5, 8.5, 3, 9.5], "texture": "#18"},
				"west": {"uv": [8.5, 3, 9, 4], "texture": "#18"},
				"up": {"uv": [4.5, 12.5, 4, 12], "texture": "#18"},
				"down": {"uv": [12.5, 4, 12, 4.5], "texture": "#18"}
			}
		},
		{
			"from": [8.1, 6.975, 9.225],
			"to": [8.9, 9.8, 10.7],
			"faces": {
				"north": {"uv": [8.5, 1.5, 9, 2.5], "texture": "#18"},
				"east": {"uv": [2, 8.5, 2.5, 9.5], "texture": "#18"},
				"south": {"uv": [2.5, 8.5, 3, 9.5], "texture": "#18"},
				"west": {"uv": [8.5, 3, 9, 4], "texture": "#18"},
				"up": {"uv": [4.5, 12.5, 4, 12], "texture": "#18"},
				"down": {"uv": [12.5, 4, 12, 4.5], "texture": "#18"}
			}
		},
		{
			"from": [8.2, 10.925, 8.775],
			"to": [8.8, 11.475, 10.6],
			"faces": {
				"north": {"uv": [8, 12, 8.5, 12.5], "texture": "#18"},
				"east": {"uv": [8.5, 6, 9.5, 6.5], "texture": "#18"},
				"south": {"uv": [12, 8, 12.5, 8.5], "texture": "#18"},
				"west": {"uv": [8.5, 7, 9.5, 7.5], "texture": "#18"},
				"up": {"uv": [8, 9.5, 7.5, 8.5], "texture": "#18"},
				"down": {"uv": [9, 7.5, 8.5, 8.5], "texture": "#18"}
			}
		},
		{
			"from": [8.2, 11.475, 7.075],
			"to": [8.8, 11.775, 8.9],
			"faces": {
				"north": {"uv": [8.5, 12, 9, 12.5], "texture": "#18"},
				"east": {"uv": [8, 8.5, 9, 9], "texture": "#18"},
				"south": {"uv": [12, 8.5, 12.5, 9], "texture": "#18"},
				"west": {"uv": [9, 0.5, 10, 1], "texture": "#18"},
				"up": {"uv": [1.5, 10, 1, 9], "texture": "#18"},
				"down": {"uv": [9.5, 1, 9, 2], "texture": "#18"}
			}
		},
		{
			"from": [-2.575, 14, 1.8],
			"to": [-2.475, 14.375, 7.125],
			"rotation": {"angle": -45, "axis": "z", "origin": [0, 0, 0]},
			"faces": {
				"north": {"uv": [9, 6.5, 9.5, 7], "texture": "#18"},
				"east": {"uv": [1, 1, 3.5, 1.5], "texture": "#18"},
				"south": {"uv": [9, 7.5, 9.5, 8], "texture": "#18"},
				"west": {"uv": [1, 1.5, 3.5, 2], "texture": "#18"},
				"up": {"uv": [1.5, 4.5, 1, 2], "texture": "#18"},
				"down": {"uv": [2, 2, 1.5, 4.5], "texture": "#18"}
			}
		},
		{
			"from": [13.9999, 2.0499, 1.7999],
			"to": [14.1001, 2.5001, 7.1251],
			"rotation": {"angle": 45, "axis": "z", "origin": [0, 0, 0]},
			"faces": {
				"north": {"uv": [8, 9, 8.5, 9.5], "texture": "#18"},
				"east": {"uv": [2, 2, 4.5, 2.5], "texture": "#18"},
				"south": {"uv": [9, 8, 9.5, 8.5], "texture": "#18"},
				"west": {"uv": [2, 2.5, 4.5, 3], "texture": "#18"},
				"up": {"uv": [2.5, 5.5, 2, 3], "texture": "#18"},
				"down": {"uv": [3, 3, 2.5, 5.5], "texture": "#18"}
			}
		},
		{
			"from": [8.25, 11.15, 1.8],
			"to": [8.75, 11.55, 7.125],
			"faces": {
				"north": {"uv": [8.5, 9, 9, 9.5], "texture": "#18"},
				"east": {"uv": [3, 3, 5.5, 3.5], "texture": "#18"},
				"south": {"uv": [9, 8.5, 9.5, 9], "texture": "#18"},
				"west": {"uv": [3.5, 0, 6, 0.5], "texture": "#18"},
				"up": {"uv": [3.5, 6, 3, 3.5], "texture": "#18"},
				"down": {"uv": [4, 3.5, 3.5, 6], "texture": "#18"}
			}
		},
		{
			"from": [8.25, 10.675, 1.8],
			"to": [8.75, 11.15, 8.625],
			"faces": {
				"north": {"uv": [2, 9.5, 2.5, 10], "texture": "#18"},
				"east": {"uv": [0, 0, 3.5, 0.5], "texture": "#18"},
				"south": {"uv": [2.5, 9.5, 3, 10], "texture": "#18"},
				"west": {"uv": [0, 0.5, 3.5, 1], "texture": "#18"},
				"up": {"uv": [0.5, 4.5, 0, 1], "texture": "#18"},
				"down": {"uv": [1, 1, 0.5, 4.5], "texture": "#18"}
			}
		},
		{
			"from": [8.25, 11.15, 7.125],
			"to": [8.75, 11.875, 10.825],
			"faces": {
				"north": {"uv": [7.5, 10, 8, 10.5], "texture": "#18"},
				"east": {"uv": [5, 4, 7, 4.5], "texture": "#18"},
				"south": {"uv": [10, 7.5, 10.5, 8], "texture": "#18"},
				"west": {"uv": [5, 4.5, 7, 5], "texture": "#18"},
				"up": {"uv": [5.5, 7, 5, 5], "texture": "#18"},
				"down": {"uv": [2.5, 5.5, 2, 7.5], "texture": "#18"}
			}
		},
		{
			"from": [8.275, 11.875, 7.125],
			"to": [8.725, 11.925, 8.925],
			"faces": {
				"north": {"uv": [8, 10, 8.5, 10.5], "texture": "#18"},
				"east": {"uv": [7.5, 2, 8.5, 2.5], "texture": "#18"},
				"south": {"uv": [10, 8, 10.5, 8.5], "texture": "#18"},
				"west": {"uv": [7.5, 3, 8.5, 3.5], "texture": "#18"},
				"up": {"uv": [8, 4.5, 7.5, 3.5], "texture": "#18"},
				"down": {"uv": [8, 5, 7.5, 6], "texture": "#18"}
			}
		},
		{
			"from": [8.25, 11.875, 8.925],
			"to": [8.75, 11.975, 10.825],
			"faces": {
				"north": {"uv": [8.5, 10, 9, 10.5], "texture": "#18"},
				"east": {"uv": [5.5, 7.5, 6.5, 8], "texture": "#18"},
				"south": {"uv": [10, 8.5, 10.5, 9], "texture": "#18"},
				"west": {"uv": [7.5, 7, 8.5, 7.5], "texture": "#18"},
				"up": {"uv": [8, 8.5, 7.5, 7.5], "texture": "#18"},
				"down": {"uv": [8.5, 0, 8, 1], "texture": "#18"}
			}
		},
		{
			"from": [8.25, 9.1, 8.625],
			"to": [8.75, 11.15, 10.375],
			"faces": {
				"north": {"uv": [1, 8, 1.5, 9], "texture": "#18"},
				"east": {"uv": [5.5, 5, 6.5, 6], "texture": "#18"},
				"south": {"uv": [1.5, 8, 2, 9], "texture": "#18"},
				"west": {"uv": [6, 0, 7, 1], "texture": "#18"},
				"up": {"uv": [3.5, 9, 3, 8], "texture": "#18"},
				"down": {"uv": [4, 8, 3.5, 9], "texture": "#18"}
			}
		},
		{
			"from": [8.2499, 10.9249, 10.3749],
			"to": [8.7501, 11.1501, 11.4001],
			"faces": {
				"north": {"uv": [9, 10, 9.5, 10.5], "texture": "#18"},
				"east": {"uv": [10, 9, 10.5, 9.5], "texture": "#18"},
				"south": {"uv": [9.5, 10, 10, 10.5], "texture": "#18"},
				"west": {"uv": [10, 9.5, 10.5, 10], "texture": "#18"},
				"up": {"uv": [10.5, 10.5, 10, 10], "texture": "#18"},
				"down": {"uv": [0.5, 10.5, 0, 11], "texture": "#18"}
			}
		},
		{
			"from": [8.25, 15.475, -0.85],
			"to": [8.25, 15.8, 0.05],
			"rotation": {"angle": 45, "axis": "x", "origin": [0, 0, 0]},
			"faces": {
				"north": {"uv": [0, 0, 0, 0.5], "texture": "#18"},
				"east": {"uv": [10.5, 4, 11, 4.5], "texture": "#18"},
				"south": {"uv": [0, 0, 0, 0.5], "texture": "#18"},
				"west": {"uv": [4.5, 10.5, 5, 11], "texture": "#18"},
				"up": {"uv": [0, 0.5, 0, 0], "texture": "#18"},
				"down": {"uv": [0, 0, 0, 0.5], "texture": "#18"}
			}
		},
		{
			"from": [8.75, 15.475, -0.85],
			"to": [8.75, 15.8, 0.025],
			"rotation": {"angle": 45, "axis": "x", "origin": [0, 0, 0]},
			"faces": {
				"north": {"uv": [0, 0, 0, 0.5], "texture": "#18"},
				"east": {"uv": [10.5, 4.5, 11, 5], "texture": "#18"},
				"south": {"uv": [0, 0, 0, 0.5], "texture": "#18"},
				"west": {"uv": [5, 10.5, 5.5, 11], "texture": "#18"},
				"up": {"uv": [0, 0.5, 0, 0], "texture": "#18"},
				"down": {"uv": [0, 0, 0, 0.5], "texture": "#18"}
			}
		},
		{
			"from": [8.25, 9.1, 10.375],
			"to": [8.75, 10.525, 10.525],
			"faces": {
				"north": {"uv": [10.5, 0, 11, 0.5], "texture": "#18"},
				"east": {"uv": [0.5, 10.5, 1, 11], "texture": "#18"},
				"south": {"uv": [10.5, 0.5, 11, 1], "texture": "#18"},
				"west": {"uv": [1, 10.5, 1.5, 11], "texture": "#18"},
				"up": {"uv": [11, 1.5, 10.5, 1], "texture": "#18"},
				"down": {"uv": [2, 10.5, 1.5, 11], "texture": "#18"}
			}
		},
		{
			"from": [8.25, 6.25, 9.3],
			"to": [8.75, 9.1, 10.475],
			"faces": {
				"north": {"uv": [5.5, 6, 6, 7.5], "texture": "#18"},
				"east": {"uv": [6, 6, 6.5, 7.5], "texture": "#18"},
				"south": {"uv": [4.5, 6.5, 5, 8], "texture": "#18"},
				"west": {"uv": [6.5, 5, 7, 6.5], "texture": "#18"},
				"up": {"uv": [11, 2.5, 10.5, 2], "texture": "#18"},
				"down": {"uv": [3, 10.5, 2.5, 11], "texture": "#18"}
			}
		},
		{
			"from": [8.25, 6.5, 10.475],
			"to": [8.75, 10.3, 10.675],
			"faces": {
				"north": {"uv": [2.5, 5.5, 3, 7.5], "texture": "#18"},
				"east": {"uv": [3, 6, 3.5, 8], "texture": "#18"},
				"south": {"uv": [3.5, 6, 4, 8], "texture": "#18"},
				"west": {"uv": [4, 6, 4.5, 8], "texture": "#18"},
				"up": {"uv": [11, 2, 10.5, 1.5], "texture": "#18"},
				"down": {"uv": [2.5, 10.5, 2, 11], "texture": "#18"}
			}
		},
		{
			"from": [8.25, 6.85, 10.575],
			"to": [8.75, 10.025, 10.85],
			"faces": {
				"north": {"uv": [6.5, 6.5, 7, 8], "texture": "#18"},
				"east": {"uv": [0, 7, 0.5, 8.5], "texture": "#18"},
				"south": {"uv": [7, 0, 7.5, 1.5], "texture": "#18"},
				"west": {"uv": [0.5, 7, 1, 8.5], "texture": "#18"},
				"up": {"uv": [11, 3, 10.5, 2.5], "texture": "#18"},
				"down": {"uv": [3.5, 10.5, 3, 11], "texture": "#18"}
			}
		},
		{
			"from": [8.25, 7.125, 10.675],
			"to": [8.75, 9.575, 10.95],
			"faces": {
				"north": {"uv": [8, 3.5, 8.5, 4.5], "texture": "#18"},
				"east": {"uv": [4, 8, 4.5, 9], "texture": "#18"},
				"south": {"uv": [4.5, 8, 5, 9], "texture": "#18"},
				"west": {"uv": [8, 4.5, 8.5, 5.5], "texture": "#18"},
				"up": {"uv": [11, 3.5, 10.5, 3], "texture": "#18"},
				"down": {"uv": [4, 10.5, 3.5, 11], "texture": "#18"}
			}
		},
		{
			"from": [8.25, 7.325, 9.2],
			"to": [8.75, 9.1, 9.3],
			"faces": {
				"north": {"uv": [5, 8, 5.5, 9], "texture": "#18"},
				"east": {"uv": [5.5, 8, 6, 9], "texture": "#18"},
				"south": {"uv": [8, 5.5, 8.5, 6.5], "texture": "#18"},
				"west": {"uv": [6, 8, 6.5, 9], "texture": "#18"},
				"up": {"uv": [11, 4, 10.5, 3.5], "texture": "#18"},
				"down": {"uv": [4.5, 10.5, 4, 11], "texture": "#18"}
			}
		},
		{
			"from": [8.25, 8.525, 8.9],
			"to": [8.75, 9.1, 9],
			"faces": {
				"north": {"uv": [1.5, 11, 2, 11.5], "texture": "#18"},
				"east": {"uv": [11, 1.5, 11.5, 2], "texture": "#18"},
				"south": {"uv": [2, 11, 2.5, 11.5], "texture": "#18"},
				"west": {"uv": [11, 2, 11.5, 2.5], "texture": "#18"},
				"up": {"uv": [3, 11.5, 2.5, 11], "texture": "#18"},
				"down": {"uv": [11.5, 2.5, 11, 3], "texture": "#18"}
			}
		},
		{
			"from": [8.25, 8.925, 8.525],
			"to": [8.75, 9.25, 8.8],
			"faces": {
				"north": {"uv": [6, 11, 6.5, 11.5], "texture": "#18"},
				"east": {"uv": [11, 6, 11.5, 6.5], "texture": "#18"},
				"south": {"uv": [6.5, 11, 7, 11.5], "texture": "#18"},
				"west": {"uv": [11, 6.5, 11.5, 7], "texture": "#18"},
				"up": {"uv": [7.5, 11.5, 7, 11], "texture": "#18"},
				"down": {"uv": [11.5, 7, 11, 7.5], "texture": "#18"}
			}
		},
		{
			"from": [8.475, 9.85, 8.05],
			"to": [8.525, 10.7, 8.625],
			"faces": {
				"north": {"uv": [1, 12, 1.5, 12.5], "texture": "#18"},
				"east": {"uv": [12, 1, 12.5, 1.5], "texture": "#18"},
				"south": {"uv": [1.5, 12, 2, 12.5], "texture": "#18"},
				"west": {"uv": [12, 1.5, 12.5, 2], "texture": "#18"},
				"up": {"uv": [2.5, 12.5, 2, 12], "texture": "#18"},
				"down": {"uv": [12.5, 2, 12, 2.5], "texture": "#18"}
			}
		},
		{
			"from": [8.325, 11.975, 6.5],
			"to": [8.725, 12, 7.1],
			"faces": {
				"north": {"uv": [11.5, 11, 12, 11.5], "texture": "#18"},
				"east": {"uv": [11.5, 11.5, 12, 12], "texture": "#18"},
				"south": {"uv": [0, 12, 0.5, 12.5], "texture": "#18"},
				"west": {"uv": [12, 0, 12.5, 0.5], "texture": "#18"},
				"up": {"uv": [1, 12.5, 0.5, 12], "texture": "#18"},
				"down": {"uv": [12.5, 0.5, 12, 1], "texture": "#18"}
			}
		},
		{
			"from": [8.325, 12, 7],
			"to": [8.425, 12.125, 7.1],
			"faces": {
				"north": {"uv": [10.5, 12, 11, 12.5], "texture": "#18"},
				"east": {"uv": [12, 10.5, 12.5, 11], "texture": "#18"},
				"south": {"uv": [11, 12, 11.5, 12.5], "texture": "#18"},
				"west": {"uv": [12, 11, 12.5, 11.5], "texture": "#18"},
				"up": {"uv": [12, 12.5, 11.5, 12], "texture": "#18"},
				"down": {"uv": [12.5, 11.5, 12, 12], "texture": "#18"}
			}
		},
		{
			"from": [8.625, 12, 7],
			"to": [8.725, 12.125, 7.1],
			"faces": {
				"north": {"uv": [12, 12, 12.5, 12.5], "texture": "#18"},
				"east": {"uv": [0, 12.5, 0.5, 13], "texture": "#18"},
				"south": {"uv": [12.5, 0, 13, 0.5], "texture": "#18"},
				"west": {"uv": [0.5, 12.5, 1, 13], "texture": "#18"},
				"up": {"uv": [13, 1, 12.5, 0.5], "texture": "#18"},
				"down": {"uv": [1.5, 12.5, 1, 13], "texture": "#18"}
			}
		},
		{
			"from": [8.475, 11.95, 2.575],
			"to": [8.575, 12.15, 2.675],
			"faces": {
				"north": {"uv": [12.5, 1, 13, 1.5], "texture": "#18"},
				"east": {"uv": [1.5, 12.5, 2, 13], "texture": "#18"},
				"south": {"uv": [12.5, 1.5, 13, 2], "texture": "#18"},
				"west": {"uv": [2, 12.5, 2.5, 13], "texture": "#18"},
				"up": {"uv": [13, 2.5, 12.5, 2], "texture": "#18"},
				"down": {"uv": [3, 12.5, 2.5, 13], "texture": "#18"}
			}
		},
		{
			"from": [8.325, 11.575, 1.85],
			"to": [8.7, 11.875, 1.95],
			"faces": {
				"north": {"uv": [12.5, 2.5, 13, 3], "texture": "#18"},
				"east": {"uv": [3, 12.5, 3.5, 13], "texture": "#18"},
				"south": {"uv": [12.5, 3, 13, 3.5], "texture": "#18"},
				"west": {"uv": [3.5, 12.5, 4, 13], "texture": "#18"},
				"up": {"uv": [13, 4, 12.5, 3.5], "texture": "#18"},
				"down": {"uv": [4.5, 12.5, 4, 13], "texture": "#18"}
			}
		},
		{
			"from": [8.275, 11.975, 9.05],
			"to": [8.7, 12, 10.75],
			"faces": {
				"north": {"uv": [10, 12, 10.5, 12.5], "texture": "#18"},
				"east": {"uv": [9, 4.5, 10, 5], "texture": "#18"},
				"south": {"uv": [12, 10, 12.5, 10.5], "texture": "#18"},
				"west": {"uv": [5, 9, 6, 9.5], "texture": "#18"},
				"up": {"uv": [9.5, 6, 9, 5], "texture": "#18"},
				"down": {"uv": [6.5, 9, 6, 10], "texture": "#18"}
			}
		},
		{
			"from": [8.25, 8.725, 8.8],
			"to": [8.75, 9.1, 8.9],
			"faces": {
				"north": {"uv": [7.5, 11, 8, 11.5], "texture": "#18"},
				"east": {"uv": [11, 7.5, 11.5, 8], "texture": "#18"},
				"south": {"uv": [8, 11, 8.5, 11.5], "texture": "#18"},
				"west": {"uv": [11, 8, 11.5, 8.5], "texture": "#18"},
				"up": {"uv": [9, 11.5, 8.5, 11], "texture": "#18"},
				"down": {"uv": [11.5, 8.5, 11, 9], "texture": "#18"}
			}
		},
		{
			"from": [8.25, 6.8, 9.075],
			"to": [8.75, 7.275, 9.375],
			"faces": {
				"north": {"uv": [9, 11, 9.5, 11.5], "texture": "#18"},
				"east": {"uv": [11, 9, 11.5, 9.5], "texture": "#18"},
				"south": {"uv": [9.5, 11, 10, 11.5], "texture": "#18"},
				"west": {"uv": [11, 9.5, 11.5, 10], "texture": "#18"},
				"up": {"uv": [10.5, 11.5, 10, 11], "texture": "#18"},
				"down": {"uv": [11.5, 10, 11, 10.5], "texture": "#18"}
			}
		},
		{
			"from": [8.25, 7.225, 9.175],
			"to": [8.75, 7.85, 9.425],
			"faces": {
				"north": {"uv": [10.5, 11, 11, 11.5], "texture": "#18"},
				"east": {"uv": [11, 10.5, 11.5, 11], "texture": "#18"},
				"south": {"uv": [11, 11, 11.5, 11.5], "texture": "#18"},
				"west": {"uv": [0, 11.5, 0.5, 12], "texture": "#18"},
				"up": {"uv": [12, 0.5, 11.5, 0], "texture": "#18"},
				"down": {"uv": [1, 11.5, 0.5, 12], "texture": "#18"}
			}
		},
		{
			"from": [8.25, 7.275, 9.125],
			"to": [8.75, 7.85, 9.175],
			"faces": {
				"north": {"uv": [11.5, 2, 12, 2.5], "texture": "#18"},
				"east": {"uv": [2.5, 11.5, 3, 12], "texture": "#18"},
				"south": {"uv": [11.5, 2.5, 12, 3], "texture": "#18"},
				"west": {"uv": [3, 11.5, 3.5, 12], "texture": "#18"},
				"up": {"uv": [12, 3.5, 11.5, 3], "texture": "#18"},
				"down": {"uv": [4, 11.5, 3.5, 12], "texture": "#18"}
			}
		},
		{
			"from": [8.25, 7.55, 9.075],
			"to": [8.75, 7.85, 9.125],
			"faces": {
				"north": {"uv": [11.5, 3.5, 12, 4], "texture": "#18"},
				"east": {"uv": [4, 11.5, 4.5, 12], "texture": "#18"},
				"south": {"uv": [11.5, 4, 12, 4.5], "texture": "#18"},
				"west": {"uv": [4.5, 11.5, 5, 12], "texture": "#18"},
				"up": {"uv": [12, 5, 11.5, 4.5], "texture": "#18"},
				"down": {"uv": [5.5, 11.5, 5, 12], "texture": "#18"}
			}
		},
		{
			"from": [8.25, 6.625, 9.15],
			"to": [8.75, 6.8, 9.2],
			"faces": {
				"north": {"uv": [11.5, 5, 12, 5.5], "texture": "#18"},
				"east": {"uv": [5.5, 11.5, 6, 12], "texture": "#18"},
				"south": {"uv": [11.5, 5.5, 12, 6], "texture": "#18"},
				"west": {"uv": [6, 11.5, 6.5, 12], "texture": "#18"},
				"up": {"uv": [12, 6.5, 11.5, 6], "texture": "#18"},
				"down": {"uv": [7, 11.5, 6.5, 12], "texture": "#18"}
			}
		},
		{
			"from": [8.25, 6.25, 9.2],
			"to": [8.75, 6.425, 9.3],
			"faces": {
				"north": {"uv": [11.5, 9.5, 12, 10], "texture": "#18"},
				"east": {"uv": [10, 11.5, 10.5, 12], "texture": "#18"},
				"south": {"uv": [11.5, 10, 12, 10.5], "texture": "#18"},
				"west": {"uv": [10.5, 11.5, 11, 12], "texture": "#18"},
				"up": {"uv": [12, 11, 11.5, 10.5], "texture": "#18"},
				"down": {"uv": [11.5, 11.5, 11, 12], "texture": "#18"}
			}
		},
		{
			"from": [8.25, 6.5, 9.2],
			"to": [8.75, 6.8, 9.25],
			"faces": {
				"north": {"uv": [11.5, 8, 12, 8.5], "texture": "#18"},
				"east": {"uv": [8.5, 11.5, 9, 12], "texture": "#18"},
				"south": {"uv": [11.5, 8.5, 12, 9], "texture": "#18"},
				"west": {"uv": [9, 11.5, 9.5, 12], "texture": "#18"},
				"up": {"uv": [12, 9.5, 11.5, 9], "texture": "#18"},
				"down": {"uv": [10, 11.5, 9.5, 12], "texture": "#18"}
			}
		},
		{
			"from": [8.25, 6.35, 9.25],
			"to": [8.75, 6.8, 9.3],
			"faces": {
				"north": {"uv": [11.5, 6.5, 12, 7], "texture": "#18"},
				"east": {"uv": [7, 11.5, 7.5, 12], "texture": "#18"},
				"south": {"uv": [11.5, 7, 12, 7.5], "texture": "#18"},
				"west": {"uv": [7.5, 11.5, 8, 12], "texture": "#18"},
				"up": {"uv": [12, 8, 11.5, 7.5], "texture": "#18"},
				"down": {"uv": [8.5, 11.5, 8, 12], "texture": "#18"}
			}
		},
		{
			"from": [8.25, 8.325, 9],
			"to": [8.75, 9.1, 9.1],
			"faces": {
				"north": {"uv": [4.5, 11, 5, 11.5], "texture": "#18"},
				"east": {"uv": [11, 4.5, 11.5, 5], "texture": "#18"},
				"south": {"uv": [5, 11, 5.5, 11.5], "texture": "#18"},
				"west": {"uv": [11, 5, 11.5, 5.5], "texture": "#18"},
				"up": {"uv": [6, 11.5, 5.5, 11], "texture": "#18"},
				"down": {"uv": [11.5, 5.5, 11, 6], "texture": "#18"}
			}
		},
		{
			"from": [8.25, 7.775, 9.1],
			"to": [8.75, 9.1, 9.2],
			"faces": {
				"north": {"uv": [3, 11, 3.5, 11.5], "texture": "#18"},
				"east": {"uv": [11, 3, 11.5, 3.5], "texture": "#18"},
				"south": {"uv": [3.5, 11, 4, 11.5], "texture": "#18"},
				"west": {"uv": [11, 3.5, 11.5, 4], "texture": "#18"},
				"up": {"uv": [4.5, 11.5, 4, 11], "texture": "#18"},
				"down": {"uv": [11.5, 4, 11, 4.5], "texture": "#18"}
			}
		},
		{
			"from": [8.325, 11.925, 7.125],
			"to": [8.675, 11.95, 8.925],
			"faces": {
				"north": {"uv": [9.5, 12, 10, 12.5], "texture": "#18"},
				"east": {"uv": [9, 3, 10, 3.5], "texture": "#18"},
				"south": {"uv": [12, 9.5, 12.5, 10], "texture": "#18"},
				"west": {"uv": [3.5, 9, 4.5, 9.5], "texture": "#18"},
				"up": {"uv": [9.5, 4.5, 9, 3.5], "texture": "#18"},
				"down": {"uv": [5, 9, 4.5, 10], "texture": "#18"}
			}
		},
		{
			"from": [7.85, 10.75, 3.15],
			"to": [8.225, 11.15, 4.9],
			"faces": {
				"north": {"uv": [3.5, 9.5, 4, 10], "texture": "#18"},
				"east": {"uv": [5.5, 3, 6.5, 3.5], "texture": "#18"},
				"south": {"uv": [9.5, 3.5, 10, 4], "texture": "#18"},
				"west": {"uv": [6, 1, 7, 1.5], "texture": "#18"},
				"up": {"uv": [1.5, 8, 1, 7], "texture": "#18"},
				"down": {"uv": [2, 7, 1.5, 8], "texture": "#18"}
			}
		},
		{
			"from": [8.125, 10.35, 5.35],
			"to": [8.85, 11.15, 7.1],
			"faces": {
				"north": {"uv": [9.5, 8, 10, 8.5], "texture": "#18"},
				"east": {"uv": [7, 2.5, 8, 3], "texture": "#18"},
				"south": {"uv": [8.5, 9.5, 9, 10], "texture": "#18"},
				"west": {"uv": [7, 4.5, 8, 5], "texture": "#18"},
				"up": {"uv": [5.5, 8, 5, 7], "texture": "#18"},
				"down": {"uv": [7.5, 5, 7, 6], "texture": "#18"}
			}
		},
		{
			"from": [8.125, 10, 6.4],
			"to": [8.85, 10.35, 7.1],
			"faces": {
				"north": {"uv": [0.5, 10, 1, 10.5], "texture": "#18"},
				"east": {"uv": [10, 0.5, 10.5, 1], "texture": "#18"},
				"south": {"uv": [1, 10, 1.5, 10.5], "texture": "#18"},
				"west": {"uv": [10, 1, 10.5, 1.5], "texture": "#18"},
				"up": {"uv": [2, 10.5, 1.5, 10], "texture": "#18"},
				"down": {"uv": [10.5, 1.5, 10, 2], "texture": "#18"}
			}
		},
		{
			"from": [8.225, 9.825, 5.325],
			"to": [8.75, 10.8, 7.125],
			"faces": {
				"north": {"uv": [2, 10, 2.5, 10.5], "texture": "#18"},
				"east": {"uv": [7, 6, 8, 6.5], "texture": "#18"},
				"south": {"uv": [10, 2, 10.5, 2.5], "texture": "#18"},
				"west": {"uv": [7, 6.5, 8, 7], "texture": "#18"},
				"up": {"uv": [7.5, 8, 7, 7], "texture": "#18"},
				"down": {"uv": [8, 0, 7.5, 1], "texture": "#18"}
			}
		},
		{
			"from": [8.15, 11.125, 1.175],
			"to": [8.825, 11.275, 2.75],
			"rotation": {"angle": 22.5, "axis": "x", "origin": [0, 0, 0]},
			"faces": {
				"north": {"uv": [2.5, 10, 3, 10.5], "texture": "#18"},
				"east": {"uv": [7.5, 1, 8.5, 1.5], "texture": "#18"},
				"south": {"uv": [10, 2.5, 10.5, 3], "texture": "#18"},
				"west": {"uv": [7.5, 1.5, 8.5, 2], "texture": "#18"},
				"up": {"uv": [2.5, 8.5, 2, 7.5], "texture": "#18"},
				"down": {"uv": [3, 7.5, 2.5, 8.5], "texture": "#18"}
			}
		},
		{
			"from": [8.2251, 11.1251, 1.1751],
			"to": [8.7499, 11.8249, 2.7749],
			"rotation": {"angle": 22.5, "axis": "x", "origin": [0, 0, 0]},
			"faces": {
				"north": {"uv": [10.5, 5, 11, 5.5], "texture": "#18"},
				"east": {"uv": [8, 2.5, 9, 3], "texture": "#18"},
				"south": {"uv": [5.5, 10.5, 6, 11], "texture": "#18"},
				"west": {"uv": [6.5, 8, 7.5, 8.5], "texture": "#18"},
				"up": {"uv": [8.5, 8.5, 8, 7.5], "texture": "#18"},
				"down": {"uv": [0.5, 8.5, 0, 9.5], "texture": "#18"}
			}
		},
		{
			"from": [8.225, 9.225, 6.775],
			"to": [8.75, 9.925, 7.1],
			"faces": {
				"north": {"uv": [3, 10, 3.5, 10.5], "texture": "#18"},
				"east": {"uv": [10, 3, 10.5, 3.5], "texture": "#18"},
				"south": {"uv": [3.5, 10, 4, 10.5], "texture": "#18"},
				"west": {"uv": [10, 3.5, 10.5, 4], "texture": "#18"},
				"up": {"uv": [4.5, 10.5, 4, 10], "texture": "#18"},
				"down": {"uv": [10.5, 4, 10, 4.5], "texture": "#18"}
			}
		},
		{
			"from": [8.1501, 9.8251, 5.3751],
			"to": [8.8249, 9.9249, 7.0999],
			"faces": {
				"north": {"uv": [10.5, 5.5, 11, 6], "texture": "#18"},
				"east": {"uv": [8, 6.5, 9, 7], "texture": "#18"},
				"south": {"uv": [6, 10.5, 6.5, 11], "texture": "#18"},
				"west": {"uv": [8.5, 0, 9.5, 0.5], "texture": "#18"},
				"up": {"uv": [1, 9.5, 0.5, 8.5], "texture": "#18"},
				"down": {"uv": [9, 0.5, 8.5, 1.5], "texture": "#18"}
			}
		},
		{
			"from": [8.1501, 9.4001, 6.3501],
			"to": [8.8249, 9.9249, 6.7749],
			"faces": {
				"north": {"uv": [10.5, 7.5, 11, 8], "texture": "#18"},
				"east": {"uv": [8, 10.5, 8.5, 11], "texture": "#18"},
				"south": {"uv": [10.5, 8, 11, 8.5], "texture": "#18"},
				"west": {"uv": [8.5, 10.5, 9, 11], "texture": "#18"},
				"up": {"uv": [11, 9, 10.5, 8.5], "texture": "#18"},
				"down": {"uv": [9.5, 10.5, 9, 11], "texture": "#18"}
			}
		},
		{
			"from": [8.15, 9.575, 6.025],
			"to": [8.825, 9.925, 6.775],
			"faces": {
				"north": {"uv": [0, 11, 0.5, 11.5], "texture": "#18"},
				"east": {"uv": [11, 0, 11.5, 0.5], "texture": "#18"},
				"south": {"uv": [0.5, 11, 1, 11.5], "texture": "#18"},
				"west": {"uv": [11, 0.5, 11.5, 1], "texture": "#18"},
				"up": {"uv": [1.5, 11.5, 1, 11], "texture": "#18"},
				"down": {"uv": [11.5, 1, 11, 1.5], "texture": "#18"}
			}
		},
		{
			"from": [8.15, 9.7, 5.75],
			"to": [8.825, 9.925, 6.775],
			"faces": {
				"north": {"uv": [10.5, 9, 11, 9.5], "texture": "#18"},
				"east": {"uv": [9.5, 10.5, 10, 11], "texture": "#18"},
				"south": {"uv": [10.5, 9.5, 11, 10], "texture": "#18"},
				"west": {"uv": [10, 10.5, 10.5, 11], "texture": "#18"},
				"up": {"uv": [11, 10.5, 10.5, 10], "texture": "#18"},
				"down": {"uv": [11, 10.5, 10.5, 11], "texture": "#18"}
			}
		},
		{
			"from": [8.15, 9.225, 6.775],
			"to": [8.825, 9.925, 7.1],
			"faces": {
				"north": {"uv": [10.5, 6, 11, 6.5], "texture": "#18"},
				"east": {"uv": [6.5, 10.5, 7, 11], "texture": "#18"},
				"south": {"uv": [10.5, 6.5, 11, 7], "texture": "#18"},
				"west": {"uv": [7, 10.5, 7.5, 11], "texture": "#18"},
				"up": {"uv": [11, 7.5, 10.5, 7], "texture": "#18"},
				"down": {"uv": [8, 10.5, 7.5, 11], "texture": "#18"}
			}
		},
		{
			"from": [8.225, 11.825, 3.1],
			"to": [8.75, 11.925, 4.45],
			"rotation": {"angle": 22.5, "axis": "x", "origin": [0, 0, 0]},
			"faces": {
				"north": {"uv": [4.5, 10, 5, 10.5], "texture": "#18"},
				"east": {"uv": [10, 4.5, 10.5, 5], "texture": "#18"},
				"south": {"uv": [5, 10, 5.5, 10.5], "texture": "#18"},
				"west": {"uv": [10, 5, 10.5, 5.5], "texture": "#18"},
				"up": {"uv": [6, 10.5, 5.5, 10], "texture": "#18"},
				"down": {"uv": [10.5, 5.5, 10, 6], "texture": "#18"}
			}
		},
		{
			"from": [8.225, 9.725, 7.375],
			"to": [8.75, 10.675, 7.45],
			"faces": {
				"north": {"uv": [6, 10, 6.5, 10.5], "texture": "#18"},
				"east": {"uv": [10, 6, 10.5, 6.5], "texture": "#18"},
				"south": {"uv": [6.5, 10, 7, 10.5], "texture": "#18"},
				"west": {"uv": [10, 6.5, 10.5, 7], "texture": "#18"},
				"up": {"uv": [7.5, 10.5, 7, 10], "texture": "#18"},
				"down": {"uv": [10.5, 7, 10, 7.5], "texture": "#18"}
			}
		},
		{
			"from": [8.1251, 11.6001, -3.0749],
			"to": [8.8499, 12.0999, -2.5501],
			"rotation": {"angle": 45, "axis": "x", "origin": [0, 0, 0]},
			"faces": {
				"north": {"uv": [9.5, 8.5, 10, 9], "texture": "#18"},
				"east": {"uv": [9, 9.5, 9.5, 10], "texture": "#18"},
				"south": {"uv": [9.5, 9, 10, 9.5], "texture": "#18"},
				"west": {"uv": [9.5, 9.5, 10, 10], "texture": "#18"},
				"up": {"uv": [0.5, 10.5, 0, 10], "texture": "#18"},
				"down": {"uv": [10.5, 0, 10, 0.5], "texture": "#18"}
			}
		},
		{
			"from": [8.3249, 11.8499, 1.7999],
			"to": [8.7251, 12.0501, 7.1251],
			"faces": {
				"north": {"uv": [9.5, 1, 10, 1.5], "texture": "#18"},
				"east": {"uv": [4.5, 2.5, 7, 3], "texture": "#18"},
				"south": {"uv": [9.5, 1.5, 10, 2], "texture": "#18"},
				"west": {"uv": [4.5, 3.5, 7, 4], "texture": "#18"},
				"up": {"uv": [2, 7, 1.5, 4.5], "texture": "#18"},
				"down": {"uv": [5, 4, 4.5, 6.5], "texture": "#18"}
			}
		},
		{
			"from": [14.075, 1.975, 1.8],
			"to": [14.475, 2.05, 7.125],
			"rotation": {"angle": 45, "axis": "z", "origin": [0, 0, 0]},
			"faces": {
				"north": {"uv": [9, 9, 9.5, 9.5], "texture": "#18"},
				"east": {"uv": [3.5, 0.5, 6, 1], "texture": "#18"},
				"south": {"uv": [0, 9.5, 0.5, 10], "texture": "#18"},
				"west": {"uv": [3.5, 1, 6, 1.5], "texture": "#18"},
				"up": {"uv": [4.5, 6, 4, 3.5], "texture": "#18"},
				"down": {"uv": [0.5, 4.5, 0, 7], "texture": "#18"}
			}
		},
		{
			"from": [14.475, 1.975, 1.8],
			"to": [14.625, 2.3, 7.125],
			"rotation": {"angle": 45, "axis": "z", "origin": [0, 0, 0]},
			"faces": {
				"north": {"uv": [9.5, 0, 10, 0.5], "texture": "#18"},
				"east": {"uv": [3.5, 1.5, 6, 2], "texture": "#18"},
				"south": {"uv": [0.5, 9.5, 1, 10], "texture": "#18"},
				"west": {"uv": [4.5, 2, 7, 2.5], "texture": "#18"},
				"up": {"uv": [1, 7, 0.5, 4.5], "texture": "#18"},
				"down": {"uv": [1.5, 4.5, 1, 7], "texture": "#18"}
			}
		}
	],
	"display": {
		"thirdperson_righthand": {
			"translation": [-0.75, -2.5, 0.25],
			"scale": [1.25, 1, 1]
		},
		"thirdperson_lefthand": {
			"translation": [0.75, -2.5, 0.25],
			"scale": [1.25, 1, 1]
		},
		"firstperson_righthand": {
			"rotation": [5, 0, 0],
			"translation": [5.25, -3.25, -4],
			"scale": [2, 2, 2]
		},
		"firstperson_lefthand": {
			"rotation": [5, 0, 0],
			"translation": [6.75, -2.75, -3.5],
			"scale": [2, 2, 2]
		},
		"ground": {
			"rotation": [0, 0, 90],
			"translation": [1.25, -3.5, 0.75]
		},
		"gui": {
			"rotation": [90, -45, 90],
			"translation": [1, -3.25, 0],
			"scale": [1.5, 1.5, 1.5]
		},
		"head": {
			"translation": [0, 1.75, 0]
		},
		"fixed": {
			"rotation": [0, 90, 0],
			"translation": [1.75, -2.75, 0],
			"scale": [1.5, 1.5, 1.5]
		}
	}
}