{
	"credit": "Made with Blockbench",
	"textures": {
		"8": "custom/bonus/medicalscouter",
		"particle": "custom/bonus/medicalscouter"
	},
	"elements": [
		{
			"from": [8, 3, 6],
			"to": [9, 5, 7.8],
			"faces": {
				"north": {"uv": [6, 9, 7, 11], "texture": "#8"},
				"east": {"uv": [0, 6, 2, 8], "texture": "#8"},
				"south": {"uv": [7, 9, 8, 11], "texture": "#8"},
				"west": {"uv": [2, 6, 4, 8], "texture": "#8"},
				"up": {"uv": [10, 9, 9, 7], "texture": "#8"},
				"down": {"uv": [9, 9, 8, 11], "texture": "#8"}
			}
		},
		{
			"from": [8, 5, 4.7],
			"to": [9, 5.1, 7.3],
			"faces": {
				"north": {"uv": [10, 9, 11, 10], "texture": "#8"},
				"east": {"uv": [1, 8, 4, 9], "texture": "#8"},
				"south": {"uv": [10, 10, 11, 11], "texture": "#8"},
				"west": {"uv": [8, 3, 11, 4], "texture": "#8"},
				"up": {"uv": [5, 11, 4, 8], "texture": "#8"},
				"down": {"uv": [6, 8, 5, 11], "texture": "#8"}
			}
		},
		{
			"from": [9, 3, 4.7],
			"to": [9.1, 5, 7.3],
			"faces": {
				"north": {"uv": [10, 4, 11, 6], "texture": "#8"},
				"east": {"uv": [5, 0, 8, 2], "texture": "#8"},
				"south": {"uv": [10, 7, 11, 9], "texture": "#8"},
				"west": {"uv": [5, 2, 8, 4], "texture": "#8"},
				"up": {"uv": [3, 12, 2, 9], "texture": "#8"},
				"down": {"uv": [4, 9, 3, 12], "texture": "#8"}
			}
		},
		{
			"from": [2.9, 3, 7.8],
			"to": [8, 5, 7.8],
			"faces": {
				"north": {"uv": [0, 0, 5, 2], "texture": "#8"},
				"east": {"uv": [0, 0, 0, 2], "texture": "#8"},
				"south": {"uv": [0, 2, 5, 4], "texture": "#8"},
				"west": {"uv": [0, 0, 0, 2], "texture": "#8"},
				"up": {"uv": [5, 0, 0, 0], "texture": "#8"},
				"down": {"uv": [5, 0, 0, 0], "texture": "#8"}
			}
		},
		{
			"from": [2.8, 3.3, 7.8],
			"to": [2.9, 4.7, 7.8],
			"faces": {
				"north": {"uv": [8, 7, 9, 8], "texture": "#8"},
				"east": {"uv": [0, 0, 0, 1], "texture": "#8"},
				"south": {"uv": [10, 2, 11, 3], "texture": "#8"},
				"west": {"uv": [0, 0, 0, 1], "texture": "#8"},
				"up": {"uv": [1, 0, 0, 0], "texture": "#8"},
				"down": {"uv": [1, 0, 0, 0], "texture": "#8"}
			}
		},
		{
			"from": [3.7, 5, 7.8],
			"to": [7.4, 5.1, 7.8],
			"faces": {
				"north": {"uv": [4, 6, 8, 7], "texture": "#8"},
				"east": {"uv": [0, 0, 0, 1], "texture": "#8"},
				"south": {"uv": [6, 4, 10, 5], "texture": "#8"},
				"west": {"uv": [0, 0, 0, 1], "texture": "#8"},
				"up": {"uv": [4, 0, 0, 0], "texture": "#8"},
				"down": {"uv": [4, 0, 0, 0], "texture": "#8"}
			}
		},
		{
			"from": [3.7, 2.9, 7.8],
			"to": [7.5, 3, 7.8],
			"faces": {
				"north": {"uv": [6, 5, 10, 6], "texture": "#8"},
				"east": {"uv": [0, 0, 0, 1], "texture": "#8"},
				"south": {"uv": [4, 7, 8, 8], "texture": "#8"},
				"west": {"uv": [0, 0, 0, 1], "texture": "#8"},
				"up": {"uv": [4, 0, 0, 0], "texture": "#8"},
				"down": {"uv": [4, 0, 0, 0], "texture": "#8"}
			}
		},
		{
			"from": [8, 2.9, 4.7],
			"to": [9, 3, 7.3],
			"faces": {
				"north": {"uv": [0, 11, 1, 12], "texture": "#8"},
				"east": {"uv": [6, 8, 9, 9], "texture": "#8"},
				"south": {"uv": [11, 0, 12, 1], "texture": "#8"},
				"west": {"uv": [8, 6, 11, 7], "texture": "#8"},
				"up": {"uv": [10, 3, 9, 0], "texture": "#8"},
				"down": {"uv": [2, 9, 1, 12], "texture": "#8"}
			}
		},
		{
			"from": [8, 3, 4.6],
			"to": [9, 5, 7.8],
			"faces": {
				"north": {"uv": [9, 9, 10, 11], "texture": "#8"},
				"east": {"uv": [0, 4, 3, 6], "texture": "#8"},
				"south": {"uv": [10, 0, 11, 2], "texture": "#8"},
				"west": {"uv": [3, 4, 6, 6], "texture": "#8"},
				"up": {"uv": [1, 11, 0, 8], "texture": "#8"},
				"down": {"uv": [9, 0, 8, 3], "texture": "#8"}
			}
		}
	],
	"display": {
		"thirdperson_righthand": {
			"translation": [0, 4.25, 2.5]
		},
		"thirdperson_lefthand": {
			"rotation": [0, 0, 180],
			"translation": [0, -4.25, 2.5]
		},
		"firstperson_righthand": {
			"translation": [0, 3.75, 0]
		},
		"firstperson_lefthand": {
			"rotation": [0, 0, 180],
			"translation": [1.5, -3.75, 0]
		},
		"ground": {
			"translation": [0.75, 1.25, 1.75]
		},
		"gui": {
			"rotation": [25, 32, -180],
			"translation": [-1.25, -7, 0],
			"scale": [1.9, 1.81, 1.72]
		},
		"head": {
			"rotation": [0, 180, 0],
			"translation": [-6.5, 3, -8],
			"scale": [1.1, 1.35, 1.25]
		},
		"fixed": {
			"rotation": [-3, 154, 0],
			"translation": [-1.75, 7.75, -5.25],
			"scale": [1.75, 1.75, 1.75]
		}
	}
}