{
	"credit": "Made with Blockbench",
	"textures": {
		"7": "custom/bonus/pillshere",
                "particle": "custom/bonus/pillshere"
	},
	"elements": [
		{
			"from": [7, 0, 7],
			"to": [9, 5, 9],
			"faces": {
				"north": {"uv": [0, 0, 2, 5], "texture": "#7"},
				"east": {"uv": [2, 0, 4, 5], "texture": "#7"},
				"south": {"uv": [4, 0, 6, 5], "texture": "#7"},
				"west": {"uv": [0, 5, 2, 10], "texture": "#7"},
				"up": {"uv": [13, 9, 11, 7], "texture": "#7"},
				"down": {"uv": [13, 9, 11, 11], "texture": "#7"}
			}
		},
		{
			"from": [6.8, 5, 6.8],
			"to": [9.2, 5.8, 9.2],
			"faces": {
				"north": {"uv": [12, 2, 14, 3], "texture": "#7"},
				"east": {"uv": [12, 3, 14, 4], "texture": "#7"},
				"south": {"uv": [12, 4, 14, 5], "texture": "#7"},
				"west": {"uv": [9, 12, 11, 13], "texture": "#7"},
				"up": {"uv": [11, 12, 9, 10], "texture": "#7"},
				"down": {"uv": [13, 5, 11, 7], "texture": "#7"}
			}
		},
		{
			"from": [7.1, 5.8, 7.1],
			"to": [8.9, 6.6, 8.9],
			"faces": {
				"north": {"uv": [14, 0, 16, 1], "texture": "#7"},
				"east": {"uv": [14, 1, 16, 2], "texture": "#7"},
				"south": {"uv": [14, 2, 16, 3], "texture": "#7"},
				"west": {"uv": [14, 3, 16, 4], "texture": "#7"},
				"up": {"uv": [13, 13, 11, 11], "texture": "#7"},
				"down": {"uv": [14, 0, 12, 2], "texture": "#7"}
			}
		},
		{
			"from": [6.9, 0, 7.2],
			"to": [7, 5, 8.8],
			"faces": {
				"north": {"uv": [2, 10, 3, 15], "texture": "#7"},
				"east": {"uv": [2, 5, 4, 10], "texture": "#7"},
				"south": {"uv": [3, 10, 4, 15], "texture": "#7"},
				"west": {"uv": [4, 5, 6, 10], "texture": "#7"},
				"up": {"uv": [14, 7, 13, 5], "texture": "#7"},
				"down": {"uv": [14, 7, 13, 9], "texture": "#7"}
			}
		},
		{
			"from": [9, 0, 7.2],
			"to": [9.1, 5, 8.8],
			"faces": {
				"north": {"uv": [4, 10, 5, 15], "texture": "#7"},
				"east": {"uv": [6, 0, 8, 5], "texture": "#7"},
				"south": {"uv": [5, 10, 6, 15], "texture": "#7"},
				"west": {"uv": [6, 5, 8, 10], "texture": "#7"},
				"up": {"uv": [10, 15, 9, 13], "texture": "#7"},
				"down": {"uv": [14, 9, 13, 11], "texture": "#7"}
			}
		},
		{
			"from": [7.2, 0, 9],
			"to": [8.8, 5, 9.1],
			"faces": {
				"north": {"uv": [8, 0, 10, 5], "texture": "#7"},
				"east": {"uv": [10, 5, 11, 10], "texture": "#7"},
				"south": {"uv": [8, 5, 10, 10], "texture": "#7"},
				"west": {"uv": [6, 10, 7, 15], "texture": "#7"},
				"up": {"uv": [12, 14, 10, 13], "texture": "#7"},
				"down": {"uv": [15, 11, 13, 12], "texture": "#7"}
			}
		},
		{
			"from": [7.2, 0, 6.9],
			"to": [8.8, 5, 7],
			"faces": {
				"north": {"uv": [0, 10, 2, 15], "texture": "#7"},
				"east": {"uv": [7, 10, 8, 15], "texture": "#7"},
				"south": {"uv": [10, 0, 12, 5], "texture": "#7"},
				"west": {"uv": [8, 10, 9, 15], "texture": "#7"},
				"up": {"uv": [14, 14, 12, 13], "texture": "#7"},
				"down": {"uv": [15, 12, 13, 13], "texture": "#7"}
			}
		}
	],
	"display": {
		"thirdperson_righthand": {
			"translation": [0, 2.75, 0.5],
			"scale": [0.65, 0.65, 0.65]
		},
		"thirdperson_lefthand": {
			"translation": [0, 2.75, 0.5],
			"scale": [0.65, 0.65, 0.65]
		},
		"firstperson_righthand": {
			"translation": [0, 4, 0]
		},
		"firstperson_lefthand": {
			"translation": [0, 4, 0]
		},
		"ground": {
			"translation": [0, 1.25, 0],
			"scale": [0.65, 0.65, 0.65]
		},
		"gui": {
			"rotation": [20, 37, -20],
			"translation": [2.25, 9, 0],
			"scale": [2, 2, 2]
		},
		"head": {
			"translation": [0, 1, 0]
		},
		"fixed": {
			"rotation": [-90, 20, 0],
			"translation": [9, 9, -10.25],
			"scale": [1.3, 1.3, 1.3]
		}
	}
}