{
	"credit": "Made with Blockbench",
	"texture_size": [32, 32],
	"textures": {
		"16": "custom/dragunov",
		"particle": "custom/dragunov"
	},
	"elements": [
		{
			"from": [5, 6.7, -7],
			"to": [5.8, 7, -2.4],
			"faces": {
				"north": {"uv": [11, 6.5, 11.5, 7], "texture": "#16"},
				"east": {"uv": [6.5, 0, 9, 0.5], "texture": "#16"},
				"south": {"uv": [7, 11, 7.5, 11.5], "texture": "#16"},
				"west": {"uv": [6.5, 0.5, 9, 1], "texture": "#16"},
				"up": {"uv": [3.5, 9.5, 3, 7], "texture": "#16"},
				"down": {"uv": [4, 7, 3.5, 9.5], "texture": "#16"}
			}
		},
		{
			"from": [5, 7, -8.4],
			"to": [5.8, 7.3, -4.8],
			"faces": {
				"north": {"uv": [9, 11, 9.5, 11.5], "texture": "#16"},
				"east": {"uv": [7.5, 6, 9.5, 6.5], "texture": "#16"},
				"south": {"uv": [11, 9.5, 11.5, 10], "texture": "#16"},
				"west": {"uv": [7.5, 6.5, 9.5, 7], "texture": "#16"},
				"up": {"uv": [1, 9.5, 0.5, 7.5], "texture": "#16"},
				"down": {"uv": [8, 7, 7.5, 9], "texture": "#16"}
			}
		},
		{
			"from": [4.999, 4.199, -7.001],
			"to": [5.801, 4.501, -4.999],
			"faces": {
				"north": {"uv": [11, 7, 11.5, 7.5], "texture": "#16"},
				"east": {"uv": [8.5, 4, 9.5, 4.5], "texture": "#16"},
				"south": {"uv": [7.5, 11, 8, 11.5], "texture": "#16"},
				"west": {"uv": [8.5, 4.5, 9.5, 5], "texture": "#16"},
				"up": {"uv": [9.5, 1, 9, 0], "texture": "#16"},
				"down": {"uv": [9.5, 2, 9, 3], "texture": "#16"}
			}
		},
		{
			"from": [4.999, 3.899, -10.001],
			"to": [5.801, 4.201, -7.599],
			"faces": {
				"north": {"uv": [4, 11.5, 4.5, 12], "texture": "#16"},
				"east": {"uv": [9.5, 7.5, 10.5, 8], "texture": "#16"},
				"south": {"uv": [11.5, 4, 12, 4.5], "texture": "#16"},
				"west": {"uv": [9.5, 9, 10.5, 9.5], "texture": "#16"},
				"up": {"uv": [9, 10.5, 8.5, 9.5], "texture": "#16"},
				"down": {"uv": [10, 9.5, 9.5, 10.5], "texture": "#16"}
			}
		},
		{
			"from": [5, 4, -11],
			"to": [5.8, 7, -7],
			"faces": {
				"north": {"uv": [4, 9, 4.5, 10.5], "texture": "#16"},
				"east": {"uv": [1, 1, 3, 2.5], "texture": "#16"},
				"south": {"uv": [4.5, 9, 5, 10.5], "texture": "#16"},
				"west": {"uv": [1, 2.5, 3, 4], "texture": "#16"},
				"up": {"uv": [8.5, 5, 8, 3], "texture": "#16"},
				"down": {"uv": [5.5, 8, 5, 10], "texture": "#16"}
			}
		},
		{
			"from": [5, 3.8, -11],
			"to": [5.8, 4, -8.6],
			"faces": {
				"north": {"uv": [4.5, 11.5, 5, 12], "texture": "#16"},
				"east": {"uv": [10, 1, 11, 1.5], "texture": "#16"},
				"south": {"uv": [11.5, 4.5, 12, 5], "texture": "#16"},
				"west": {"uv": [10, 1.5, 11, 2], "texture": "#16"},
				"up": {"uv": [0.5, 11, 0, 10], "texture": "#16"},
				"down": {"uv": [2.5, 10, 2, 11], "texture": "#16"}
			}
		},
		{
			"from": [5, 3.7, -11],
			"to": [5.8, 4, -9.7],
			"faces": {
				"north": {"uv": [11.5, 5, 12, 5.5], "texture": "#16"},
				"east": {"uv": [5.5, 11.5, 6, 12], "texture": "#16"},
				"south": {"uv": [11.5, 5.5, 12, 6], "texture": "#16"},
				"west": {"uv": [6, 11.5, 6.5, 12], "texture": "#16"},
				"up": {"uv": [12, 6.5, 11.5, 6], "texture": "#16"},
				"down": {"uv": [7, 11.5, 6.5, 12], "texture": "#16"}
			}
		},
		{
			"from": [5, 4.3, -6.7],
			"to": [5.8, 4.6, -4.7],
			"faces": {
				"north": {"uv": [11, 8, 11.5, 8.5], "texture": "#16"},
				"east": {"uv": [9, 8, 10, 8.5], "texture": "#16"},
				"south": {"uv": [11, 8.5, 11.5, 9], "texture": "#16"},
				"west": {"uv": [9, 8.5, 10, 9], "texture": "#16"},
				"up": {"uv": [8, 10, 7.5, 9], "texture": "#16"},
				"down": {"uv": [9.5, 9, 9, 10], "texture": "#16"}
			}
		},
		{
			"from": [4.998, 4.398, -6.302],
			"to": [5.802, 4.702, -4.298],
			"faces": {
				"north": {"uv": [11, 10, 11.5, 10.5], "texture": "#16"},
				"east": {"uv": [9.5, 0, 10.5, 0.5], "texture": "#16"},
				"south": {"uv": [11, 10.5, 11.5, 11], "texture": "#16"},
				"west": {"uv": [9.5, 0.5, 10.5, 1], "texture": "#16"},
				"up": {"uv": [1, 10.5, 0.5, 9.5], "texture": "#16"},
				"down": {"uv": [10, 2, 9.5, 3], "texture": "#16"}
			}
		},
		{
			"from": [5, 4.5, -5.6],
			"to": [5.8, 4.8, -3.6],
			"faces": {
				"north": {"uv": [11, 11, 11.5, 11.5], "texture": "#16"},
				"east": {"uv": [3, 9.5, 4, 10], "texture": "#16"},
				"south": {"uv": [11.5, 0, 12, 0.5], "texture": "#16"},
				"west": {"uv": [9.5, 4, 10.5, 4.5], "texture": "#16"},
				"up": {"uv": [10, 5.5, 9.5, 4.5], "texture": "#16"},
				"down": {"uv": [6, 9.5, 5.5, 10.5], "texture": "#16"}
			}
		},
		{
			"from": [4.999, 5.699, -3.201],
			"to": [5.801, 7.001, -1.199],
			"faces": {
				"north": {"uv": [11.5, 3, 12, 3.5], "texture": "#16"},
				"east": {"uv": [9.5, 6.5, 10.5, 7], "texture": "#16"},
				"south": {"uv": [11.5, 3.5, 12, 4], "texture": "#16"},
				"west": {"uv": [9.5, 7, 10.5, 7.5], "texture": "#16"},
				"up": {"uv": [7, 10.5, 6.5, 9.5], "texture": "#16"},
				"down": {"uv": [8.5, 9.5, 8, 10.5], "texture": "#16"}
			}
		},
		{
			"from": [4.999, 4.499, -3.601],
			"to": [5.801, 5.101, -2.099],
			"faces": {
				"north": {"uv": [0.5, 11.5, 1, 12], "texture": "#16"},
				"east": {"uv": [11.5, 0.5, 12, 1], "texture": "#16"},
				"south": {"uv": [11.5, 1, 12, 1.5], "texture": "#16"},
				"west": {"uv": [11.5, 1.5, 12, 2], "texture": "#16"},
				"up": {"uv": [12, 2.5, 11.5, 2], "texture": "#16"},
				"down": {"uv": [12, 2.5, 11.5, 3], "texture": "#16"}
			}
		},
		{
			"from": [5, 3.1, -4.7],
			"to": [5.8, 5.7, -3.1],
			"rotation": {"angle": 22.5, "axis": "x", "origin": [0, 0, 0]},
			"faces": {
				"north": {"uv": [5.5, 8, 6, 9.5], "texture": "#16"},
				"east": {"uv": [5, 5, 6, 6.5], "texture": "#16"},
				"south": {"uv": [6, 8, 6.5, 9.5], "texture": "#16"},
				"west": {"uv": [6, 5, 7, 6.5], "texture": "#16"},
				"up": {"uv": [10, 6.5, 9.5, 5.5], "texture": "#16"},
				"down": {"uv": [6.5, 9.5, 6, 10.5], "texture": "#16"}
			}
		},
		{
			"from": [5.3, 5.675, -0.1],
			"to": [5.5, 6.05, 0],
			"faces": {
				"north": {"uv": [11.5, 10.5, 12, 11], "texture": "#16"},
				"east": {"uv": [11, 11.5, 11.5, 12], "texture": "#16"},
				"south": {"uv": [11.5, 11, 12, 11.5], "texture": "#16"},
				"west": {"uv": [11.5, 11.5, 12, 12], "texture": "#16"},
				"up": {"uv": [0.5, 12.5, 0, 12], "texture": "#16"},
				"down": {"uv": [12.5, 0, 12, 0.5], "texture": "#16"}
			}
		},
		{
			"from": [5.3, 5, 2.1],
			"to": [5.5, 5.375, 2.2],
			"rotation": {"angle": -22.5, "axis": "x", "origin": [0, 0, 0]},
			"faces": {
				"north": {"uv": [13, 13, 13.5, 13.5], "texture": "#16"},
				"east": {"uv": [0, 13.5, 0.5, 14], "texture": "#16"},
				"south": {"uv": [13.5, 0, 14, 0.5], "texture": "#16"},
				"west": {"uv": [0.5, 13.5, 1, 14], "texture": "#16"},
				"up": {"uv": [14, 1, 13.5, 0.5], "texture": "#16"},
				"down": {"uv": [1.5, 13.5, 1, 14], "texture": "#16"}
			}
		},
		{
			"from": [5, 5.65, -4.2],
			"to": [5.8, 6.65, -3.9],
			"rotation": {"angle": 22.5, "axis": "x", "origin": [0, 0, 0]},
			"faces": {
				"north": {"uv": [1, 12, 1.5, 12.5], "texture": "#16"},
				"east": {"uv": [12, 1, 12.5, 1.5], "texture": "#16"},
				"south": {"uv": [1.5, 12, 2, 12.5], "texture": "#16"},
				"west": {"uv": [12, 1.5, 12.5, 2], "texture": "#16"},
				"up": {"uv": [2.5, 12.5, 2, 12], "texture": "#16"},
				"down": {"uv": [12.5, 2, 12, 2.5], "texture": "#16"}
			}
		},
		{
			"from": [5.3, 5.525, -2.4],
			"to": [5.5, 6.45, -2.275],
			"rotation": {"angle": 22.5, "axis": "x", "origin": [0, 0, 0]},
			"faces": {
				"north": {"uv": [11.5, 9, 12, 9.5], "texture": "#16"},
				"east": {"uv": [9.5, 11.5, 10, 12], "texture": "#16"},
				"south": {"uv": [11.5, 9.5, 12, 10], "texture": "#16"},
				"west": {"uv": [10, 11.5, 10.5, 12], "texture": "#16"},
				"up": {"uv": [12, 10.5, 11.5, 10], "texture": "#16"},
				"down": {"uv": [11, 11.5, 10.5, 12], "texture": "#16"}
			}
		},
		{
			"from": [5, 4.6, -3.15],
			"to": [5.8, 4.8, -1.75],
			"rotation": {"angle": 22.5, "axis": "x", "origin": [0, 0, 0]},
			"faces": {
				"north": {"uv": [11.5, 7.5, 12, 8], "texture": "#16"},
				"east": {"uv": [8, 11.5, 8.5, 12], "texture": "#16"},
				"south": {"uv": [11.5, 8, 12, 8.5], "texture": "#16"},
				"west": {"uv": [8.5, 11.5, 9, 12], "texture": "#16"},
				"up": {"uv": [12, 9, 11.5, 8.5], "texture": "#16"},
				"down": {"uv": [9.5, 11.5, 9, 12], "texture": "#16"}
			}
		},
		{
			"from": [5, 5.15, -1.3],
			"to": [5.8, 6.75, -1.2],
			"rotation": {"angle": 22.5, "axis": "x", "origin": [0, 0, 0]},
			"faces": {
				"north": {"uv": [10, 2, 10.5, 3], "texture": "#16"},
				"east": {"uv": [2.5, 10, 3, 11], "texture": "#16"},
				"south": {"uv": [3, 10, 3.5, 11], "texture": "#16"},
				"west": {"uv": [10, 3, 10.5, 4], "texture": "#16"},
				"up": {"uv": [12, 7.5, 11.5, 7], "texture": "#16"},
				"down": {"uv": [8, 11.5, 7.5, 12], "texture": "#16"}
			}
		},
		{
			"from": [5, 3.875, -3.15],
			"to": [5.8, 4.375, -3.125],
			"rotation": {"angle": 45, "axis": "x", "origin": [0, 0, 0]},
			"faces": {
				"north": {"uv": [10, 13, 10.5, 13.5], "texture": "#16"},
				"east": {"uv": [13, 10, 13.5, 10.5], "texture": "#16"},
				"south": {"uv": [10.5, 13, 11, 13.5], "texture": "#16"},
				"west": {"uv": [13, 10.5, 13.5, 11], "texture": "#16"},
				"up": {"uv": [11.5, 13.5, 11, 13], "texture": "#16"},
				"down": {"uv": [13.5, 11, 13, 11.5], "texture": "#16"}
			}
		},
		{
			"from": [5, 4.725, -1.825],
			"to": [5.8, 4.8, -1.425],
			"rotation": {"angle": 22.5, "axis": "x", "origin": [0, 0, 0]},
			"faces": {
				"north": {"uv": [11.5, 13, 12, 13.5], "texture": "#16"},
				"east": {"uv": [13, 11.5, 13.5, 12], "texture": "#16"},
				"south": {"uv": [12, 13, 12.5, 13.5], "texture": "#16"},
				"west": {"uv": [13, 12, 13.5, 12.5], "texture": "#16"},
				"up": {"uv": [13, 13.5, 12.5, 13], "texture": "#16"},
				"down": {"uv": [13.5, 12.5, 13, 13], "texture": "#16"}
			}
		},
		{
			"from": [4.999, 6.449, -1.301],
			"to": [5.801, 7.751, 9.101],
			"faces": {
				"north": {"uv": [11.5, 6.5, 12, 7], "texture": "#16"},
				"east": {"uv": [3, 1, 8, 1.5], "texture": "#16"},
				"south": {"uv": [7, 11.5, 7.5, 12], "texture": "#16"},
				"west": {"uv": [3, 1.5, 8, 2], "texture": "#16"},
				"up": {"uv": [3.5, 7, 3, 2], "texture": "#16"},
				"down": {"uv": [4, 2, 3.5, 7], "texture": "#16"}
			}
		},
		{
			"from": [5.025, 6.75, 0.7],
			"to": [5.825, 7.25, 5.2],
			"faces": {
				"north": {"uv": [0, 14, 0.5, 14.5], "texture": "#16"},
				"east": {"uv": [7, 5, 9.5, 5.5], "texture": "#16"},
				"south": {"uv": [14, 0, 14.5, 0.5], "texture": "#16"},
				"west": {"uv": [7, 5.5, 9.5, 6], "texture": "#16"},
				"up": {"uv": [7.5, 8.5, 7, 6], "texture": "#16"},
				"down": {"uv": [0.5, 7.5, 0, 10], "texture": "#16"}
			}
		},
		{
			"from": [4.95, 6.75, -0.6],
			"to": [5.75, 7.475, 7.6],
			"faces": {
				"north": {"uv": [7, 14, 7.5, 14.5], "texture": "#16"},
				"east": {"uv": [4, 4, 8, 4.5], "texture": "#16"},
				"south": {"uv": [14, 7, 14.5, 7.5], "texture": "#16"},
				"west": {"uv": [4, 4.5, 8, 5], "texture": "#16"},
				"up": {"uv": [4.5, 9, 4, 5], "texture": "#16"},
				"down": {"uv": [5, 5, 4.5, 9], "texture": "#16"}
			}
		},
		{
			"from": [5.525, 7.15, 4.325],
			"to": [5.825, 8.05, 5.225],
			"faces": {
				"north": {"uv": [0.5, 14, 1, 14.5], "texture": "#16"},
				"east": {"uv": [14, 0.5, 14.5, 1], "texture": "#16"},
				"south": {"uv": [1, 14, 1.5, 14.5], "texture": "#16"},
				"west": {"uv": [14, 1, 14.5, 1.5], "texture": "#16"},
				"up": {"uv": [2, 14.5, 1.5, 14], "texture": "#16"},
				"down": {"uv": [14.5, 1.5, 14, 2], "texture": "#16"}
			}
		},
		{
			"from": [5.525, 4.475, 4.25],
			"to": [5.825, 6.425, 4.425],
			"faces": {
				"north": {"uv": [6.5, 10.5, 7, 11.5], "texture": "#16"},
				"east": {"uv": [10.5, 6.5, 11, 7.5], "texture": "#16"},
				"south": {"uv": [8, 10.5, 8.5, 11.5], "texture": "#16"},
				"west": {"uv": [8.5, 10.5, 9, 11.5], "texture": "#16"},
				"up": {"uv": [4.5, 14.5, 4, 14], "texture": "#16"},
				"down": {"uv": [14.5, 4, 14, 4.5], "texture": "#16"}
			}
		},
		{
			"from": [5.025, 4.475, 4.25],
			"to": [5.325, 6.425, 4.425],
			"faces": {
				"north": {"uv": [2, 11, 2.5, 12], "texture": "#16"},
				"east": {"uv": [2.5, 11, 3, 12], "texture": "#16"},
				"south": {"uv": [11, 2.5, 11.5, 3.5], "texture": "#16"},
				"west": {"uv": [3, 11, 3.5, 12], "texture": "#16"},
				"up": {"uv": [6, 14.5, 5.5, 14], "texture": "#16"},
				"down": {"uv": [14.5, 5.5, 14, 6], "texture": "#16"}
			}
		},
		{
			"from": [5.025, 4.5, 3.25],
			"to": [5.325, 6.425, 3.45],
			"faces": {
				"north": {"uv": [9.5, 10.5, 10, 11.5], "texture": "#16"},
				"east": {"uv": [10, 10.5, 10.5, 11.5], "texture": "#16"},
				"south": {"uv": [10.5, 10.5, 11, 11.5], "texture": "#16"},
				"west": {"uv": [0, 11, 0.5, 12], "texture": "#16"},
				"up": {"uv": [5, 14.5, 4.5, 14], "texture": "#16"},
				"down": {"uv": [14.5, 4.5, 14, 5], "texture": "#16"}
			}
		},
		{
			"from": [5.525, 4.5, 3.25],
			"to": [5.825, 6.425, 3.45],
			"faces": {
				"north": {"uv": [11, 0, 11.5, 1], "texture": "#16"},
				"east": {"uv": [1, 11, 1.5, 12], "texture": "#16"},
				"south": {"uv": [11, 1, 11.5, 2], "texture": "#16"},
				"west": {"uv": [1.5, 11, 2, 12], "texture": "#16"},
				"up": {"uv": [5.5, 14.5, 5, 14], "texture": "#16"},
				"down": {"uv": [14.5, 5, 14, 5.5], "texture": "#16"}
			}
		},
		{
			"from": [5.524, 7.424, 0.799],
			"to": [5.826, 7.501, 8.801],
			"faces": {
				"north": {"uv": [3.5, 14, 4, 14.5], "texture": "#16"},
				"east": {"uv": [4, 3, 8, 3.5], "texture": "#16"},
				"south": {"uv": [14, 3.5, 14.5, 4], "texture": "#16"},
				"west": {"uv": [4, 3.5, 8, 4], "texture": "#16"},
				"up": {"uv": [2.5, 8, 2, 4], "texture": "#16"},
				"down": {"uv": [3, 4, 2.5, 8], "texture": "#16"}
			}
		},
		{
			"from": [5.525, 7.15, 0.8],
			"to": [5.825, 8.05, 1.5],
			"faces": {
				"north": {"uv": [2, 14, 2.5, 14.5], "texture": "#16"},
				"east": {"uv": [14, 2, 14.5, 2.5], "texture": "#16"},
				"south": {"uv": [2.5, 14, 3, 14.5], "texture": "#16"},
				"west": {"uv": [14, 2.5, 14.5, 3], "texture": "#16"},
				"up": {"uv": [3.5, 14.5, 3, 14], "texture": "#16"},
				"down": {"uv": [14.5, 3, 14, 3.5], "texture": "#16"}
			}
		},
		{
			"from": [4.998, 7.648, 8.598],
			"to": [5.802, 7.952, 11.002],
			"faces": {
				"north": {"uv": [13.5, 1, 14, 1.5], "texture": "#16"},
				"east": {"uv": [4, 10.5, 5, 11], "texture": "#16"},
				"south": {"uv": [1.5, 13.5, 2, 14], "texture": "#16"},
				"west": {"uv": [10.5, 4.5, 11.5, 5], "texture": "#16"},
				"up": {"uv": [6, 11.5, 5.5, 10.5], "texture": "#16"},
				"down": {"uv": [6.5, 10.5, 6, 11.5], "texture": "#16"}
			}
		},
		{
			"from": [4.998, 6.848, 8.598],
			"to": [5.802, 7.152, 11.002],
			"faces": {
				"north": {"uv": [6, 14, 6.5, 14.5], "texture": "#16"},
				"east": {"uv": [10.5, 5, 11.5, 5.5], "texture": "#16"},
				"south": {"uv": [14, 6, 14.5, 6.5], "texture": "#16"},
				"west": {"uv": [10.5, 7.5, 11.5, 8], "texture": "#16"},
				"up": {"uv": [4, 12, 3.5, 11], "texture": "#16"},
				"down": {"uv": [11.5, 3.5, 11, 4.5], "texture": "#16"}
			}
		},
		{
			"from": [5.1, 6.55, 8.6],
			"to": [5.7, 6.85, 10.325],
			"faces": {
				"north": {"uv": [6.5, 14, 7, 14.5], "texture": "#16"},
				"east": {"uv": [10.5, 9, 11.5, 9.5], "texture": "#16"},
				"south": {"uv": [14, 6.5, 14.5, 7], "texture": "#16"},
				"west": {"uv": [4, 11, 5, 11.5], "texture": "#16"},
				"up": {"uv": [5.5, 12, 5, 11], "texture": "#16"},
				"down": {"uv": [11.5, 5.5, 11, 6.5], "texture": "#16"}
			}
		},
		{
			"from": [5, 7.75, 10.8],
			"to": [5.8, 8.05, 11],
			"faces": {
				"north": {"uv": [13.5, 1.5, 14, 2], "texture": "#16"},
				"east": {"uv": [2, 13.5, 2.5, 14], "texture": "#16"},
				"south": {"uv": [13.5, 2, 14, 2.5], "texture": "#16"},
				"west": {"uv": [2.5, 13.5, 3, 14], "texture": "#16"},
				"up": {"uv": [14, 3, 13.5, 2.5], "texture": "#16"},
				"down": {"uv": [3.5, 13.5, 3, 14], "texture": "#16"}
			}
		},
		{
			"from": [5, 7.75, 8.8],
			"to": [5.8, 8.05, 9],
			"faces": {
				"north": {"uv": [13.5, 3, 14, 3.5], "texture": "#16"},
				"east": {"uv": [3.5, 13.5, 4, 14], "texture": "#16"},
				"south": {"uv": [13.5, 3.5, 14, 4], "texture": "#16"},
				"west": {"uv": [4, 13.5, 4.5, 14], "texture": "#16"},
				"up": {"uv": [14, 4.5, 13.5, 4], "texture": "#16"},
				"down": {"uv": [5, 13.5, 4.5, 14], "texture": "#16"}
			}
		},
		{
			"from": [5, 7.85, 8.5],
			"to": [5.3, 8.15, 8.6],
			"faces": {
				"north": {"uv": [13.5, 4.5, 14, 5], "texture": "#16"},
				"east": {"uv": [5, 13.5, 5.5, 14], "texture": "#16"},
				"south": {"uv": [13.5, 5, 14, 5.5], "texture": "#16"},
				"west": {"uv": [5.5, 13.5, 6, 14], "texture": "#16"},
				"up": {"uv": [14, 6, 13.5, 5.5], "texture": "#16"},
				"down": {"uv": [6.5, 13.5, 6, 14], "texture": "#16"}
			}
		},
		{
			"from": [5.5, 7.85, 8.5],
			"to": [5.8, 8.15, 8.6],
			"faces": {
				"north": {"uv": [13.5, 6, 14, 6.5], "texture": "#16"},
				"east": {"uv": [6.5, 13.5, 7, 14], "texture": "#16"},
				"south": {"uv": [13.5, 6.5, 14, 7], "texture": "#16"},
				"west": {"uv": [7, 13.5, 7.5, 14], "texture": "#16"},
				"up": {"uv": [14, 7.5, 13.5, 7], "texture": "#16"},
				"down": {"uv": [8, 13.5, 7.5, 14], "texture": "#16"}
			}
		},
		{
			"from": [5.3, 7.85, 8.5],
			"to": [5.5, 8.05, 8.6],
			"faces": {
				"north": {"uv": [13.5, 7.5, 14, 8], "texture": "#16"},
				"east": {"uv": [8, 13.5, 8.5, 14], "texture": "#16"},
				"south": {"uv": [13.5, 8, 14, 8.5], "texture": "#16"},
				"west": {"uv": [8.5, 13.5, 9, 14], "texture": "#16"},
				"up": {"uv": [14, 9, 13.5, 8.5], "texture": "#16"},
				"down": {"uv": [9.5, 13.5, 9, 14], "texture": "#16"}
			}
		},
		{
			"from": [8.7, 1.05, 15.1],
			"to": [9.2, 1.55, 28.3],
			"rotation": {"angle": 45, "axis": "z", "origin": [0, 0, 0]},
			"faces": {
				"north": {"uv": [12.5, 12, 13, 12.5], "texture": "#16"},
				"east": {"uv": [0, 0, 6.5, 0.5], "texture": "#16"},
				"south": {"uv": [12.5, 12.5, 13, 13], "texture": "#16"},
				"west": {"uv": [0, 0.5, 6.5, 1], "texture": "#16"},
				"up": {"uv": [0.5, 7.5, 0, 1], "texture": "#16"},
				"down": {"uv": [1, 1, 0.5, 7.5], "texture": "#16"}
			}
		},
		{
			"from": [9.3, 1.65, 18.9],
			"to": [9.5, 1.85, 20.7],
			"rotation": {"angle": 45, "axis": "z", "origin": [0, 0, 0]},
			"faces": {
				"north": {"uv": [0, 13, 0.5, 13.5], "texture": "#16"},
				"east": {"uv": [10, 9.5, 11, 10], "texture": "#16"},
				"south": {"uv": [13, 0, 13.5, 0.5], "texture": "#16"},
				"west": {"uv": [10, 10, 11, 10.5], "texture": "#16"},
				"up": {"uv": [11, 1, 10.5, 0], "texture": "#16"},
				"down": {"uv": [1, 10.5, 0.5, 11.5], "texture": "#16"}
			}
		},
		{
			"from": [5.25, 15, 15.8],
			"to": [5.55, 15.2, 17.6],
			"rotation": {"angle": 22.5, "axis": "x", "origin": [0, 0, 0]},
			"faces": {
				"north": {"uv": [0.5, 13, 1, 13.5], "texture": "#16"},
				"east": {"uv": [1, 10.5, 2, 11], "texture": "#16"},
				"south": {"uv": [13, 0.5, 13.5, 1], "texture": "#16"},
				"west": {"uv": [10.5, 2, 11.5, 2.5], "texture": "#16"},
				"up": {"uv": [11, 3.5, 10.5, 2.5], "texture": "#16"},
				"down": {"uv": [11, 3.5, 10.5, 4.5], "texture": "#16"}
			}
		},
		{
			"from": [5.25, 7.4, 26.4],
			"to": [5.55, 7.9, 26.5],
			"faces": {
				"north": {"uv": [1, 13, 1.5, 13.5], "texture": "#16"},
				"east": {"uv": [13, 1, 13.5, 1.5], "texture": "#16"},
				"south": {"uv": [1.5, 13, 2, 13.5], "texture": "#16"},
				"west": {"uv": [13, 1.5, 13.5, 2], "texture": "#16"},
				"up": {"uv": [2.5, 13.5, 2, 13], "texture": "#16"},
				"down": {"uv": [13.5, 2, 13, 2.5], "texture": "#16"}
			}
		},
		{
			"from": [5.25, 7.4, 26.1],
			"to": [5.55, 7.9, 26.2],
			"faces": {
				"north": {"uv": [2.5, 13, 3, 13.5], "texture": "#16"},
				"east": {"uv": [13, 2.5, 13.5, 3], "texture": "#16"},
				"south": {"uv": [3, 13, 3.5, 13.5], "texture": "#16"},
				"west": {"uv": [13, 3, 13.5, 3.5], "texture": "#16"},
				"up": {"uv": [4, 13.5, 3.5, 13], "texture": "#16"},
				"down": {"uv": [13.5, 3.5, 13, 4], "texture": "#16"}
			}
		},
		{
			"from": [5.25, 7.9, 26.1],
			"to": [5.55, 8, 26.5],
			"faces": {
				"north": {"uv": [4, 13, 4.5, 13.5], "texture": "#16"},
				"east": {"uv": [13, 4, 13.5, 4.5], "texture": "#16"},
				"south": {"uv": [4.5, 13, 5, 13.5], "texture": "#16"},
				"west": {"uv": [13, 4.5, 13.5, 5], "texture": "#16"},
				"up": {"uv": [5.5, 13.5, 5, 13], "texture": "#16"},
				"down": {"uv": [13.5, 5, 13, 5.5], "texture": "#16"}
			}
		},
		{
			"from": [5.45, 8, 26.1],
			"to": [5.55, 8.3, 26.5],
			"faces": {
				"north": {"uv": [5.5, 13, 6, 13.5], "texture": "#16"},
				"east": {"uv": [13, 5.5, 13.5, 6], "texture": "#16"},
				"south": {"uv": [6, 13, 6.5, 13.5], "texture": "#16"},
				"west": {"uv": [13, 6, 13.5, 6.5], "texture": "#16"},
				"up": {"uv": [7, 13.5, 6.5, 13], "texture": "#16"},
				"down": {"uv": [13.5, 6.5, 13, 7], "texture": "#16"}
			}
		},
		{
			"from": [5.25, 8, 26.1],
			"to": [5.35, 8.3, 26.5],
			"faces": {
				"north": {"uv": [7, 13, 7.5, 13.5], "texture": "#16"},
				"east": {"uv": [13, 7, 13.5, 7.5], "texture": "#16"},
				"south": {"uv": [7.5, 13, 8, 13.5], "texture": "#16"},
				"west": {"uv": [13, 7.5, 13.5, 8], "texture": "#16"},
				"up": {"uv": [8.5, 13.5, 8, 13], "texture": "#16"},
				"down": {"uv": [13.5, 8, 13, 8.5], "texture": "#16"}
			}
		},
		{
			"from": [5.25, 8.3, 26.1],
			"to": [5.55, 8.4, 26.5],
			"faces": {
				"north": {"uv": [8.5, 13, 9, 13.5], "texture": "#16"},
				"east": {"uv": [13, 8.5, 13.5, 9], "texture": "#16"},
				"south": {"uv": [9, 13, 9.5, 13.5], "texture": "#16"},
				"west": {"uv": [13, 9, 13.5, 9.5], "texture": "#16"},
				"up": {"uv": [10, 13.5, 9.5, 13], "texture": "#16"},
				"down": {"uv": [13.5, 9.5, 13, 10], "texture": "#16"}
			}
		},
		{
			"from": [8.6, 0.95, 8.6],
			"to": [9.5, 1.85, 19],
			"rotation": {"angle": 45, "axis": "z", "origin": [0, 0, 0]},
			"faces": {
				"north": {"uv": [12.5, 10, 13, 10.5], "texture": "#16"},
				"east": {"uv": [4, 2, 9, 2.5], "texture": "#16"},
				"south": {"uv": [10.5, 12.5, 11, 13], "texture": "#16"},
				"west": {"uv": [4, 2.5, 9, 3], "texture": "#16"},
				"up": {"uv": [1.5, 9, 1, 4], "texture": "#16"},
				"down": {"uv": [2, 4, 1.5, 9], "texture": "#16"}
			}
		},
		{
			"from": [5.2, 7.4, 0.8],
			"to": [5.6, 8.7, 1.5],
			"faces": {
				"north": {"uv": [6, 12, 6.5, 12.5], "texture": "#16"},
				"east": {"uv": [12, 6, 12.5, 6.5], "texture": "#16"},
				"south": {"uv": [6.5, 12, 7, 12.5], "texture": "#16"},
				"west": {"uv": [12, 6.5, 12.5, 7], "texture": "#16"},
				"up": {"uv": [7.5, 12.5, 7, 12], "texture": "#16"},
				"down": {"uv": [12.5, 7, 12, 7.5], "texture": "#16"}
			}
		},
		{
			"from": [-1.8, 9.375, 0.675],
			"to": [-1.2, 9.875, 1.5],
			"rotation": {"angle": -45, "axis": "z", "origin": [0, 0, 0]},
			"faces": {
				"north": {"uv": [13.5, 12, 14, 12.5], "texture": "#16"},
				"east": {"uv": [12.5, 13.5, 13, 14], "texture": "#16"},
				"south": {"uv": [13.5, 12.5, 14, 13], "texture": "#16"},
				"west": {"uv": [13, 13.5, 13.5, 14], "texture": "#16"},
				"up": {"uv": [14, 13.5, 13.5, 13], "texture": "#16"},
				"down": {"uv": [14, 13.5, 13.5, 14], "texture": "#16"}
			}
		},
		{
			"from": [5.1, 7.4, 4.4],
			"to": [5.7, 8.7, 5.1],
			"faces": {
				"north": {"uv": [8, 12, 8.5, 12.5], "texture": "#16"},
				"east": {"uv": [12, 8, 12.5, 8.5], "texture": "#16"},
				"south": {"uv": [8.5, 12, 9, 12.5], "texture": "#16"},
				"west": {"uv": [12, 8.5, 12.5, 9], "texture": "#16"},
				"up": {"uv": [9.5, 12.5, 9, 12], "texture": "#16"},
				"down": {"uv": [12.5, 9, 12, 9.5], "texture": "#16"}
			}
		},
		{
			"from": [5.1, 3.8, 2.6],
			"to": [5.7, 6.5, 4.9],
			"faces": {
				"north": {"uv": [1, 9, 1.5, 10.5], "texture": "#16"},
				"east": {"uv": [5, 6.5, 6, 8], "texture": "#16"},
				"south": {"uv": [1.5, 9, 2, 10.5], "texture": "#16"},
				"west": {"uv": [6, 6.5, 7, 8], "texture": "#16"},
				"up": {"uv": [4, 11, 3.5, 10], "texture": "#16"},
				"down": {"uv": [10.5, 4.5, 10, 5.5], "texture": "#16"}
			}
		},
		{
			"from": [5.1, 5.8, 4.9],
			"to": [5.7, 6.5, 5.1],
			"faces": {
				"north": {"uv": [9.5, 12, 10, 12.5], "texture": "#16"},
				"east": {"uv": [12, 9.5, 12.5, 10], "texture": "#16"},
				"south": {"uv": [10, 12, 10.5, 12.5], "texture": "#16"},
				"west": {"uv": [12, 10, 12.5, 10.5], "texture": "#16"},
				"up": {"uv": [11, 12.5, 10.5, 12], "texture": "#16"},
				"down": {"uv": [12.5, 10.5, 12, 11], "texture": "#16"}
			}
		},
		{
			"from": [5.1, 3.8, 4.9],
			"to": [5.7, 4.4, 5.1],
			"faces": {
				"north": {"uv": [11, 12, 11.5, 12.5], "texture": "#16"},
				"east": {"uv": [12, 11, 12.5, 11.5], "texture": "#16"},
				"south": {"uv": [11.5, 12, 12, 12.5], "texture": "#16"},
				"west": {"uv": [12, 11.5, 12.5, 12], "texture": "#16"},
				"up": {"uv": [12.5, 12.5, 12, 12], "texture": "#16"},
				"down": {"uv": [0.5, 12.5, 0, 13], "texture": "#16"}
			}
		},
		{
			"from": [5.1, 4.5, 2.4],
			"to": [5.7, 5.2, 2.6],
			"faces": {
				"north": {"uv": [12.5, 0, 13, 0.5], "texture": "#16"},
				"east": {"uv": [0.5, 12.5, 1, 13], "texture": "#16"},
				"south": {"uv": [12.5, 0.5, 13, 1], "texture": "#16"},
				"west": {"uv": [1, 12.5, 1.5, 13], "texture": "#16"},
				"up": {"uv": [13, 1.5, 12.5, 1], "texture": "#16"},
				"down": {"uv": [2, 12.5, 1.5, 13], "texture": "#16"}
			}
		},
		{
			"from": [5.1, 5.1, 4.9],
			"to": [5.7, 5.8, 5],
			"faces": {
				"north": {"uv": [12.5, 1.5, 13, 2], "texture": "#16"},
				"east": {"uv": [2, 12.5, 2.5, 13], "texture": "#16"},
				"south": {"uv": [12.5, 2, 13, 2.5], "texture": "#16"},
				"west": {"uv": [2.5, 12.5, 3, 13], "texture": "#16"},
				"up": {"uv": [13, 3, 12.5, 2.5], "texture": "#16"},
				"down": {"uv": [3.5, 12.5, 3, 13], "texture": "#16"}
			}
		},
		{
			"from": [5.1, 4.3, 4.9],
			"to": [5.7, 4.7, 5],
			"faces": {
				"north": {"uv": [12.5, 3, 13, 3.5], "texture": "#16"},
				"east": {"uv": [3.5, 12.5, 4, 13], "texture": "#16"},
				"south": {"uv": [12.5, 3.5, 13, 4], "texture": "#16"},
				"west": {"uv": [4, 12.5, 4.5, 13], "texture": "#16"},
				"up": {"uv": [13, 4.5, 12.5, 4], "texture": "#16"},
				"down": {"uv": [5, 12.5, 4.5, 13], "texture": "#16"}
			}
		},
		{
			"from": [5.1, 5.2, 2.5],
			"to": [5.7, 5.9, 2.6],
			"faces": {
				"north": {"uv": [12.5, 4.5, 13, 5], "texture": "#16"},
				"east": {"uv": [5, 12.5, 5.5, 13], "texture": "#16"},
				"south": {"uv": [12.5, 5, 13, 5.5], "texture": "#16"},
				"west": {"uv": [5.5, 12.5, 6, 13], "texture": "#16"},
				"up": {"uv": [13, 6, 12.5, 5.5], "texture": "#16"},
				"down": {"uv": [6.5, 12.5, 6, 13], "texture": "#16"}
			}
		},
		{
			"from": [5.1, 3.8, 2.5],
			"to": [5.7, 4.5, 2.6],
			"faces": {
				"north": {"uv": [12.5, 6, 13, 6.5], "texture": "#16"},
				"east": {"uv": [6.5, 12.5, 7, 13], "texture": "#16"},
				"south": {"uv": [12.5, 6.5, 13, 7], "texture": "#16"},
				"west": {"uv": [7, 12.5, 7.5, 13], "texture": "#16"},
				"up": {"uv": [13, 7.5, 12.5, 7], "texture": "#16"},
				"down": {"uv": [8, 12.5, 7.5, 13], "texture": "#16"}
			}
		},
		{
			"from": [5.1, 3.7, 2.6],
			"to": [5.7, 3.8, 4.9],
			"faces": {
				"north": {"uv": [12.5, 7.5, 13, 8], "texture": "#16"},
				"east": {"uv": [10, 5.5, 11, 6], "texture": "#16"},
				"south": {"uv": [8, 12.5, 8.5, 13], "texture": "#16"},
				"west": {"uv": [10, 6, 11, 6.5], "texture": "#16"},
				"up": {"uv": [5.5, 11, 5, 10], "texture": "#16"},
				"down": {"uv": [7.5, 10, 7, 11], "texture": "#16"}
			}
		},
		{
			"from": [5.1, 3.6, 2.7],
			"to": [5.7, 3.7, 4.5],
			"faces": {
				"north": {"uv": [12.5, 8, 13, 8.5], "texture": "#16"},
				"east": {"uv": [10, 8, 11, 8.5], "texture": "#16"},
				"south": {"uv": [8.5, 12.5, 9, 13], "texture": "#16"},
				"west": {"uv": [10, 8.5, 11, 9], "texture": "#16"},
				"up": {"uv": [8, 11, 7.5, 10], "texture": "#16"},
				"down": {"uv": [9.5, 10, 9, 11], "texture": "#16"}
			}
		},
		{
			"from": [5.1, 3.5, 2.8],
			"to": [5.7, 3.6, 3.9],
			"faces": {
				"north": {"uv": [12.5, 8.5, 13, 9], "texture": "#16"},
				"east": {"uv": [9, 12.5, 9.5, 13], "texture": "#16"},
				"south": {"uv": [12.5, 9, 13, 9.5], "texture": "#16"},
				"west": {"uv": [9.5, 12.5, 10, 13], "texture": "#16"},
				"up": {"uv": [13, 10, 12.5, 9.5], "texture": "#16"},
				"down": {"uv": [10.5, 12.5, 10, 13], "texture": "#16"}
			}
		},
		{
			"from": [9.5, 1.95, 6.95],
			"to": [10.6, 3.05, 7.65],
			"rotation": {"angle": 45, "axis": "z", "origin": [0, 0, 0]},
			"faces": {
				"north": {"uv": [4.5, 12, 5, 12.5], "texture": "#16"},
				"east": {"uv": [12, 4.5, 12.5, 5], "texture": "#16"},
				"south": {"uv": [5, 12, 5.5, 12.5], "texture": "#16"},
				"west": {"uv": [12, 5, 12.5, 5.5], "texture": "#16"},
				"up": {"uv": [6, 12.5, 5.5, 12], "texture": "#16"},
				"down": {"uv": [12.5, 5.5, 12, 6], "texture": "#16"}
			}
		},
		{
			"from": [9.6, 2.05, 3.85],
			"to": [10.5, 2.95, 7.25],
			"rotation": {"angle": 45, "axis": "z", "origin": [0, 0, 0]},
			"faces": {
				"north": {"uv": [4, 12, 4.5, 12.5], "texture": "#16"},
				"east": {"uv": [8, 7, 9.5, 7.5], "texture": "#16"},
				"south": {"uv": [12, 4, 12.5, 4.5], "texture": "#16"},
				"west": {"uv": [8, 7.5, 9.5, 8], "texture": "#16"},
				"up": {"uv": [7, 9.5, 6.5, 8], "texture": "#16"},
				"down": {"uv": [8.5, 8, 8, 9.5], "texture": "#16"}
			}
		},
		{
			"from": [9.7, 2.15, 0.4],
			"to": [10.4, 2.85, 3.9],
			"rotation": {"angle": 45, "axis": "z", "origin": [0, 0, 0]},
			"faces": {
				"north": {"uv": [0.5, 12, 1, 12.5], "texture": "#16"},
				"east": {"uv": [8, 1, 10, 1.5], "texture": "#16"},
				"south": {"uv": [12, 0.5, 12.5, 1], "texture": "#16"},
				"west": {"uv": [8, 1.5, 10, 2], "texture": "#16"},
				"up": {"uv": [2.5, 10, 2, 8], "texture": "#16"},
				"down": {"uv": [3, 8, 2.5, 10], "texture": "#16"}
			}
		},
		{
			"from": [9.8, 2.25, -0.3],
			"to": [10.3, 2.75, 0.4],
			"rotation": {"angle": 45, "axis": "z", "origin": [0, 0, 0]},
			"faces": {
				"north": {"uv": [2.5, 12, 3, 12.5], "texture": "#16"},
				"east": {"uv": [12, 2.5, 12.5, 3], "texture": "#16"},
				"south": {"uv": [3, 12, 3.5, 12.5], "texture": "#16"},
				"west": {"uv": [12, 3, 12.5, 3.5], "texture": "#16"},
				"up": {"uv": [4, 12.5, 3.5, 12], "texture": "#16"},
				"down": {"uv": [12.5, 3.5, 12, 4], "texture": "#16"}
			}
		},
		{
			"from": [9.6, 2.05, -3.35],
			"to": [10.5, 2.95, -0.25],
			"rotation": {"angle": 45, "axis": "z", "origin": [0, 0, 0]},
			"faces": {
				"north": {"uv": [7.5, 12, 8, 12.5], "texture": "#16"},
				"east": {"uv": [8.5, 3, 10, 3.5], "texture": "#16"},
				"south": {"uv": [12, 7.5, 12.5, 8], "texture": "#16"},
				"west": {"uv": [8.5, 3.5, 10, 4], "texture": "#16"},
				"up": {"uv": [7.5, 10, 7, 8.5], "texture": "#16"},
				"down": {"uv": [9, 8, 8.5, 9.5], "texture": "#16"}
			}
		},
		{
			"from": [9.5, 1.95, -3.65],
			"to": [10.6, 3.05, -3.35],
			"rotation": {"angle": 45, "axis": "z", "origin": [0, 0, 0]},
			"faces": {
				"north": {"uv": [12.5, 10.5, 13, 11], "texture": "#16"},
				"east": {"uv": [11, 12.5, 11.5, 13], "texture": "#16"},
				"south": {"uv": [12.5, 11, 13, 11.5], "texture": "#16"},
				"west": {"uv": [11.5, 12.5, 12, 13], "texture": "#16"},
				"up": {"uv": [13, 12, 12.5, 11.5], "texture": "#16"},
				"down": {"uv": [12.5, 12.5, 12, 13], "texture": "#16"}
			}
		},
		{
			"from": [2.025, 8.875, 4.95],
			"to": [2.625, 9.575, 5.55],
			"rotation": {"angle": 45, "axis": "y", "origin": [0, 0, 0]},
			"faces": {
				"north": {"uv": [13.5, 9, 14, 9.5], "texture": "#16"},
				"east": {"uv": [9.5, 13.5, 10, 14], "texture": "#16"},
				"south": {"uv": [13.5, 9.5, 14, 10], "texture": "#16"},
				"west": {"uv": [10, 13.5, 10.5, 14], "texture": "#16"},
				"up": {"uv": [14, 10.5, 13.5, 10], "texture": "#16"},
				"down": {"uv": [11, 13.5, 10.5, 14], "texture": "#16"}
			}
		},
		{
			"from": [1.925, 9.575, 4.85],
			"to": [2.725, 9.875, 5.65],
			"rotation": {"angle": 45, "axis": "y", "origin": [0, 0, 0]},
			"faces": {
				"north": {"uv": [13.5, 10.5, 14, 11], "texture": "#16"},
				"east": {"uv": [11, 13.5, 11.5, 14], "texture": "#16"},
				"south": {"uv": [13.5, 11, 14, 11.5], "texture": "#16"},
				"west": {"uv": [11.5, 13.5, 12, 14], "texture": "#16"},
				"up": {"uv": [14, 12, 13.5, 11.5], "texture": "#16"},
				"down": {"uv": [12.5, 13.5, 12, 14], "texture": "#16"}
			}
		}
	],
	"display": {
		"thirdperson_righthand": {
			"rotation": [0, 180, 0],
			"translation": [-2.5, 2.25, -7.25]
		},
		"thirdperson_lefthand": {
			"translation": [-2.75, 2.25, 16.5]
		},
		"firstperson_righthand": {
			"rotation": [2, 170, 0],
			"translation": [0.5, 5.75, -4]
		},
		"firstperson_lefthand": {
			"rotation": [108, 180, 0],
			"translation": [0.75, 12, 9]
		},
		"ground": {
			"rotation": [0, 0, -90],
			"translation": [0, -4.5, 0]
		},
		"gui": {
			"rotation": [90, 125, -90],
			"translation": [0, 2, 0],
			"scale": [0.8, 0.8, 0.8]
		},
		"head": {
			"rotation": [-89, 145, 93],
			"translation": [3.5, -11, 2],
			"scale": [1.29, 1.25, 1.31]
		},
		"fixed": {
			"rotation": [179, -87, -180],
			"translation": [-7.25, 0, 3],
			"scale": [2, 2, 2]
		}
	},
	"groups": [
		{
			"name": "stock!",
			"origin": [0, 0, 0],
			"color": 0,
			"children": [0, 1, 2, 3, 4, 5, 6, 7, 8, 9, 10, 11, 12]
		},
		{
			"name": "receiver",
			"origin": [0, 0, 0],
			"color": 0,
			"children": [
				13,
				14,
				15,
				16,
				17,
				18,
				19,
				20,
				21,
				22,
				23,
				24,
				25,
				26,
				27,
				28,
				29,
				30,
				31,
				32,
				33,
				34,
				35,
				36,
				37,
				38,
				39,
				40,
				41,
				42,
				43,
				44,
				45,
				46,
				47,
				48,
				49,
				50,
				51,
				{
					"name": "magazine",
					"origin": [0, 0, 0],
					"color": 0,
					"children": [52, 53, 54, 55, 56, 57, 58, 59, 60, 61, 62]
				},
				{
					"name": "scope!",
					"origin": [0, 0, 0],
					"color": 0,
					"children": [63, 64, 65, 66, 67, 68, 69, 70]
				}
			]
		}
	]
}