{
	"credit": "Made with Blockbench",
	"texture_size": [32, 32],
	"textures": {
		"6": "custom/eviscerator",
		"particle": "custom/eviscerator"
	},
	"elements": [
		{
			"from": [1.935, 1.975, 9.15],
			"to": [1.96, 2.125, 9.65],
			"rotation": {"angle": -22.5, "axis": "x", "origin": [0, 0, 0]},
			"faces": {
				"north": {"uv": [5.5, 5, 6, 5.5], "texture": "#6"},
				"east": {"uv": [6, 4, 6.5, 4.5], "texture": "#6"},
				"south": {"uv": [6.5, 4, 7, 4.5], "texture": "#6"},
				"west": {"uv": [4.5, 6.5, 5, 7], "texture": "#6"},
				"up": {"uv": [7, 5, 6.5, 4.5], "texture": "#6"},
				"down": {"uv": [7, 5, 6.5, 5.5], "texture": "#6"}
			}
		},
		{
			"from": [1.935, 2.225, 9.25],
			"to": [1.96, 2.375, 9.75],
			"rotation": {"angle": -22.5, "axis": "x", "origin": [0, 0, 0]},
			"faces": {
				"north": {"uv": [6.5, 5.5, 7, 6], "texture": "#6"},
				"east": {"uv": [6.5, 6, 7, 6.5], "texture": "#6"},
				"south": {"uv": [6.5, 6.5, 7, 7], "texture": "#6"},
				"west": {"uv": [7, 0, 7.5, 0.5], "texture": "#6"},
				"up": {"uv": [7.5, 1, 7, 0.5], "texture": "#6"},
				"down": {"uv": [7.5, 1, 7, 1.5], "texture": "#6"}
			}
		},
		{
			"from": [1.935, 2.475, 9.35],
			"to": [1.96, 2.625, 9.85],
			"rotation": {"angle": -22.5, "axis": "x", "origin": [0, 0, 0]},
			"faces": {
				"north": {"uv": [7, 1.5, 7.5, 2], "texture": "#6"},
				"east": {"uv": [2, 7, 2.5, 7.5], "texture": "#6"},
				"south": {"uv": [7, 2, 7.5, 2.5], "texture": "#6"},
				"west": {"uv": [2.5, 7, 3, 7.5], "texture": "#6"},
				"up": {"uv": [7.5, 3, 7, 2.5], "texture": "#6"},
				"down": {"uv": [3.5, 7, 3, 7.5], "texture": "#6"}
			}
		},
		{
			"from": [1.935, 2.725, 9.45],
			"to": [1.96, 2.875, 9.95],
			"rotation": {"angle": -22.5, "axis": "x", "origin": [0, 0, 0]},
			"faces": {
				"north": {"uv": [7, 3, 7.5, 3.5], "texture": "#6"},
				"east": {"uv": [7, 3.5, 7.5, 4], "texture": "#6"},
				"south": {"uv": [7, 4, 7.5, 4.5], "texture": "#6"},
				"west": {"uv": [4.5, 7, 5, 7.5], "texture": "#6"},
				"up": {"uv": [7.5, 5, 7, 4.5], "texture": "#6"},
				"down": {"uv": [5.5, 7, 5, 7.5], "texture": "#6"}
			}
		},
		{
			"from": [1.935, 2.975, 9.55],
			"to": [1.96, 3.125, 10.05],
			"rotation": {"angle": -22.5, "axis": "x", "origin": [0, 0, 0]},
			"faces": {
				"north": {"uv": [7, 5, 7.5, 5.5], "texture": "#6"},
				"east": {"uv": [5.5, 7, 6, 7.5], "texture": "#6"},
				"south": {"uv": [7, 5.5, 7.5, 6], "texture": "#6"},
				"west": {"uv": [6, 7, 6.5, 7.5], "texture": "#6"},
				"up": {"uv": [7.5, 6.5, 7, 6], "texture": "#6"},
				"down": {"uv": [7, 7, 6.5, 7.5], "texture": "#6"}
			}
		},
		{
			"from": [1.935, 3.225, 9.675],
			"to": [1.96, 3.375, 10.175],
			"rotation": {"angle": -22.5, "axis": "x", "origin": [0, 0, 0]},
			"faces": {
				"north": {"uv": [7, 6.5, 7.5, 7], "texture": "#6"},
				"east": {"uv": [7, 7, 7.5, 7.5], "texture": "#6"},
				"south": {"uv": [7.5, 0, 8, 0.5], "texture": "#6"},
				"west": {"uv": [0.5, 7.5, 1, 8], "texture": "#6"},
				"up": {"uv": [8, 1, 7.5, 0.5], "texture": "#6"},
				"down": {"uv": [1.5, 7.5, 1, 8], "texture": "#6"}
			}
		},
		{
			"from": [1.935, 3.975, 9.975],
			"to": [1.96, 4.125, 10.475],
			"rotation": {"angle": -22.5, "axis": "x", "origin": [0, 0, 0]},
			"faces": {
				"north": {"uv": [7.5, 1, 8, 1.5], "texture": "#6"},
				"east": {"uv": [1.5, 7.5, 2, 8], "texture": "#6"},
				"south": {"uv": [7.5, 1.5, 8, 2], "texture": "#6"},
				"west": {"uv": [2, 7.5, 2.5, 8], "texture": "#6"},
				"up": {"uv": [8, 2.5, 7.5, 2], "texture": "#6"},
				"down": {"uv": [3, 7.5, 2.5, 8], "texture": "#6"}
			}
		},
		{
			"from": [1.935, 4.225, 10.075],
			"to": [1.96, 4.375, 10.575],
			"rotation": {"angle": -22.5, "axis": "x", "origin": [0, 0, 0]},
			"faces": {
				"north": {"uv": [7.5, 2.5, 8, 3], "texture": "#6"},
				"east": {"uv": [3, 7.5, 3.5, 8], "texture": "#6"},
				"south": {"uv": [7.5, 3, 8, 3.5], "texture": "#6"},
				"west": {"uv": [3.5, 7.5, 4, 8], "texture": "#6"},
				"up": {"uv": [8, 4, 7.5, 3.5], "texture": "#6"},
				"down": {"uv": [4.5, 7.5, 4, 8], "texture": "#6"}
			}
		},
		{
			"from": [1.935, 4.475, 10.175],
			"to": [1.96, 4.625, 10.675],
			"rotation": {"angle": -22.5, "axis": "x", "origin": [0, 0, 0]},
			"faces": {
				"north": {"uv": [7.5, 4, 8, 4.5], "texture": "#6"},
				"east": {"uv": [4.5, 7.5, 5, 8], "texture": "#6"},
				"south": {"uv": [7.5, 4.5, 8, 5], "texture": "#6"},
				"west": {"uv": [5, 7.5, 5.5, 8], "texture": "#6"},
				"up": {"uv": [8, 5.5, 7.5, 5], "texture": "#6"},
				"down": {"uv": [6, 7.5, 5.5, 8], "texture": "#6"}
			}
		},
		{
			"from": [1.935, 4.725, 10.275],
			"to": [1.96, 4.875, 10.775],
			"rotation": {"angle": -22.5, "axis": "x", "origin": [0, 0, 0]},
			"faces": {
				"north": {"uv": [7.5, 5.5, 8, 6], "texture": "#6"},
				"east": {"uv": [6, 7.5, 6.5, 8], "texture": "#6"},
				"south": {"uv": [7.5, 6, 8, 6.5], "texture": "#6"},
				"west": {"uv": [6.5, 7.5, 7, 8], "texture": "#6"},
				"up": {"uv": [8, 7, 7.5, 6.5], "texture": "#6"},
				"down": {"uv": [7.5, 7.5, 7, 8], "texture": "#6"}
			}
		},
		{
			"from": [1.935, 4.975, 10.375],
			"to": [1.96, 5.125, 10.875],
			"rotation": {"angle": -22.5, "axis": "x", "origin": [0, 0, 0]},
			"faces": {
				"north": {"uv": [7.5, 7, 8, 7.5], "texture": "#6"},
				"east": {"uv": [7.5, 7.5, 8, 8], "texture": "#6"},
				"south": {"uv": [8, 0, 8.5, 0.5], "texture": "#6"},
				"west": {"uv": [0.5, 8, 1, 8.5], "texture": "#6"},
				"up": {"uv": [8.5, 1, 8, 0.5], "texture": "#6"},
				"down": {"uv": [1.5, 8, 1, 8.5], "texture": "#6"}
			}
		},
		{
			"from": [1.935, 5.225, 10.5],
			"to": [1.96, 5.375, 11],
			"rotation": {"angle": -22.5, "axis": "x", "origin": [0, 0, 0]},
			"faces": {
				"north": {"uv": [8, 1, 8.5, 1.5], "texture": "#6"},
				"east": {"uv": [1.5, 8, 2, 8.5], "texture": "#6"},
				"south": {"uv": [8, 1.5, 8.5, 2], "texture": "#6"},
				"west": {"uv": [2, 8, 2.5, 8.5], "texture": "#6"},
				"up": {"uv": [8.5, 2.5, 8, 2], "texture": "#6"},
				"down": {"uv": [3, 8, 2.5, 8.5], "texture": "#6"}
			}
		},
		{
			"from": [1.935, 5.475, 10.6],
			"to": [1.96, 5.625, 11.1],
			"rotation": {"angle": -22.5, "axis": "x", "origin": [0, 0, 0]},
			"faces": {
				"north": {"uv": [8, 2.5, 8.5, 3], "texture": "#6"},
				"east": {"uv": [3, 8, 3.5, 8.5], "texture": "#6"},
				"south": {"uv": [8, 3, 8.5, 3.5], "texture": "#6"},
				"west": {"uv": [3.5, 8, 4, 8.5], "texture": "#6"},
				"up": {"uv": [8.5, 4, 8, 3.5], "texture": "#6"},
				"down": {"uv": [4.5, 8, 4, 8.5], "texture": "#6"}
			}
		},
		{
			"from": [1.935, 5.975, 10.8],
			"to": [1.96, 6.125, 11.3],
			"rotation": {"angle": -22.5, "axis": "x", "origin": [0, 0, 0]},
			"faces": {
				"north": {"uv": [8, 4, 8.5, 4.5], "texture": "#6"},
				"east": {"uv": [4.5, 8, 5, 8.5], "texture": "#6"},
				"south": {"uv": [8, 4.5, 8.5, 5], "texture": "#6"},
				"west": {"uv": [5, 8, 5.5, 8.5], "texture": "#6"},
				"up": {"uv": [8.5, 5.5, 8, 5], "texture": "#6"},
				"down": {"uv": [6, 8, 5.5, 8.5], "texture": "#6"}
			}
		},
		{
			"from": [1.935, 6.225, 10.9],
			"to": [1.96, 6.375, 11.4],
			"rotation": {"angle": -22.5, "axis": "x", "origin": [0, 0, 0]},
			"faces": {
				"north": {"uv": [8, 5.5, 8.5, 6], "texture": "#6"},
				"east": {"uv": [6, 8, 6.5, 8.5], "texture": "#6"},
				"south": {"uv": [8, 6, 8.5, 6.5], "texture": "#6"},
				"west": {"uv": [6.5, 8, 7, 8.5], "texture": "#6"},
				"up": {"uv": [8.5, 7, 8, 6.5], "texture": "#6"},
				"down": {"uv": [7.5, 8, 7, 8.5], "texture": "#6"}
			}
		},
		{
			"from": [1.935, 6.475, 11.025],
			"to": [1.96, 6.625, 11.525],
			"rotation": {"angle": -22.5, "axis": "x", "origin": [0, 0, 0]},
			"faces": {
				"north": {"uv": [8, 7, 8.5, 7.5], "texture": "#6"},
				"east": {"uv": [7.5, 8, 8, 8.5], "texture": "#6"},
				"south": {"uv": [8, 7.5, 8.5, 8], "texture": "#6"},
				"west": {"uv": [8, 8, 8.5, 8.5], "texture": "#6"},
				"up": {"uv": [9, 0.5, 8.5, 0], "texture": "#6"},
				"down": {"uv": [1, 8.5, 0.5, 9], "texture": "#6"}
			}
		},
		{
			"from": [1.935, 6.725, 11.125],
			"to": [1.96, 6.875, 11.625],
			"rotation": {"angle": -22.5, "axis": "x", "origin": [0, 0, 0]},
			"faces": {
				"north": {"uv": [8.5, 0.5, 9, 1], "texture": "#6"},
				"east": {"uv": [1, 8.5, 1.5, 9], "texture": "#6"},
				"south": {"uv": [8.5, 1, 9, 1.5], "texture": "#6"},
				"west": {"uv": [1.5, 8.5, 2, 9], "texture": "#6"},
				"up": {"uv": [9, 2, 8.5, 1.5], "texture": "#6"},
				"down": {"uv": [2.5, 8.5, 2, 9], "texture": "#6"}
			}
		},
		{
			"from": [1.935, 6.975, 11.225],
			"to": [1.96, 7.125, 11.725],
			"rotation": {"angle": -22.5, "axis": "x", "origin": [0, 0, 0]},
			"faces": {
				"north": {"uv": [8.5, 2, 9, 2.5], "texture": "#6"},
				"east": {"uv": [2.5, 8.5, 3, 9], "texture": "#6"},
				"south": {"uv": [8.5, 2.5, 9, 3], "texture": "#6"},
				"west": {"uv": [3, 8.5, 3.5, 9], "texture": "#6"},
				"up": {"uv": [9, 3.5, 8.5, 3], "texture": "#6"},
				"down": {"uv": [4, 8.5, 3.5, 9], "texture": "#6"}
			}
		},
		{
			"from": [1.935, 7.225, 11.325],
			"to": [1.96, 7.375, 11.825],
			"rotation": {"angle": -22.5, "axis": "x", "origin": [0, 0, 0]},
			"faces": {
				"north": {"uv": [8.5, 3.5, 9, 4], "texture": "#6"},
				"east": {"uv": [4, 8.5, 4.5, 9], "texture": "#6"},
				"south": {"uv": [8.5, 4, 9, 4.5], "texture": "#6"},
				"west": {"uv": [4.5, 8.5, 5, 9], "texture": "#6"},
				"up": {"uv": [9, 5, 8.5, 4.5], "texture": "#6"},
				"down": {"uv": [5.5, 8.5, 5, 9], "texture": "#6"}
			}
		},
		{
			"from": [1.935, 7.975, 11.625],
			"to": [1.96, 8.125, 12.125],
			"rotation": {"angle": -22.5, "axis": "x", "origin": [0, 0, 0]},
			"faces": {
				"north": {"uv": [8.5, 5, 9, 5.5], "texture": "#6"},
				"east": {"uv": [5.5, 8.5, 6, 9], "texture": "#6"},
				"south": {"uv": [8.5, 5.5, 9, 6], "texture": "#6"},
				"west": {"uv": [6, 8.5, 6.5, 9], "texture": "#6"},
				"up": {"uv": [9, 6.5, 8.5, 6], "texture": "#6"},
				"down": {"uv": [7, 8.5, 6.5, 9], "texture": "#6"}
			}
		},
		{
			"from": [1.935, 8.225, 11.725],
			"to": [1.96, 8.375, 12.225],
			"rotation": {"angle": -22.5, "axis": "x", "origin": [0, 0, 0]},
			"faces": {
				"north": {"uv": [8.5, 6.5, 9, 7], "texture": "#6"},
				"east": {"uv": [7, 8.5, 7.5, 9], "texture": "#6"},
				"south": {"uv": [8.5, 7, 9, 7.5], "texture": "#6"},
				"west": {"uv": [7.5, 8.5, 8, 9], "texture": "#6"},
				"up": {"uv": [9, 8, 8.5, 7.5], "texture": "#6"},
				"down": {"uv": [8.5, 8.5, 8, 9], "texture": "#6"}
			}
		},
		{
			"from": [1.935, 8.475, 11.825],
			"to": [1.96, 8.625, 12.325],
			"rotation": {"angle": -22.5, "axis": "x", "origin": [0, 0, 0]},
			"faces": {
				"north": {"uv": [8.5, 8, 9, 8.5], "texture": "#6"},
				"east": {"uv": [8.5, 8.5, 9, 9], "texture": "#6"},
				"south": {"uv": [9, 0, 9.5, 0.5], "texture": "#6"},
				"west": {"uv": [0.5, 9, 1, 9.5], "texture": "#6"},
				"up": {"uv": [9.5, 1, 9, 0.5], "texture": "#6"},
				"down": {"uv": [1.5, 9, 1, 9.5], "texture": "#6"}
			}
		},
		{
			"from": [1.935, 8.725, 11.95],
			"to": [1.96, 8.875, 12.45],
			"rotation": {"angle": -22.5, "axis": "x", "origin": [0, 0, 0]},
			"faces": {
				"north": {"uv": [9, 1, 9.5, 1.5], "texture": "#6"},
				"east": {"uv": [1.5, 9, 2, 9.5], "texture": "#6"},
				"south": {"uv": [9, 1.5, 9.5, 2], "texture": "#6"},
				"west": {"uv": [2, 9, 2.5, 9.5], "texture": "#6"},
				"up": {"uv": [9.5, 2.5, 9, 2], "texture": "#6"},
				"down": {"uv": [3, 9, 2.5, 9.5], "texture": "#6"}
			}
		},
		{
			"from": [1.935, 8.975, 12.05],
			"to": [1.96, 9.125, 12.55],
			"rotation": {"angle": -22.5, "axis": "x", "origin": [0, 0, 0]},
			"faces": {
				"north": {"uv": [9, 2.5, 9.5, 3], "texture": "#6"},
				"east": {"uv": [3, 9, 3.5, 9.5], "texture": "#6"},
				"south": {"uv": [9, 3, 9.5, 3.5], "texture": "#6"},
				"west": {"uv": [3.5, 9, 4, 9.5], "texture": "#6"},
				"up": {"uv": [9.5, 4, 9, 3.5], "texture": "#6"},
				"down": {"uv": [4.5, 9, 4, 9.5], "texture": "#6"}
			}
		},
		{
			"from": [1.935, 9.225, 12.15],
			"to": [1.96, 9.375, 12.65],
			"rotation": {"angle": -22.5, "axis": "x", "origin": [0, 0, 0]},
			"faces": {
				"north": {"uv": [9, 4, 9.5, 4.5], "texture": "#6"},
				"east": {"uv": [4.5, 9, 5, 9.5], "texture": "#6"},
				"south": {"uv": [9, 4.5, 9.5, 5], "texture": "#6"},
				"west": {"uv": [5, 9, 5.5, 9.5], "texture": "#6"},
				"up": {"uv": [9.5, 5.5, 9, 5], "texture": "#6"},
				"down": {"uv": [6, 9, 5.5, 9.5], "texture": "#6"}
			}
		},
		{
			"from": [1.935, 9.475, 12.25],
			"to": [1.96, 9.625, 12.75],
			"rotation": {"angle": -22.5, "axis": "x", "origin": [0, 0, 0]},
			"faces": {
				"north": {"uv": [9, 5.5, 9.5, 6], "texture": "#6"},
				"east": {"uv": [6, 9, 6.5, 9.5], "texture": "#6"},
				"south": {"uv": [9, 6, 9.5, 6.5], "texture": "#6"},
				"west": {"uv": [6.5, 9, 7, 9.5], "texture": "#6"},
				"up": {"uv": [9.5, 7, 9, 6.5], "texture": "#6"},
				"down": {"uv": [7.5, 9, 7, 9.5], "texture": "#6"}
			}
		},
		{
			"from": [1.935, 9.725, 12.375],
			"to": [1.96, 9.875, 12.875],
			"rotation": {"angle": -22.5, "axis": "x", "origin": [0, 0, 0]},
			"faces": {
				"north": {"uv": [9, 7, 9.5, 7.5], "texture": "#6"},
				"east": {"uv": [7.5, 9, 8, 9.5], "texture": "#6"},
				"south": {"uv": [9, 7.5, 9.5, 8], "texture": "#6"},
				"west": {"uv": [8, 9, 8.5, 9.5], "texture": "#6"},
				"up": {"uv": [9.5, 8.5, 9, 8], "texture": "#6"},
				"down": {"uv": [9, 9, 8.5, 9.5], "texture": "#6"}
			}
		},
		{
			"from": [1.935, 9.975, 12.475],
			"to": [1.96, 10.125, 12.975],
			"rotation": {"angle": -22.5, "axis": "x", "origin": [0, 0, 0]},
			"faces": {
				"north": {"uv": [9, 8.5, 9.5, 9], "texture": "#6"},
				"east": {"uv": [9, 9, 9.5, 9.5], "texture": "#6"},
				"south": {"uv": [9.5, 0, 10, 0.5], "texture": "#6"},
				"west": {"uv": [0.5, 9.5, 1, 10], "texture": "#6"},
				"up": {"uv": [10, 1, 9.5, 0.5], "texture": "#6"},
				"down": {"uv": [1.5, 9.5, 1, 10], "texture": "#6"}
			}
		},
		{
			"from": [1.935, 10.225, 12.575],
			"to": [1.96, 10.375, 13.075],
			"rotation": {"angle": -22.5, "axis": "x", "origin": [0, 0, 0]},
			"faces": {
				"north": {"uv": [9.5, 1, 10, 1.5], "texture": "#6"},
				"east": {"uv": [1.5, 9.5, 2, 10], "texture": "#6"},
				"south": {"uv": [9.5, 1.5, 10, 2], "texture": "#6"},
				"west": {"uv": [2, 9.5, 2.5, 10], "texture": "#6"},
				"up": {"uv": [10, 2.5, 9.5, 2], "texture": "#6"},
				"down": {"uv": [3, 9.5, 2.5, 10], "texture": "#6"}
			}
		},
		{
			"from": [1.935, 10.475, 12.675],
			"to": [1.96, 10.625, 13.175],
			"rotation": {"angle": -22.5, "axis": "x", "origin": [0, 0, 0]},
			"faces": {
				"north": {"uv": [9.5, 2.5, 10, 3], "texture": "#6"},
				"east": {"uv": [3, 9.5, 3.5, 10], "texture": "#6"},
				"south": {"uv": [9.5, 3, 10, 3.5], "texture": "#6"},
				"west": {"uv": [3.5, 9.5, 4, 10], "texture": "#6"},
				"up": {"uv": [10, 4, 9.5, 3.5], "texture": "#6"},
				"down": {"uv": [4.5, 9.5, 4, 10], "texture": "#6"}
			}
		},
		{
			"from": [1.935, 10.725, 12.775],
			"to": [1.96, 10.875, 13.275],
			"rotation": {"angle": -22.5, "axis": "x", "origin": [0, 0, 0]},
			"faces": {
				"north": {"uv": [9.5, 4, 10, 4.5], "texture": "#6"},
				"east": {"uv": [4.5, 9.5, 5, 10], "texture": "#6"},
				"south": {"uv": [9.5, 4.5, 10, 5], "texture": "#6"},
				"west": {"uv": [5, 9.5, 5.5, 10], "texture": "#6"},
				"up": {"uv": [10, 5.5, 9.5, 5], "texture": "#6"},
				"down": {"uv": [6, 9.5, 5.5, 10], "texture": "#6"}
			}
		},
		{
			"from": [1.935, 10.975, 12.875],
			"to": [1.96, 11.125, 13.375],
			"rotation": {"angle": -22.5, "axis": "x", "origin": [0, 0, 0]},
			"faces": {
				"north": {"uv": [9.5, 5.5, 10, 6], "texture": "#6"},
				"east": {"uv": [6, 9.5, 6.5, 10], "texture": "#6"},
				"south": {"uv": [9.5, 6, 10, 6.5], "texture": "#6"},
				"west": {"uv": [6.5, 9.5, 7, 10], "texture": "#6"},
				"up": {"uv": [10, 7, 9.5, 6.5], "texture": "#6"},
				"down": {"uv": [7.5, 9.5, 7, 10], "texture": "#6"}
			}
		},
		{
			"from": [1.935, 11.225, 12.975],
			"to": [1.96, 11.375, 13.475],
			"rotation": {"angle": -22.5, "axis": "x", "origin": [0, 0, 0]},
			"faces": {
				"north": {"uv": [9.5, 7, 10, 7.5], "texture": "#6"},
				"east": {"uv": [7.5, 9.5, 8, 10], "texture": "#6"},
				"south": {"uv": [9.5, 7.5, 10, 8], "texture": "#6"},
				"west": {"uv": [8, 9.5, 8.5, 10], "texture": "#6"},
				"up": {"uv": [10, 8.5, 9.5, 8], "texture": "#6"},
				"down": {"uv": [9, 9.5, 8.5, 10], "texture": "#6"}
			}
		},
		{
			"from": [1.935, 11.475, 13.075],
			"to": [1.96, 11.625, 13.575],
			"rotation": {"angle": -22.5, "axis": "x", "origin": [0, 0, 0]},
			"faces": {
				"north": {"uv": [9.5, 8.5, 10, 9], "texture": "#6"},
				"east": {"uv": [9, 9.5, 9.5, 10], "texture": "#6"},
				"south": {"uv": [9.5, 9, 10, 9.5], "texture": "#6"},
				"west": {"uv": [9.5, 9.5, 10, 10], "texture": "#6"},
				"up": {"uv": [10.5, 0.5, 10, 0], "texture": "#6"},
				"down": {"uv": [1, 10, 0.5, 10.5], "texture": "#6"}
			}
		},
		{
			"from": [1.935, 11.7, 13.175],
			"to": [1.96, 11.85, 13.675],
			"rotation": {"angle": -22.5, "axis": "x", "origin": [0, 0, 0]},
			"faces": {
				"north": {"uv": [10, 0.5, 10.5, 1], "texture": "#6"},
				"east": {"uv": [1, 10, 1.5, 10.5], "texture": "#6"},
				"south": {"uv": [10, 1, 10.5, 1.5], "texture": "#6"},
				"west": {"uv": [1.5, 10, 2, 10.5], "texture": "#6"},
				"up": {"uv": [10.5, 2, 10, 1.5], "texture": "#6"},
				"down": {"uv": [2.5, 10, 2, 10.5], "texture": "#6"}
			}
		},
		{
			"from": [1.935, 17.875, 1],
			"to": [1.96, 18.025, 1.5],
			"rotation": {"angle": 22.5, "axis": "x", "origin": [0, 0, 0]},
			"faces": {
				"north": {"uv": [10, 2, 10.5, 2.5], "texture": "#6"},
				"east": {"uv": [2.5, 10, 3, 10.5], "texture": "#6"},
				"south": {"uv": [10, 2.5, 10.5, 3], "texture": "#6"},
				"west": {"uv": [3, 10, 3.5, 10.5], "texture": "#6"},
				"up": {"uv": [10.5, 3.5, 10, 3], "texture": "#6"},
				"down": {"uv": [4, 10, 3.5, 10.5], "texture": "#6"}
			}
		},
		{
			"from": [1.935, 18.125, 1.1],
			"to": [1.96, 18.275, 1.6],
			"rotation": {"angle": 22.5, "axis": "x", "origin": [0, 0, 0]},
			"faces": {
				"north": {"uv": [10, 3.5, 10.5, 4], "texture": "#6"},
				"east": {"uv": [4, 10, 4.5, 10.5], "texture": "#6"},
				"south": {"uv": [10, 4, 10.5, 4.5], "texture": "#6"},
				"west": {"uv": [4.5, 10, 5, 10.5], "texture": "#6"},
				"up": {"uv": [10.5, 5, 10, 4.5], "texture": "#6"},
				"down": {"uv": [5.5, 10, 5, 10.5], "texture": "#6"}
			}
		},
		{
			"from": [1.935, 18.35, 1.2],
			"to": [1.96, 18.5, 1.7],
			"rotation": {"angle": 22.5, "axis": "x", "origin": [0, 0, 0]},
			"faces": {
				"north": {"uv": [10, 5, 10.5, 5.5], "texture": "#6"},
				"east": {"uv": [5.5, 10, 6, 10.5], "texture": "#6"},
				"south": {"uv": [10, 5.5, 10.5, 6], "texture": "#6"},
				"west": {"uv": [6, 10, 6.5, 10.5], "texture": "#6"},
				"up": {"uv": [10.5, 6.5, 10, 6], "texture": "#6"},
				"down": {"uv": [7, 10, 6.5, 10.5], "texture": "#6"}
			}
		},
		{
			"from": [1.935, 11.7, 14.075],
			"to": [1.96, 12.2, 14.225],
			"rotation": {"angle": -22.5, "axis": "x", "origin": [0, 0, 0]},
			"faces": {
				"north": {"uv": [10, 6.5, 10.5, 7], "texture": "#6"},
				"east": {"uv": [7, 10, 7.5, 10.5], "texture": "#6"},
				"south": {"uv": [10, 7, 10.5, 7.5], "texture": "#6"},
				"west": {"uv": [7.5, 10, 8, 10.5], "texture": "#6"},
				"up": {"uv": [10.5, 8, 10, 7.5], "texture": "#6"},
				"down": {"uv": [8.5, 10, 8, 10.5], "texture": "#6"}
			}
		},
		{
			"from": [1.935, 11.6, 14.3],
			"to": [1.96, 12.1, 14.45],
			"rotation": {"angle": -22.5, "axis": "x", "origin": [0, 0, 0]},
			"faces": {
				"north": {"uv": [10, 8, 10.5, 8.5], "texture": "#6"},
				"east": {"uv": [8.5, 10, 9, 10.5], "texture": "#6"},
				"south": {"uv": [10, 8.5, 10.5, 9], "texture": "#6"},
				"west": {"uv": [9, 10, 9.5, 10.5], "texture": "#6"},
				"up": {"uv": [10.5, 9.5, 10, 9], "texture": "#6"},
				"down": {"uv": [10, 10, 9.5, 10.5], "texture": "#6"}
			}
		},
		{
			"from": [1.935, 7.475, 11.425],
			"to": [1.96, 7.625, 11.925],
			"rotation": {"angle": -22.5, "axis": "x", "origin": [0, 0, 0]},
			"faces": {
				"north": {"uv": [10, 9.5, 10.5, 10], "texture": "#6"},
				"east": {"uv": [10, 10, 10.5, 10.5], "texture": "#6"},
				"south": {"uv": [10.5, 0, 11, 0.5], "texture": "#6"},
				"west": {"uv": [0.5, 10.5, 1, 11], "texture": "#6"},
				"up": {"uv": [11, 1, 10.5, 0.5], "texture": "#6"},
				"down": {"uv": [1.5, 10.5, 1, 11], "texture": "#6"}
			}
		},
		{
			"from": [1.935, 7.725, 11.525],
			"to": [1.96, 7.875, 12.025],
			"rotation": {"angle": -22.5, "axis": "x", "origin": [0, 0, 0]},
			"faces": {
				"north": {"uv": [10.5, 1, 11, 1.5], "texture": "#6"},
				"east": {"uv": [1.5, 10.5, 2, 11], "texture": "#6"},
				"south": {"uv": [10.5, 1.5, 11, 2], "texture": "#6"},
				"west": {"uv": [2, 10.5, 2.5, 11], "texture": "#6"},
				"up": {"uv": [11, 2.5, 10.5, 2], "texture": "#6"},
				"down": {"uv": [3, 10.5, 2.5, 11], "texture": "#6"}
			}
		},
		{
			"from": [1.935, 5.725, 10.7],
			"to": [1.96, 5.875, 11.2],
			"rotation": {"angle": -22.5, "axis": "x", "origin": [0, 0, 0]},
			"faces": {
				"north": {"uv": [10.5, 2.5, 11, 3], "texture": "#6"},
				"east": {"uv": [3, 10.5, 3.5, 11], "texture": "#6"},
				"south": {"uv": [10.5, 3, 11, 3.5], "texture": "#6"},
				"west": {"uv": [3.5, 10.5, 4, 11], "texture": "#6"},
				"up": {"uv": [11, 4, 10.5, 3.5], "texture": "#6"},
				"down": {"uv": [4.5, 10.5, 4, 11], "texture": "#6"}
			}
		},
		{
			"from": [1.935, 3.475, 9.775],
			"to": [1.96, 3.625, 10.275],
			"rotation": {"angle": -22.5, "axis": "x", "origin": [0, 0, 0]},
			"faces": {
				"north": {"uv": [10.5, 4, 11, 4.5], "texture": "#6"},
				"east": {"uv": [4.5, 10.5, 5, 11], "texture": "#6"},
				"south": {"uv": [10.5, 4.5, 11, 5], "texture": "#6"},
				"west": {"uv": [5, 10.5, 5.5, 11], "texture": "#6"},
				"up": {"uv": [11, 5.5, 10.5, 5], "texture": "#6"},
				"down": {"uv": [6, 10.5, 5.5, 11], "texture": "#6"}
			}
		},
		{
			"from": [1.935, 3.725, 9.875],
			"to": [1.96, 3.875, 10.375],
			"rotation": {"angle": -22.5, "axis": "x", "origin": [0, 0, 0]},
			"faces": {
				"north": {"uv": [10.5, 5.5, 11, 6], "texture": "#6"},
				"east": {"uv": [6, 10.5, 6.5, 11], "texture": "#6"},
				"south": {"uv": [10.5, 6, 11, 6.5], "texture": "#6"},
				"west": {"uv": [6.5, 10.5, 7, 11], "texture": "#6"},
				"up": {"uv": [11, 7, 10.5, 6.5], "texture": "#6"},
				"down": {"uv": [7.5, 10.5, 7, 11], "texture": "#6"}
			}
		},
		{
			"from": [-4.9, 0, 7],
			"to": [-4.25, 3.475, 7.65],
			"rotation": {"angle": 45, "axis": "y", "origin": [0, 0, 0]},
			"faces": {
				"north": {"uv": [5.5, 0, 6, 2], "texture": "#6"},
				"east": {"uv": [0.5, 5.5, 1, 7.5], "texture": "#6"},
				"south": {"uv": [1, 5.5, 1.5, 7.5], "texture": "#6"},
				"west": {"uv": [1.5, 5.5, 2, 7.5], "texture": "#6"},
				"up": {"uv": [11, 7.5, 10.5, 7], "texture": "#6"},
				"down": {"uv": [8, 10.5, 7.5, 11], "texture": "#6"}
			}
		},
		{
			"from": [-4.925, -0.025, 6.975],
			"to": [-4.225, 0.775, 7.675],
			"rotation": {"angle": 45, "axis": "y", "origin": [0, 0, 0]},
			"faces": {
				"north": {"uv": [10.5, 7.5, 11, 8], "texture": "#6"},
				"east": {"uv": [8, 10.5, 8.5, 11], "texture": "#6"},
				"south": {"uv": [10.5, 8, 11, 8.5], "texture": "#6"},
				"west": {"uv": [8.5, 10.5, 9, 11], "texture": "#6"},
				"up": {"uv": [11, 9, 10.5, 8.5], "texture": "#6"},
				"down": {"uv": [9.5, 10.5, 9, 11], "texture": "#6"}
			}
		},
		{
			"from": [-4.925, 3.225, 6.975],
			"to": [-4.225, 3.5, 7.675],
			"rotation": {"angle": 45, "axis": "y", "origin": [0, 0, 0]},
			"faces": {
				"north": {"uv": [10.5, 9, 11, 9.5], "texture": "#6"},
				"east": {"uv": [9.5, 10.5, 10, 11], "texture": "#6"},
				"south": {"uv": [10.5, 9.5, 11, 10], "texture": "#6"},
				"west": {"uv": [10, 10.5, 10.5, 11], "texture": "#6"},
				"up": {"uv": [11, 10.5, 10.5, 10], "texture": "#6"},
				"down": {"uv": [11, 10.5, 10.5, 11], "texture": "#6"}
			}
		},
		{
			"from": [1.7, -5.775, 5.825],
			"to": [2.2, -4.275, 6.225],
			"rotation": {"angle": -45, "axis": "x", "origin": [0, 0, 0]},
			"faces": {
				"north": {"uv": [3.5, 5.5, 4, 6.5], "texture": "#6"},
				"east": {"uv": [5.5, 3.5, 6, 4.5], "texture": "#6"},
				"south": {"uv": [4, 5.5, 4.5, 6.5], "texture": "#6"},
				"west": {"uv": [4.5, 5.5, 5, 6.5], "texture": "#6"},
				"up": {"uv": [0.5, 11.5, 0, 11], "texture": "#6"},
				"down": {"uv": [11.5, 0, 11, 0.5], "texture": "#6"}
			}
		},
		{
			"from": [1.7, 0.2, 7.975],
			"to": [2.2, 0.6, 9.475],
			"rotation": {"angle": -22.5, "axis": "x", "origin": [0, 0, 0]},
			"faces": {
				"north": {"uv": [0.5, 11, 1, 11.5], "texture": "#6"},
				"east": {"uv": [5.5, 4.5, 6.5, 5], "texture": "#6"},
				"south": {"uv": [11, 0.5, 11.5, 1], "texture": "#6"},
				"west": {"uv": [5, 5.5, 6, 6], "texture": "#6"},
				"up": {"uv": [6.5, 1, 6, 0], "texture": "#6"},
				"down": {"uv": [6.5, 1, 6, 2], "texture": "#6"}
			}
		},
		{
			"from": [1.575, 3.5, 7.7],
			"to": [2.325, 5.3, 9.05],
			"faces": {
				"north": {"uv": [6, 2, 6.5, 3], "texture": "#6"},
				"east": {"uv": [6, 3, 6.5, 4], "texture": "#6"},
				"south": {"uv": [5, 6, 5.5, 7], "texture": "#6"},
				"west": {"uv": [6, 5, 6.5, 6], "texture": "#6"},
				"up": {"uv": [1.5, 11.5, 1, 11], "texture": "#6"},
				"down": {"uv": [11.5, 1, 11, 1.5], "texture": "#6"}
			}
		},
		{
			"from": [1.825, 4, 7.675],
			"to": [2.075, 5.05, 8.025],
			"faces": {
				"north": {"uv": [1.5, 11, 2, 11.5], "texture": "#6"},
				"east": {"uv": [11, 1.5, 11.5, 2], "texture": "#6"},
				"south": {"uv": [2, 11, 2.5, 11.5], "texture": "#6"},
				"west": {"uv": [11, 2, 11.5, 2.5], "texture": "#6"},
				"up": {"uv": [3, 11.5, 2.5, 11], "texture": "#6"},
				"down": {"uv": [11.5, 2.5, 11, 3], "texture": "#6"}
			}
		},
		{
			"from": [1.675, 5.25, 8.2],
			"to": [2.225, 7.05, 9.05],
			"faces": {
				"north": {"uv": [5.5, 6, 6, 7], "texture": "#6"},
				"east": {"uv": [6, 6, 6.5, 7], "texture": "#6"},
				"south": {"uv": [6.5, 0, 7, 1], "texture": "#6"},
				"west": {"uv": [6.5, 1, 7, 2], "texture": "#6"},
				"up": {"uv": [3.5, 11.5, 3, 11], "texture": "#6"},
				"down": {"uv": [11.5, 3, 11, 3.5], "texture": "#6"}
			}
		},
		{
			"from": [1.625, 5.25, 8.25],
			"to": [2.275, 6.275, 8.975],
			"faces": {
				"north": {"uv": [3.5, 11, 4, 11.5], "texture": "#6"},
				"east": {"uv": [11, 3.5, 11.5, 4], "texture": "#6"},
				"south": {"uv": [4, 11, 4.5, 11.5], "texture": "#6"},
				"west": {"uv": [11, 4, 11.5, 4.5], "texture": "#6"},
				"up": {"uv": [5, 11.5, 4.5, 11], "texture": "#6"},
				"down": {"uv": [11.5, 4.5, 11, 5], "texture": "#6"}
			}
		},
		{
			"from": [1.725, 17.25, -5.525],
			"to": [2.175, 18.3, -5.175],
			"rotation": {"angle": 45, "axis": "x", "origin": [0.05, 0, 0]},
			"faces": {
				"north": {"uv": [5, 11, 5.5, 11.5], "texture": "#6"},
				"east": {"uv": [11, 5, 11.5, 5.5], "texture": "#6"},
				"south": {"uv": [5.5, 11, 6, 11.5], "texture": "#6"},
				"west": {"uv": [11, 5.5, 11.5, 6], "texture": "#6"},
				"up": {"uv": [6.5, 11.5, 6, 11], "texture": "#6"},
				"down": {"uv": [11.5, 6, 11, 6.5], "texture": "#6"}
			}
		},
		{
			"from": [1.726, 14.701, 8.301],
			"to": [2.174, 15.049, 9.274],
			"rotation": {"angle": 0, "axis": "y", "origin": [0.05, 0, 0]},
			"faces": {
				"north": {"uv": [6.5, 11, 7, 11.5], "texture": "#6"},
				"east": {"uv": [11, 6.5, 11.5, 7], "texture": "#6"},
				"south": {"uv": [7, 11, 7.5, 11.5], "texture": "#6"},
				"west": {"uv": [11, 7, 11.5, 7.5], "texture": "#6"},
				"up": {"uv": [8, 11.5, 7.5, 11], "texture": "#6"},
				"down": {"uv": [11.5, 7.5, 11, 8], "texture": "#6"}
			}
		},
		{
			"from": [1.726, 15.751, 8.301],
			"to": [2.174, 16.099, 9.274],
			"rotation": {"angle": 0, "axis": "y", "origin": [0.05, 0, 0]},
			"faces": {
				"north": {"uv": [8, 11, 8.5, 11.5], "texture": "#6"},
				"east": {"uv": [11, 8, 11.5, 8.5], "texture": "#6"},
				"south": {"uv": [8.5, 11, 9, 11.5], "texture": "#6"},
				"west": {"uv": [11, 8.5, 11.5, 9], "texture": "#6"},
				"up": {"uv": [9.5, 11.5, 9, 11], "texture": "#6"},
				"down": {"uv": [11.5, 9, 11, 9.5], "texture": "#6"}
			}
		},
		{
			"from": [1.726, 16.251, 8.801],
			"to": [2.174, 16.599, 9.274],
			"rotation": {"angle": 0, "axis": "y", "origin": [0.05, 0, 0]},
			"faces": {
				"north": {"uv": [9.5, 11, 10, 11.5], "texture": "#6"},
				"east": {"uv": [11, 9.5, 11.5, 10], "texture": "#6"},
				"south": {"uv": [10, 11, 10.5, 11.5], "texture": "#6"},
				"west": {"uv": [11, 10, 11.5, 10.5], "texture": "#6"},
				"up": {"uv": [11, 11.5, 10.5, 11], "texture": "#6"},
				"down": {"uv": [11.5, 10.5, 11, 11], "texture": "#6"}
			}
		},
		{
			"from": [1.726, 15.251, 8.301],
			"to": [2.174, 15.599, 9.274],
			"rotation": {"angle": 0, "axis": "y", "origin": [0.05, 0, 0]},
			"faces": {
				"north": {"uv": [11, 11, 11.5, 11.5], "texture": "#6"},
				"east": {"uv": [0, 11.5, 0.5, 12], "texture": "#6"},
				"south": {"uv": [11.5, 0, 12, 0.5], "texture": "#6"},
				"west": {"uv": [0.5, 11.5, 1, 12], "texture": "#6"},
				"up": {"uv": [12, 1, 11.5, 0.5], "texture": "#6"},
				"down": {"uv": [1.5, 11.5, 1, 12], "texture": "#6"}
			}
		},
		{
			"from": [1.725, 14.7, 8.3],
			"to": [2.175, 16.1, 8.65],
			"faces": {
				"north": {"uv": [11.5, 1, 12, 1.5], "texture": "#6"},
				"east": {"uv": [1.5, 11.5, 2, 12], "texture": "#6"},
				"south": {"uv": [11.5, 1.5, 12, 2], "texture": "#6"},
				"west": {"uv": [2, 11.5, 2.5, 12], "texture": "#6"},
				"up": {"uv": [12, 2.5, 11.5, 2], "texture": "#6"},
				"down": {"uv": [3, 11.5, 2.5, 12], "texture": "#6"}
			}
		},
		{
			"from": [1.899, 5.249, 7.724],
			"to": [2.001, 16.051, 9.026],
			"rotation": {"angle": 0, "axis": "y", "origin": [0, 0, -0.05]},
			"faces": {
				"north": {"uv": [0, 0, 0.5, 5.5], "texture": "#6"},
				"east": {"uv": [0.5, 0, 1, 5.5], "texture": "#6"},
				"south": {"uv": [1, 0, 1.5, 5.5], "texture": "#6"},
				"west": {"uv": [1.5, 0, 2, 5.5], "texture": "#6"},
				"up": {"uv": [12, 3, 11.5, 2.5], "texture": "#6"},
				"down": {"uv": [3.5, 11.5, 3, 12], "texture": "#6"}
			}
		},
		{
			"from": [1.87499, 5.22499, 8.62509],
			"to": [2.02501, 16.32501, 9.02511],
			"rotation": {"angle": 0, "axis": "y", "origin": [0, 0, -0.05]},
			"faces": {
				"north": {"uv": [2, 0, 2.5, 5.5], "texture": "#6"},
				"east": {"uv": [2.5, 0, 3, 5.5], "texture": "#6"},
				"south": {"uv": [3, 0, 3.5, 5.5], "texture": "#6"},
				"west": {"uv": [3.5, 0, 4, 5.5], "texture": "#6"},
				"up": {"uv": [12, 3.5, 11.5, 3], "texture": "#6"},
				"down": {"uv": [4, 11.5, 3.5, 12], "texture": "#6"}
			}
		},
		{
			"from": [1.87499, 5.22499, 7.72499],
			"to": [2.02501, 16.05001, 7.80001],
			"rotation": {"angle": 0, "axis": "y", "origin": [0, 0, -0.05]},
			"faces": {
				"north": {"uv": [4, 0, 4.5, 5.5], "texture": "#6"},
				"east": {"uv": [4.5, 0, 5, 5.5], "texture": "#6"},
				"south": {"uv": [5, 0, 5.5, 5.5], "texture": "#6"},
				"west": {"uv": [0, 5.5, 0.5, 11], "texture": "#6"},
				"up": {"uv": [12, 4, 11.5, 3.5], "texture": "#6"},
				"down": {"uv": [4.5, 11.5, 4, 12], "texture": "#6"}
			}
		},
		{
			"from": [1.8749, 16.8499, -5.9001],
			"to": [2.0251, 17.6751, -5.8249],
			"rotation": {"angle": 45, "axis": "x", "origin": [0, 0, -0.05]},
			"faces": {
				"north": {"uv": [11.5, 4, 12, 4.5], "texture": "#6"},
				"east": {"uv": [4.5, 11.5, 5, 12], "texture": "#6"},
				"south": {"uv": [11.5, 4.5, 12, 5], "texture": "#6"},
				"west": {"uv": [5, 11.5, 5.5, 12], "texture": "#6"},
				"up": {"uv": [12, 5.5, 11.5, 5], "texture": "#6"},
				"down": {"uv": [6, 11.5, 5.5, 12], "texture": "#6"}
			}
		},
		{
			"from": [1.87499, 16.55759, 8.31004],
			"to": [2.02501, 16.63261, 9.13506],
			"rotation": {"angle": 0, "axis": "y", "origin": [0, 0, -0.05]},
			"faces": {
				"north": {"uv": [11.5, 5.5, 12, 6], "texture": "#6"},
				"east": {"uv": [6, 11.5, 6.5, 12], "texture": "#6"},
				"south": {"uv": [11.5, 6, 12, 6.5], "texture": "#6"},
				"west": {"uv": [6.5, 11.5, 7, 12], "texture": "#6"},
				"up": {"uv": [12, 7, 11.5, 6.5], "texture": "#6"},
				"down": {"uv": [7.5, 11.5, 7, 12], "texture": "#6"}
			}
		},
		{
			"from": [1.9, 17.435, -4.4875],
			"to": [2, 18.235, -3.6625],
			"rotation": {"angle": 45, "axis": "x", "origin": [0, 2, -0.05]},
			"faces": {
				"north": {"uv": [11.5, 7, 12, 7.5], "texture": "#6"},
				"east": {"uv": [7.5, 11.5, 8, 12], "texture": "#6"},
				"south": {"uv": [11.5, 7.5, 12, 8], "texture": "#6"},
				"west": {"uv": [8, 11.5, 8.5, 12], "texture": "#6"},
				"up": {"uv": [12, 8.5, 11.5, 8], "texture": "#6"},
				"down": {"uv": [9, 11.5, 8.5, 12], "texture": "#6"}
			}
		},
		{
			"from": [1.9, 16.035, 8.293],
			"to": [2, 16.62, 9.0245],
			"rotation": {"angle": 0, "axis": "y", "origin": [0, 2, -0.05]},
			"faces": {
				"north": {"uv": [11.5, 8.5, 12, 9], "texture": "#6"},
				"east": {"uv": [9, 11.5, 9.5, 12], "texture": "#6"},
				"south": {"uv": [11.5, 9, 12, 9.5], "texture": "#6"},
				"west": {"uv": [9.5, 11.5, 10, 12], "texture": "#6"},
				"up": {"uv": [12, 10, 11.5, 9.5], "texture": "#6"},
				"down": {"uv": [10.5, 11.5, 10, 12], "texture": "#6"}
			}
		},
		{
			"from": [1.55, 3.725, 7.925],
			"to": [2.35, 4.075, 9.075],
			"faces": {
				"north": {"uv": [11.5, 10, 12, 10.5], "texture": "#6"},
				"east": {"uv": [10.5, 11.5, 11, 12], "texture": "#6"},
				"south": {"uv": [11.5, 10.5, 12, 11], "texture": "#6"},
				"west": {"uv": [11, 11.5, 11.5, 12], "texture": "#6"},
				"up": {"uv": [12, 11.5, 11.5, 11], "texture": "#6"},
				"down": {"uv": [12, 11.5, 11.5, 12], "texture": "#6"}
			}
		},
		{
			"from": [1.55, 4.225, 7.925],
			"to": [2.35, 4.575, 9.075],
			"faces": {
				"north": {"uv": [0, 12, 0.5, 12.5], "texture": "#6"},
				"east": {"uv": [12, 0, 12.5, 0.5], "texture": "#6"},
				"south": {"uv": [0.5, 12, 1, 12.5], "texture": "#6"},
				"west": {"uv": [12, 0.5, 12.5, 1], "texture": "#6"},
				"up": {"uv": [1.5, 12.5, 1, 12], "texture": "#6"},
				"down": {"uv": [12.5, 1, 12, 1.5], "texture": "#6"}
			}
		},
		{
			"from": [1.55, 4.725, 7.925],
			"to": [2.35, 5.075, 9.075],
			"faces": {
				"north": {"uv": [1.5, 12, 2, 12.5], "texture": "#6"},
				"east": {"uv": [12, 1.5, 12.5, 2], "texture": "#6"},
				"south": {"uv": [2, 12, 2.5, 12.5], "texture": "#6"},
				"west": {"uv": [12, 2, 12.5, 2.5], "texture": "#6"},
				"up": {"uv": [3, 12.5, 2.5, 12], "texture": "#6"},
				"down": {"uv": [12.5, 2.5, 12, 3], "texture": "#6"}
			}
		},
		{
			"from": [1.7, 1.095, 7.1425],
			"to": [2.2, 3.595, 7.5425],
			"faces": {
				"north": {"uv": [2, 5.5, 2.5, 7], "texture": "#6"},
				"east": {"uv": [5.5, 2, 6, 3.5], "texture": "#6"},
				"south": {"uv": [2.5, 5.5, 3, 7], "texture": "#6"},
				"west": {"uv": [3, 5.5, 3.5, 7], "texture": "#6"},
				"up": {"uv": [3.5, 12.5, 3, 12], "texture": "#6"},
				"down": {"uv": [12.5, 3, 12, 3.5], "texture": "#6"}
			}
		},
		{
			"from": [1.675, 1.32, 7.1175],
			"to": [2.225, 3.27, 7.5675],
			"faces": {
				"north": {"uv": [6.5, 2, 7, 3], "texture": "#6"},
				"east": {"uv": [6.5, 3, 7, 4], "texture": "#6"},
				"south": {"uv": [3.5, 6.5, 4, 7.5], "texture": "#6"},
				"west": {"uv": [4, 6.5, 4.5, 7.5], "texture": "#6"},
				"up": {"uv": [4, 12.5, 3.5, 12], "texture": "#6"},
				"down": {"uv": [12.5, 3.5, 12, 4], "texture": "#6"}
			}
		}
	],
	"display": {
		"thirdperson_righthand": {
			"translation": [11.75, 10, -1],
			"scale": [2, 2, 2]
		},
		"thirdperson_lefthand": {
			"translation": [-11.75, 10, -1],
			"scale": [2, 2, 2]
		},
		"firstperson_righthand": {
			"rotation": [-5, 0, 0],
			"translation": [10.5, 10, -0.25],
			"scale": [2, 2, 2]
		},
		"firstperson_lefthand": {
			"rotation": [-5, 0, 0],
			"translation": [-14, 10, -0.25],
			"scale": [2, 2, 2]
		},
		"ground": {
			"rotation": [0, 0, 90],
			"translation": [0.75, 16.5, -1.5],
			"scale": [3, 3, 3]
		},
		"gui": {
			"rotation": [90, -135, 90],
			"translation": [0.25, -0.25, 0],
			"scale": [2, 2, 2]
		},
		"head": {
			"rotation": [90, 125, 90],
			"translation": [-2, -19.25, 25.25],
			"scale": [3.5, 3.5, 3.5]
		},
		"fixed": {
			"rotation": [90, -135, 90],
			"translation": [0.75, -0.75, 23.5],
			"scale": [4, 4, 4]
		}
	},
	"groups": [
		{
			"name": "eviscerator",
			"origin": [8, 8, 8],
			"color": 0,
			"children": [
				{
					"name": "blade",
					"origin": [8, 8, 8],
					"color": 0,
					"children": [
						{
							"name": "teeth",
							"origin": [8, 8, 8],
							"color": 0,
							"children": [0, 1, 2, 3, 4, 5, 6, 7, 8, 9, 10, 11, 12, 13, 14, 15, 16, 17, 18, 19, 20, 21, 22, 23, 24, 25, 26, 27, 28, 29, 30, 31, 32, 33, 34, 35, 36, 37, 38, 39, 40, 41, 42, 43, 44]
						}
					]
				},
				{
					"name": "hilt",
					"origin": [8, 8, 8],
					"color": 0,
					"children": [45, 46, 47, 48, 49, 50, 51, 52, 53, 54, 55, 56, 57, 58, 59, 60, 61, 62, 63, 64, 65, 66, 67, 68, 69, 70, 71]
				}
			]
		}
	]
}