{
	"credit": "Made with Blockbench",
	"texture_size": [32, 32],
	"textures": {
		"5": "custom/medkit",
		"particle": "custom/medkit"
	},
	"elements": [
		{
			"from": [5, 0, 5.5],
			"to": [12, 0.5, 11],
			"faces": {
				"north": {"uv": [0, 6, 3.5, 6.5], "texture": "#5"},
				"east": {"uv": [0, 7, 3, 7.5], "texture": "#5"},
				"south": {"uv": [3.5, 6, 7, 6.5], "texture": "#5"},
				"west": {"uv": [7, 0, 10, 0.5], "texture": "#5"},
				"up": {"uv": [3.5, 3, 0, 0], "texture": "#5"},
				"down": {"uv": [3.5, 3, 0, 6], "texture": "#5"}
			}
		},
		{
			"from": [5, 1.5, 5.5],
			"to": [12, 2, 11],
			"faces": {
				"north": {"uv": [0, 6.5, 3.5, 7], "texture": "#5"},
				"east": {"uv": [7, 0.5, 10, 1], "texture": "#5"},
				"south": {"uv": [3.5, 6.5, 7, 7], "texture": "#5"},
				"west": {"uv": [7, 1, 10, 1.5], "texture": "#5"},
				"up": {"uv": [7, 3, 3.5, 0], "texture": "#5"},
				"down": {"uv": [7, 3, 3.5, 6], "texture": "#5"}
			}
		},
		{
			"from": [7.9, 1.575, 6.375],
			"to": [9.15, 2.075, 10.125],
			"faces": {
				"north": {"uv": [7, 9, 7.5, 9.5], "texture": "#5"},
				"east": {"uv": [0.5, 8.5, 2.5, 9], "texture": "#5"},
				"south": {"uv": [8.5, 9, 9, 9.5], "texture": "#5"},
				"west": {"uv": [3.5, 8.5, 5.5, 9], "texture": "#5"},
				"up": {"uv": [3, 10.5, 2.5, 8.5], "texture": "#5"},
				"down": {"uv": [6, 8.5, 5.5, 10.5], "texture": "#5"}
			}
		},
		{
			"from": [7.9, -0.075, 6.375],
			"to": [9.15, 0.425, 10.125],
			"faces": {
				"north": {"uv": [7, 9, 7.5, 9.5], "texture": "#5"},
				"east": {"uv": [0.5, 8.5, 2.5, 9], "texture": "#5"},
				"south": {"uv": [8.5, 9, 9, 9.5], "texture": "#5"},
				"west": {"uv": [3.5, 8.5, 5.5, 9], "texture": "#5"},
				"up": {"uv": [3, 10.5, 2.5, 8.5], "texture": "#5"},
				"down": {"uv": [6, 8.5, 5.5, 10.5], "texture": "#5"}
			}
		},
		{
			"from": [6.65, 1.575, 7.675],
			"to": [7.9, 2.075, 8.925],
			"faces": {
				"north": {"uv": [9, 9, 9.5, 9.5], "texture": "#5"},
				"east": {"uv": [0.5, 9.5, 1, 10], "texture": "#5"},
				"south": {"uv": [1, 9.5, 1.5, 10], "texture": "#5"},
				"west": {"uv": [1.5, 9.5, 2, 10], "texture": "#5"},
				"up": {"uv": [2.5, 10, 2, 9.5], "texture": "#5"},
				"down": {"uv": [4, 9.5, 3.5, 10], "texture": "#5"}
			}
		},
		{
			"from": [6.65, -0.075, 7.675],
			"to": [7.9, 0.425, 8.925],
			"faces": {
				"north": {"uv": [9, 9, 9.5, 9.5], "texture": "#5"},
				"east": {"uv": [0.5, 9.5, 1, 10], "texture": "#5"},
				"south": {"uv": [1, 9.5, 1.5, 10], "texture": "#5"},
				"west": {"uv": [1.5, 9.5, 2, 10], "texture": "#5"},
				"up": {"uv": [2.5, 10, 2, 9.5], "texture": "#5"},
				"down": {"uv": [4, 9.5, 3.5, 10], "texture": "#5"}
			}
		},
		{
			"from": [4.75, 0.375, 5.75],
			"to": [5, 1.625, 10.75],
			"faces": {
				"north": {"uv": [4, 9.5, 4.5, 10], "texture": "#5"},
				"east": {"uv": [7.5, 6, 10, 6.5], "texture": "#5"},
				"south": {"uv": [4.5, 9.5, 5, 10], "texture": "#5"},
				"west": {"uv": [7.5, 6.5, 10, 7], "texture": "#5"},
				"up": {"uv": [8, 9.5, 7.5, 7], "texture": "#5"},
				"down": {"uv": [0.5, 8, 0, 10.5], "texture": "#5"}
			}
		},
		{
			"from": [12, 0.375, 5.75],
			"to": [12.25, 1.625, 10.75],
			"faces": {
				"north": {"uv": [5, 9.5, 5.5, 10], "texture": "#5"},
				"east": {"uv": [0.5, 8, 3, 8.5], "texture": "#5"},
				"south": {"uv": [7, 9.5, 7.5, 10], "texture": "#5"},
				"west": {"uv": [3.5, 8, 6, 8.5], "texture": "#5"},
				"up": {"uv": [6.5, 10.5, 6, 8], "texture": "#5"},
				"down": {"uv": [8.5, 7, 8, 9.5], "texture": "#5"}
			}
		},
		{
			"from": [9.15, 1.575, 7.675],
			"to": [10.4, 2.075, 8.925],
			"faces": {
				"north": {"uv": [9.5, 7, 10, 7.5], "texture": "#5"},
				"east": {"uv": [7.5, 9.5, 8, 10], "texture": "#5"},
				"south": {"uv": [9.5, 7.5, 10, 8], "texture": "#5"},
				"west": {"uv": [8, 9.5, 8.5, 10], "texture": "#5"},
				"up": {"uv": [10, 8.5, 9.5, 8], "texture": "#5"},
				"down": {"uv": [9, 9.5, 8.5, 10], "texture": "#5"}
			}
		},
		{
			"from": [9.15, -0.075, 7.675],
			"to": [10.4, 0.425, 8.925],
			"faces": {
				"north": {"uv": [9.5, 7, 10, 7.5], "texture": "#5"},
				"east": {"uv": [7.5, 9.5, 8, 10], "texture": "#5"},
				"south": {"uv": [9.5, 7.5, 10, 8], "texture": "#5"},
				"west": {"uv": [8, 9.5, 8.5, 10], "texture": "#5"},
				"up": {"uv": [10, 8.5, 9.5, 8], "texture": "#5"},
				"down": {"uv": [9, 9.5, 8.5, 10], "texture": "#5"}
			}
		},
		{
			"from": [5, 0.5, 5.5],
			"to": [5.5, 1.5, 11],
			"faces": {
				"north": {"uv": [9.5, 8.5, 10, 9], "texture": "#5"},
				"east": {"uv": [7, 1.5, 10, 2], "texture": "#5"},
				"south": {"uv": [9, 9.5, 9.5, 10], "texture": "#5"},
				"west": {"uv": [7, 2, 10, 2.5], "texture": "#5"},
				"up": {"uv": [7.5, 5.5, 7, 2.5], "texture": "#5"},
				"down": {"uv": [3.5, 7, 3, 10], "texture": "#5"}
			}
		},
		{
			"from": [11.5, 0.5, 5.5],
			"to": [12, 1.5, 11],
			"faces": {
				"north": {"uv": [9.5, 9, 10, 9.5], "texture": "#5"},
				"east": {"uv": [3.5, 7, 6.5, 7.5], "texture": "#5"},
				"south": {"uv": [9.5, 9.5, 10, 10], "texture": "#5"},
				"west": {"uv": [7, 5.5, 10, 6], "texture": "#5"},
				"up": {"uv": [7.5, 9, 7, 6], "texture": "#5"},
				"down": {"uv": [7, 7, 6.5, 10], "texture": "#5"}
			}
		},
		{
			"from": [5.5, 0.5, 5.5],
			"to": [11.5, 1.5, 6],
			"faces": {
				"north": {"uv": [0, 7.5, 3, 8], "texture": "#5"},
				"east": {"uv": [10, 0, 10.5, 0.5], "texture": "#5"},
				"south": {"uv": [7.5, 2.5, 10.5, 3], "texture": "#5"},
				"west": {"uv": [0.5, 10, 1, 10.5], "texture": "#5"},
				"up": {"uv": [10.5, 3.5, 7.5, 3], "texture": "#5"},
				"down": {"uv": [6.5, 7.5, 3.5, 8], "texture": "#5"}
			}
		},
		{
			"from": [5.5, 0.5, 10.5],
			"to": [11.5, 1.5, 11],
			"faces": {
				"north": {"uv": [7.5, 3.5, 10.5, 4], "texture": "#5"},
				"east": {"uv": [10, 0.5, 10.5, 1], "texture": "#5"},
				"south": {"uv": [7.5, 4, 10.5, 4.5], "texture": "#5"},
				"west": {"uv": [1, 10, 1.5, 10.5], "texture": "#5"},
				"up": {"uv": [10.5, 5, 7.5, 4.5], "texture": "#5"},
				"down": {"uv": [10.5, 5, 7.5, 5.5], "texture": "#5"}
			}
		},
		{
			"from": [7.769, 0.624, 11.874],
			"to": [9.196, 1.376, 12.376],
			"faces": {
				"north": {"uv": [10, 1, 10.5, 1.5], "texture": "#5"},
				"east": {"uv": [1.5, 10, 2, 10.5], "texture": "#5"},
				"south": {"uv": [10, 1.5, 10.5, 2], "texture": "#5"},
				"west": {"uv": [2, 10, 2.5, 10.5], "texture": "#5"},
				"up": {"uv": [10.5, 2.5, 10, 2], "texture": "#5"},
				"down": {"uv": [3.5, 10, 3, 10.5], "texture": "#5"}
			}
		},
		{
			"from": [12.25, 0.625, 2.75],
			"to": [14.25, 1.375, 3.25],
			"rotation": {"angle": -45, "axis": "y", "origin": [0, 0, 0]},
			"faces": {
				"north": {"uv": [8.5, 7, 9.5, 7.5], "texture": "#5"},
				"east": {"uv": [3.5, 10, 4, 10.5], "texture": "#5"},
				"south": {"uv": [8.5, 7.5, 9.5, 8], "texture": "#5"},
				"west": {"uv": [4, 10, 4.5, 10.5], "texture": "#5"},
				"up": {"uv": [9.5, 8.5, 8.5, 8], "texture": "#5"},
				"down": {"uv": [9.5, 8.5, 8.5, 9], "texture": "#5"}
			}
		},
		{
			"from": [-2.25, 0.625, 14.75],
			"to": [-0.25, 1.375, 15.25],
			"rotation": {"angle": 45, "axis": "y", "origin": [0, 0, 0]},
			"faces": {
				"north": {"uv": [0.5, 9, 1.5, 9.5], "texture": "#5"},
				"east": {"uv": [4.5, 10, 5, 10.5], "texture": "#5"},
				"south": {"uv": [1.5, 9, 2.5, 9.5], "texture": "#5"},
				"west": {"uv": [5, 10, 5.5, 10.5], "texture": "#5"},
				"up": {"uv": [4.5, 9.5, 3.5, 9], "texture": "#5"},
				"down": {"uv": [5.5, 9, 4.5, 9.5], "texture": "#5"}
			}
		}
	],
	"display": {
		"thirdperson_righthand": {
			"rotation": [0, 0, -90],
			"translation": [7, -1.5, -3.5]
		},
		"thirdperson_lefthand": {
			"rotation": [0, 0, 90],
			"translation": [-7, -1.5, -3.5]
		},
		"firstperson_righthand": {
			"rotation": [0, 25, 0],
			"translation": [0, 9, -0.75]
		},
		"firstperson_lefthand": {
			"rotation": [0, 25, 0],
			"translation": [0, 9, -0.75]
		},
		"ground": {
			"translation": [0, 4.5, 0]
		},
		"gui": {
			"rotation": [-90, 15, 0],
			"translation": [-0.75, -0.25, 0],
			"scale": [1.5, 1.5, 1.5]
		},
		"head": {
			"rotation": [-90, 0, 0],
			"translation": [0, 15, -7.5]
		},
		"fixed": {
			"rotation": [-90, 0, 0],
			"translation": [-1, -1, -16],
			"scale": [2, 2, 2]
		}
	},
	"groups": [
		{
			"name": "medkit",
			"origin": [8, 8, 8],
			"color": 0,
			"children": [0, 1, 2, 3, 4, 5, 6, 7, 8, 9, 10, 11, 12, 13, 14, 15, 16]
		}
	]
}