{
	"credit": "Made with Blockbench",
	"texture_size": [64, 64],
	"textures": {
		"13": "custom/railgun",
		"particle": "custom/railgun"
	},
	"elements": [
		{
			"from": [0, 1.775, 18.85],
			"to": [0.5, 2.775, 19.35],
			"rotation": {"angle": 0, "axis": "y", "origin": [0, 1.775, 11.85]},
			"faces": {
				"north": {"uv": [6, 1.25, 6.25, 1.5], "texture": "#13"},
				"east": {"uv": [3.75, 6, 4, 6.25], "texture": "#13"},
				"south": {"uv": [8, 0.75, 8.25, 1], "texture": "#13"},
				"west": {"uv": [8, 1.25, 8.25, 1.5], "texture": "#13"},
				"up": {"uv": [1.75, 8.25, 1.5, 8], "texture": "#13"},
				"down": {"uv": [8.25, 1.5, 8, 1.75], "texture": "#13"}
			}
		},
		{
			"from": [0, 2.75, 13.25],
			"to": [0.5, 3, 13.5],
			"rotation": {"angle": 0, "axis": "y", "origin": [0, 0, 4]},
			"faces": {
				"north": {"uv": [8, 1.75, 8.25, 2], "texture": "#13"},
				"east": {"uv": [8, 2, 8.25, 2.25], "texture": "#13"},
				"south": {"uv": [2.25, 8, 2.5, 8.25], "texture": "#13"},
				"west": {"uv": [8, 2.25, 8.25, 2.5], "texture": "#13"},
				"up": {"uv": [2.75, 8.25, 2.5, 8], "texture": "#13"},
				"down": {"uv": [8.25, 2.5, 8, 2.75], "texture": "#13"}
			}
		},
		{
			"from": [0, 1.775, 17.85],
			"to": [0.5, 1.825, 18.85],
			"rotation": {"angle": 0, "axis": "y", "origin": [0, 1.775, 7.85]},
			"faces": {
				"north": {"uv": [8, 2.75, 8.25, 3], "texture": "#13"},
				"east": {"uv": [3.25, 8, 3.5, 8.25], "texture": "#13"},
				"south": {"uv": [8, 3.25, 8.25, 3.5], "texture": "#13"},
				"west": {"uv": [8, 3.5, 8.25, 3.75], "texture": "#13"},
				"up": {"uv": [8.25, 4, 8, 3.75], "texture": "#13"},
				"down": {"uv": [4.25, 8, 4, 8.25], "texture": "#13"}
			}
		},
		{
			"from": [0, 5.45, 15.825],
			"to": [0.5, 5.5, 16.325],
			"rotation": {"angle": 22.5, "axis": "x", "origin": [0, -0.225, 7.85]},
			"faces": {
				"north": {"uv": [8, 4, 8.25, 4.25], "texture": "#13"},
				"east": {"uv": [8, 4.25, 8.25, 4.5], "texture": "#13"},
				"south": {"uv": [8, 4.5, 8.25, 4.75], "texture": "#13"},
				"west": {"uv": [4.75, 8, 5, 8.25], "texture": "#13"},
				"up": {"uv": [8.25, 5.25, 8, 5], "texture": "#13"},
				"down": {"uv": [8.25, 5.25, 8, 5.5], "texture": "#13"}
			}
		},
		{
			"from": [0, 8.075, 12.55],
			"to": [0.5, 8.125, 13.05],
			"rotation": {"angle": 45, "axis": "x", "origin": [0, -0.225, 7.85]},
			"faces": {
				"north": {"uv": [8, 5.5, 8.25, 5.75], "texture": "#13"},
				"east": {"uv": [8, 5.75, 8.25, 6], "texture": "#13"},
				"south": {"uv": [8, 6, 8.25, 6.25], "texture": "#13"},
				"west": {"uv": [8, 6.25, 8.25, 6.5], "texture": "#13"},
				"up": {"uv": [6.75, 8.25, 6.5, 8], "texture": "#13"},
				"down": {"uv": [8.25, 6.5, 8, 6.75], "texture": "#13"}
			}
		},
		{
			"from": [0, 2.325, 17.05],
			"to": [0.5, 2.9, 17.1],
			"rotation": {"angle": 0, "axis": "y", "origin": [0, -0.225, 7.85]},
			"faces": {
				"north": {"uv": [6.75, 8, 7, 8.25], "texture": "#13"},
				"east": {"uv": [8, 6.75, 8.25, 7], "texture": "#13"},
				"south": {"uv": [7, 8, 7.25, 8.25], "texture": "#13"},
				"west": {"uv": [8, 7, 8.25, 7.25], "texture": "#13"},
				"up": {"uv": [7.5, 8.25, 7.25, 8], "texture": "#13"},
				"down": {"uv": [8.25, 7.25, 8, 7.5], "texture": "#13"}
			}
		},
		{
			"from": [0, 2.925, 5],
			"to": [0.5, 3.425, 17.5],
			"rotation": {"angle": 0, "axis": "y", "origin": [0, 0, -4]},
			"faces": {
				"north": {"uv": [7.5, 8, 7.75, 8.25], "texture": "#13"},
				"east": {"uv": [0, 2, 3.25, 2.25], "texture": "#13"},
				"south": {"uv": [8, 7.5, 8.25, 7.75], "texture": "#13"},
				"west": {"uv": [0, 2.25, 3.25, 2.5], "texture": "#13"},
				"up": {"uv": [0.25, 5.75, 0, 2.5], "texture": "#13"},
				"down": {"uv": [0.5, 2.5, 0.25, 5.75], "texture": "#13"}
			}
		},
		{
			"from": [0, 4.525, 11.7],
			"to": [0.5, 5.025, 13.15],
			"rotation": {"angle": 0, "axis": "y", "origin": [0, 0, -4.25]},
			"faces": {
				"north": {"uv": [7.75, 8, 8, 8.25], "texture": "#13"},
				"east": {"uv": [8, 7.75, 8.25, 8], "texture": "#13"},
				"south": {"uv": [8, 8, 8.25, 8.25], "texture": "#13"},
				"west": {"uv": [0, 8.25, 0.25, 8.5], "texture": "#13"},
				"up": {"uv": [0.5, 8.5, 0.25, 8.25], "texture": "#13"},
				"down": {"uv": [8.5, 0.25, 8.25, 0.5], "texture": "#13"}
			}
		},
		{
			"from": [0.025, 4.775, 11.725],
			"to": [0.05, 5.275, 13.125],
			"rotation": {"angle": 0, "axis": "y", "origin": [0, 0, -4.25]},
			"faces": {
				"north": {"uv": [7.75, 8, 8, 8.25], "texture": "#13"},
				"east": {"uv": [8, 7.75, 8.25, 8], "texture": "#13"},
				"south": {"uv": [8, 8, 8.25, 8.25], "texture": "#13"},
				"west": {"uv": [0, 8.25, 0.25, 8.5], "texture": "#13"},
				"up": {"uv": [0.5, 8.5, 0.25, 8.25], "texture": "#13"},
				"down": {"uv": [8.5, 0.25, 8.25, 0.5], "texture": "#13"}
			}
		},
		{
			"from": [-0.5, 4.925, 11.75],
			"to": [0.025, 5.225, 11.875],
			"rotation": {"angle": 0, "axis": "y", "origin": [0, 0, -4.25]},
			"faces": {
				"north": {"uv": [7.75, 8, 8, 8.25], "texture": "#13"},
				"east": {"uv": [8, 7.75, 8.25, 8], "texture": "#13"},
				"south": {"uv": [8, 8, 8.25, 8.25], "texture": "#13"},
				"west": {"uv": [0, 8.25, 0.25, 8.5], "texture": "#13"},
				"up": {"uv": [0.5, 8.5, 0.25, 8.25], "texture": "#13"},
				"down": {"uv": [8.5, 0.25, 8.25, 0.5], "texture": "#13"}
			}
		},
		{
			"from": [-0.525, -1.85, 12.55],
			"to": [-0.15, -1.05, 12.65],
			"rotation": {"angle": -22.5, "axis": "x", "origin": [0, 0, -4.25]},
			"faces": {
				"north": {"uv": [7.75, 8, 8, 8.25], "texture": "#13"},
				"east": {"uv": [8, 7.75, 8.25, 8], "texture": "#13"},
				"south": {"uv": [8, 8, 8.25, 8.25], "texture": "#13"},
				"west": {"uv": [0, 8.25, 0.25, 8.5], "texture": "#13"},
				"up": {"uv": [0.5, 8.5, 0.25, 8.25], "texture": "#13"},
				"down": {"uv": [8.5, 0.25, 8.25, 0.5], "texture": "#13"}
			}
		},
		{
			"from": [-0.505, -1.83, 12.595],
			"to": [-0.17, -1.07, 12.655],
			"rotation": {"angle": -22.5, "axis": "x", "origin": [0, 0, -4.25]},
			"faces": {
				"north": {"uv": [8.75, 8.5, 9, 8.75], "texture": "#13"},
				"east": {"uv": [8.75, 8.75, 9, 9], "texture": "#13"},
				"south": {"uv": [0, 9, 0.25, 9.25], "texture": "#13"},
				"west": {"uv": [9, 0, 9.25, 0.25], "texture": "#13"},
				"up": {"uv": [0.5, 9.25, 0.25, 9], "texture": "#13"},
				"down": {"uv": [9.25, 0.25, 9, 0.5], "texture": "#13"}
			}
		},
		{
			"from": [0.45, 4.775, 11.725],
			"to": [0.475, 5.275, 13.125],
			"rotation": {"angle": 0, "axis": "y", "origin": [0, 0, -4.25]},
			"faces": {
				"north": {"uv": [7.75, 8, 8, 8.25], "texture": "#13"},
				"east": {"uv": [8, 7.75, 8.25, 8], "texture": "#13"},
				"south": {"uv": [8, 8, 8.25, 8.25], "texture": "#13"},
				"west": {"uv": [0, 8.25, 0.25, 8.5], "texture": "#13"},
				"up": {"uv": [0.5, 8.5, 0.25, 8.25], "texture": "#13"},
				"down": {"uv": [8.5, 0.25, 8.25, 0.5], "texture": "#13"}
			}
		},
		{
			"from": [0.125, 4.625, 1.5],
			"to": [0.375, 5.125, 1.65],
			"rotation": {"angle": 0, "axis": "y", "origin": [0, 0, -4.25]},
			"faces": {
				"north": {"uv": [0.5, 8.25, 0.75, 8.5], "texture": "#13"},
				"east": {"uv": [8.25, 0.5, 8.5, 0.75], "texture": "#13"},
				"south": {"uv": [8.25, 0.75, 8.5, 1], "texture": "#13"},
				"west": {"uv": [1, 8.25, 1.25, 8.5], "texture": "#13"},
				"up": {"uv": [8.5, 1.25, 8.25, 1], "texture": "#13"},
				"down": {"uv": [1.5, 8.25, 1.25, 8.5], "texture": "#13"}
			}
		},
		{
			"from": [0.1249, 5.0999, 1.4999],
			"to": [0.3751, 5.1251, 1.6501],
			"rotation": {"angle": 0, "axis": "y", "origin": [0, 0, -4.25]},
			"faces": {
				"north": {"uv": [8.75, 5, 9, 5.25], "texture": "#13"},
				"east": {"uv": [5.25, 8.75, 5.5, 9], "texture": "#13"},
				"south": {"uv": [8.75, 5.25, 9, 5.5], "texture": "#13"},
				"west": {"uv": [5.5, 8.75, 5.75, 9], "texture": "#13"},
				"up": {"uv": [9, 5.75, 8.75, 5.5], "texture": "#13"},
				"down": {"uv": [6, 8.75, 5.75, 9], "texture": "#13"}
			}
		},
		{
			"from": [3.75, 3.4, 11.45],
			"to": [4.15, 3.8, 13.4],
			"rotation": {"angle": 45, "axis": "z", "origin": [0, 0, -4.25]},
			"faces": {
				"north": {"uv": [8.25, 1.25, 8.5, 1.5], "texture": "#13"},
				"east": {"uv": [1.5, 8.25, 1.75, 8.5], "texture": "#13"},
				"south": {"uv": [8.25, 1.5, 8.5, 1.75], "texture": "#13"},
				"west": {"uv": [1.75, 8.25, 2, 8.5], "texture": "#13"},
				"up": {"uv": [8.5, 2, 8.25, 1.75], "texture": "#13"},
				"down": {"uv": [2.25, 8.25, 2, 8.5], "texture": "#13"}
			}
		},
		{
			"from": [3.725, 3.375, 11.475],
			"to": [4.175, 3.825, 13.375],
			"rotation": {"angle": 45, "axis": "z", "origin": [0, 0, -4.25]},
			"faces": {
				"north": {"uv": [8.75, 8.25, 9, 8.5], "texture": "#13"},
				"east": {"uv": [8.75, 7.5, 9.25, 7.75], "texture": "#13"},
				"south": {"uv": [8.5, 8.75, 8.75, 9], "texture": "#13"},
				"west": {"uv": [7.75, 8.75, 8.25, 9], "texture": "#13"},
				"up": {"uv": [9, 8.25, 8.75, 7.75], "texture": "#13"},
				"down": {"uv": [8.5, 8.75, 8.25, 9.25], "texture": "#13"}
			}
		},
		{
			"from": [0, -1.075, 6.85],
			"to": [0.5, -0.575, 9.35],
			"rotation": {"angle": -22.5, "axis": "x", "origin": [0, 0, -4]},
			"faces": {
				"north": {"uv": [8.25, 2, 8.5, 2.25], "texture": "#13"},
				"east": {"uv": [7, 0, 7.5, 0.25], "texture": "#13"},
				"south": {"uv": [2.25, 8.25, 2.5, 8.5], "texture": "#13"},
				"west": {"uv": [7, 0.25, 7.5, 0.5], "texture": "#13"},
				"up": {"uv": [0.5, 8, 0.25, 7.5], "texture": "#13"},
				"down": {"uv": [0.75, 7.5, 0.5, 8], "texture": "#13"}
			}
		},
		{
			"from": [-0.15, -1.325, 8.05],
			"to": [0.65, -0.825, 10.05],
			"rotation": {"angle": -22.5, "axis": "x", "origin": [0, 0, -4]},
			"faces": {
				"north": {"uv": [8.25, 2.25, 8.5, 2.5], "texture": "#13"},
				"east": {"uv": [7, 2, 7.5, 2.25], "texture": "#13"},
				"south": {"uv": [2.5, 8.25, 2.75, 8.5], "texture": "#13"},
				"west": {"uv": [7.25, 4.25, 7.75, 4.5], "texture": "#13"},
				"up": {"uv": [1, 8, 0.75, 7.5], "texture": "#13"},
				"down": {"uv": [7.75, 0.75, 7.5, 1.25], "texture": "#13"}
			}
		},
		{
			"from": [-0.15, -2.075, 9.825],
			"to": [0.65, -1.575, 11.825],
			"rotation": {"angle": -22.5, "axis": "x", "origin": [0, 0, -4]},
			"faces": {
				"north": {"uv": [8.25, 2.5, 8.5, 2.75], "texture": "#13"},
				"east": {"uv": [1, 7.5, 1.5, 7.75], "texture": "#13"},
				"south": {"uv": [2.75, 8.25, 3, 8.5], "texture": "#13"},
				"west": {"uv": [7.5, 1.25, 8, 1.5], "texture": "#13"},
				"up": {"uv": [1.75, 8, 1.5, 7.5], "texture": "#13"},
				"down": {"uv": [7.75, 1.5, 7.5, 2], "texture": "#13"}
			}
		},
		{
			"from": [-0.15, -2.8, 11.675],
			"to": [0.65, -2.3, 13.675],
			"rotation": {"angle": -22.5, "axis": "x", "origin": [0, 0, -4]},
			"faces": {
				"north": {"uv": [8.25, 2.75, 8.5, 3], "texture": "#13"},
				"east": {"uv": [1.75, 7.5, 2.25, 7.75], "texture": "#13"},
				"south": {"uv": [3, 8.25, 3.25, 8.5], "texture": "#13"},
				"west": {"uv": [7.5, 2, 8, 2.25], "texture": "#13"},
				"up": {"uv": [2.5, 8, 2.25, 7.5], "texture": "#13"},
				"down": {"uv": [2.75, 7.5, 2.5, 8], "texture": "#13"}
			}
		},
		{
			"from": [0, -1.825, 8.6],
			"to": [0.5, -1.325, 11.1],
			"rotation": {"angle": -22.5, "axis": "x", "origin": [0, 0, -4]},
			"faces": {
				"north": {"uv": [8.25, 3, 8.5, 3.25], "texture": "#13"},
				"east": {"uv": [7.5, 2.25, 8, 2.5], "texture": "#13"},
				"south": {"uv": [3.25, 8.25, 3.5, 8.5], "texture": "#13"},
				"west": {"uv": [2.75, 7.5, 3.25, 7.75], "texture": "#13"},
				"up": {"uv": [7.75, 3.25, 7.5, 2.75], "texture": "#13"},
				"down": {"uv": [3.5, 7.5, 3.25, 8], "texture": "#13"}
			}
		},
		{
			"from": [0, -2.575, 10.35],
			"to": [0.5, -2.075, 12.85],
			"rotation": {"angle": -22.5, "axis": "x", "origin": [0, 0, -4]},
			"faces": {
				"north": {"uv": [8.25, 3.25, 8.5, 3.5], "texture": "#13"},
				"east": {"uv": [7.5, 3.25, 8, 3.5], "texture": "#13"},
				"south": {"uv": [3.5, 8.25, 3.75, 8.5], "texture": "#13"},
				"west": {"uv": [3.5, 7.5, 4, 7.75], "texture": "#13"},
				"up": {"uv": [7.75, 4, 7.5, 3.5], "texture": "#13"},
				"down": {"uv": [4.25, 7.5, 4, 8], "texture": "#13"}
			}
		},
		{
			"from": [0, -3.25, 12.075],
			"to": [0.5, -2.75, 14.575],
			"rotation": {"angle": -22.5, "axis": "x", "origin": [0, 0, -4]},
			"faces": {
				"north": {"uv": [8.25, 3.5, 8.5, 3.75], "texture": "#13"},
				"east": {"uv": [7.5, 4, 8, 4.25], "texture": "#13"},
				"south": {"uv": [3.75, 8.25, 4, 8.5], "texture": "#13"},
				"west": {"uv": [4.25, 7.5, 4.75, 7.75], "texture": "#13"},
				"up": {"uv": [7.75, 5, 7.5, 4.5], "texture": "#13"},
				"down": {"uv": [5, 7.5, 4.75, 8], "texture": "#13"}
			}
		},
		{
			"from": [0, 2.925, 3],
			"to": [0.5, 3.425, 5],
			"rotation": {"angle": 0, "axis": "y", "origin": [0, 0, -4]},
			"faces": {
				"north": {"uv": [8.25, 3.75, 8.5, 4], "texture": "#13"},
				"east": {"uv": [5, 7.5, 5.5, 7.75], "texture": "#13"},
				"south": {"uv": [4, 8.25, 4.25, 8.5], "texture": "#13"},
				"west": {"uv": [7.5, 5, 8, 5.25], "texture": "#13"},
				"up": {"uv": [7.75, 5.75, 7.5, 5.25], "texture": "#13"},
				"down": {"uv": [7.75, 5.75, 7.5, 6.25], "texture": "#13"}
			}
		},
		{
			"from": [-0.125, 3.15, 2.25],
			"to": [0.625, 3.425, 14.5],
			"rotation": {"angle": 0, "axis": "y", "origin": [0, 0, -4]},
			"faces": {
				"north": {"uv": [8.25, 4, 8.5, 4.25], "texture": "#13"},
				"east": {"uv": [2.25, 0, 5.25, 0.25], "texture": "#13"},
				"south": {"uv": [4.25, 8.25, 4.5, 8.5], "texture": "#13"},
				"west": {"uv": [2.25, 0.25, 5.25, 0.5], "texture": "#13"},
				"up": {"uv": [0.75, 5.5, 0.5, 2.5], "texture": "#13"},
				"down": {"uv": [1, 2.5, 0.75, 5.5], "texture": "#13"}
			}
		},
		{
			"from": [-0.375, 3.15, 13.25],
			"to": [0.875, 4.675, 19.5],
			"rotation": {"angle": 0, "axis": "y", "origin": [0, 0, -2]},
			"faces": {
				"north": {"uv": [7.5, 6.25, 7.75, 6.75], "texture": "#13"},
				"east": {"uv": [2.25, 0.5, 3.75, 1], "texture": "#13"},
				"south": {"uv": [6.75, 7.5, 7, 8], "texture": "#13"},
				"west": {"uv": [2.25, 1, 3.75, 1.5], "texture": "#13"},
				"up": {"uv": [5.75, 5.5, 5.5, 4], "texture": "#13"},
				"down": {"uv": [5.75, 5.5, 5.5, 7], "texture": "#13"}
			}
		},
		{
			"from": [1.375, 1.025, 12.85],
			"to": [2.625, 2.275, 16.35],
			"rotation": {"angle": 45, "axis": "z", "origin": [0, 0, -2]},
			"faces": {
				"north": {"uv": [8.25, 4.25, 8.5, 4.5], "texture": "#13"},
				"east": {"uv": [5.5, 3.5, 6.25, 3.75], "texture": "#13"},
				"south": {"uv": [4.5, 8.25, 4.75, 8.5], "texture": "#13"},
				"west": {"uv": [6.5, 2.75, 7.25, 3], "texture": "#13"},
				"up": {"uv": [4, 7.5, 3.75, 6.75], "texture": "#13"},
				"down": {"uv": [4.25, 6.75, 4, 7.5], "texture": "#13"}
			}
		},
		{
			"from": [0.625, 0.275, 12.85],
			"to": [1.875, 1.525, 16.35],
			"rotation": {"angle": 45, "axis": "z", "origin": [0, 0, -2]},
			"faces": {
				"north": {"uv": [8.25, 4.5, 8.5, 4.75], "texture": "#13"},
				"east": {"uv": [6.75, 0.75, 7.5, 1], "texture": "#13"},
				"south": {"uv": [4.75, 8.25, 5, 8.5], "texture": "#13"},
				"west": {"uv": [6.75, 1, 7.5, 1.25], "texture": "#13"},
				"up": {"uv": [4.5, 7.5, 4.25, 6.75], "texture": "#13"},
				"down": {"uv": [4.75, 6.75, 4.5, 7.5], "texture": "#13"}
			}
		},
		{
			"from": [-0.625, 0.6, 12.85],
			"to": [1.125, 1.325, 16.35],
			"rotation": {"angle": 0, "axis": "y", "origin": [0, 0, -2]},
			"faces": {
				"north": {"uv": [7.5, 6.75, 8, 7], "texture": "#13"},
				"east": {"uv": [6.75, 4.75, 7.5, 5], "texture": "#13"},
				"south": {"uv": [7, 7.5, 7.5, 7.75], "texture": "#13"},
				"west": {"uv": [6.75, 5, 7.5, 5.25], "texture": "#13"},
				"up": {"uv": [0.5, 6.5, 0, 5.75], "texture": "#13"},
				"down": {"uv": [6.25, 4, 5.75, 4.75], "texture": "#13"}
			}
		},
		{
			"from": [0.875, 0.525, 12.85],
			"to": [2.125, 1.775, 16.35],
			"rotation": {"angle": 45, "axis": "z", "origin": [0, 0, -2]},
			"faces": {
				"north": {"uv": [8.25, 4.75, 8.5, 5], "texture": "#13"},
				"east": {"uv": [6.75, 5.25, 7.5, 5.5], "texture": "#13"},
				"south": {"uv": [5, 8.25, 5.25, 8.5], "texture": "#13"},
				"west": {"uv": [6.75, 5.5, 7.5, 5.75], "texture": "#13"},
				"up": {"uv": [5, 7.5, 4.75, 6.75], "texture": "#13"},
				"down": {"uv": [5.25, 6.75, 5, 7.5], "texture": "#13"}
			}
		},
		{
			"from": [1.125, 0.775, 12.85],
			"to": [2.375, 2.025, 16.35],
			"rotation": {"angle": 45, "axis": "z", "origin": [0, 0, -2]},
			"faces": {
				"north": {"uv": [8.25, 5, 8.5, 5.25], "texture": "#13"},
				"east": {"uv": [5.75, 6.75, 6.5, 7], "texture": "#13"},
				"south": {"uv": [5.25, 8.25, 5.5, 8.5], "texture": "#13"},
				"west": {"uv": [6.75, 5.75, 7.5, 6], "texture": "#13"},
				"up": {"uv": [7, 6.75, 6.75, 6], "texture": "#13"},
				"down": {"uv": [7, 6.75, 6.75, 7.5], "texture": "#13"}
			}
		},
		{
			"from": [-0.125, 2.525, 3.75],
			"to": [0.625, 3.05, 12.25],
			"rotation": {"angle": 0, "axis": "y", "origin": [0, 0, -4]},
			"faces": {
				"north": {"uv": [8.25, 5.25, 8.5, 5.5], "texture": "#13"},
				"east": {"uv": [3.75, 0.75, 6, 1], "texture": "#13"},
				"south": {"uv": [5.5, 8.25, 5.75, 8.5], "texture": "#13"},
				"west": {"uv": [3.75, 1, 6, 1.25], "texture": "#13"},
				"up": {"uv": [3.75, 6, 3.5, 3.75], "texture": "#13"},
				"down": {"uv": [4, 3.75, 3.75, 6], "texture": "#13"}
			}
		},
		{
			"from": [-0.1, 2.275, 3.8],
			"to": [0.6, 2.8, 12.2],
			"rotation": {"angle": 0, "axis": "y", "origin": [0, 0, -4]},
			"faces": {
				"north": {"uv": [8.25, 5.5, 8.5, 5.75], "texture": "#13"},
				"east": {"uv": [4.5, 2.5, 6.5, 2.75], "texture": "#13"},
				"south": {"uv": [5.75, 8.25, 6, 8.5], "texture": "#13"},
				"west": {"uv": [4.5, 2.75, 6.5, 3], "texture": "#13"},
				"up": {"uv": [0.75, 7.5, 0.5, 5.5], "texture": "#13"},
				"down": {"uv": [1, 5.5, 0.75, 7.5], "texture": "#13"}
			}
		},
		{
			"from": [-0.025, 2.025, 3.9],
			"to": [0.525, 2.55, 12.1],
			"rotation": {"angle": 0, "axis": "y", "origin": [0, 0, -4]},
			"faces": {
				"north": {"uv": [8.25, 5.75, 8.5, 6], "texture": "#13"},
				"east": {"uv": [5, 3, 7, 3.25], "texture": "#13"},
				"south": {"uv": [6, 8.25, 6.25, 8.5], "texture": "#13"},
				"west": {"uv": [5, 3.25, 7, 3.5], "texture": "#13"},
				"up": {"uv": [1.25, 7.5, 1, 5.5], "texture": "#13"},
				"down": {"uv": [1.5, 5.5, 1.25, 7.5], "texture": "#13"}
			}
		},
		{
			"from": [-0.25, 3, 18.25],
			"to": [0.75, 4.525, 22.5],
			"rotation": {"angle": 0, "axis": "y", "origin": [0, 0, -2]},
			"faces": {
				"north": {"uv": [7.5, 7, 7.75, 7.5], "texture": "#13"},
				"east": {"uv": [5.25, 0, 6.25, 0.5], "texture": "#13"},
				"south": {"uv": [7.5, 7.5, 7.75, 8], "texture": "#13"},
				"west": {"uv": [5.25, 1.5, 6.25, 2], "texture": "#13"},
				"up": {"uv": [0.5, 7.5, 0.25, 6.5], "texture": "#13"},
				"down": {"uv": [2.25, 6.5, 2, 7.5], "texture": "#13"}
			}
		},
		{
			"from": [-0.25, 3.275, 21.5],
			"to": [0.75, 4.05, 26.75],
			"rotation": {"angle": 0, "axis": "y", "origin": [0, 0.25, -1.5]},
			"faces": {
				"north": {"uv": [8.25, 6, 8.5, 6.25], "texture": "#13"},
				"east": {"uv": [6.25, 0.5, 7.5, 0.75], "texture": "#13"},
				"south": {"uv": [6.25, 8.25, 6.5, 8.5], "texture": "#13"},
				"west": {"uv": [6.25, 2.25, 7.5, 2.5], "texture": "#13"},
				"up": {"uv": [3.25, 7.5, 3, 6.25], "texture": "#13"},
				"down": {"uv": [3.5, 6.25, 3.25, 7.5], "texture": "#13"}
			}
		},
		{
			"from": [-0.125, 3.65, 21.675],
			"to": [0.625, 4.175, 26.675],
			"rotation": {"angle": 0, "axis": "y", "origin": [0, 0.25, -1.5]},
			"faces": {
				"north": {"uv": [8.25, 6.25, 8.5, 6.5], "texture": "#13"},
				"east": {"uv": [6.25, 4.5, 7.5, 4.75], "texture": "#13"},
				"south": {"uv": [6.5, 8.25, 6.75, 8.5], "texture": "#13"},
				"west": {"uv": [6.5, 2.5, 7.75, 2.75], "texture": "#13"},
				"up": {"uv": [5.5, 7.5, 5.25, 6.25], "texture": "#13"},
				"down": {"uv": [0.25, 6.5, 0, 7.75], "texture": "#13"}
			}
		},
		{
			"from": [-0.125, 4.2, 13.475],
			"to": [0.625, 4.725, 22.05],
			"rotation": {"angle": 0, "axis": "y", "origin": [0, 0.25, -1.5]},
			"faces": {
				"north": {"uv": [8.25, 6.5, 8.5, 6.75], "texture": "#13"},
				"east": {"uv": [3.75, 1.25, 6, 1.5], "texture": "#13"},
				"south": {"uv": [6.75, 8.25, 7, 8.5], "texture": "#13"},
				"west": {"uv": [4, 3.75, 6.25, 4], "texture": "#13"},
				"up": {"uv": [4.25, 6.25, 4, 4], "texture": "#13"},
				"down": {"uv": [4.5, 4, 4.25, 6.25], "texture": "#13"}
			}
		},
		{
			"from": [-0.25, 10.5, 19.2],
			"to": [0.75, 12.025, 20.2],
			"rotation": {"angle": 22.5, "axis": "x", "origin": [0, 0, 2]},
			"faces": {
				"north": {"uv": [0, 7.75, 0.25, 8.25], "texture": "#13"},
				"east": {"uv": [7.75, 0, 8, 0.5], "texture": "#13"},
				"south": {"uv": [7.75, 0.5, 8, 1], "texture": "#13"},
				"west": {"uv": [1, 7.75, 1.25, 8.25], "texture": "#13"},
				"up": {"uv": [8.5, 7, 8.25, 6.75], "texture": "#13"},
				"down": {"uv": [7.25, 8.25, 7, 8.5], "texture": "#13"}
			}
		},
		{
			"from": [-0.25, -6.5, 18.2],
			"to": [0.75, -2.975, 19.45],
			"rotation": {"angle": -22.5, "axis": "x", "origin": [0, 0, 2]},
			"faces": {
				"north": {"uv": [2.25, 6.5, 2.5, 7.5], "texture": "#13"},
				"east": {"uv": [2.5, 6.5, 2.75, 7.5], "texture": "#13"},
				"south": {"uv": [2.75, 6.5, 3, 7.5], "texture": "#13"},
				"west": {"uv": [6.5, 6.25, 6.75, 7.25], "texture": "#13"},
				"up": {"uv": [8.5, 7.25, 8.25, 7], "texture": "#13"},
				"down": {"uv": [7.5, 8.25, 7.25, 8.5], "texture": "#13"}
			}
		},
		{
			"from": [-0.275, -6.15, 18.325],
			"to": [0.775, -3.35, 19.325],
			"rotation": {"angle": -22.5, "axis": "x", "origin": [0, 0, 2]},
			"faces": {
				"north": {"uv": [8.75, 5.75, 9, 6.5], "texture": "#13"},
				"east": {"uv": [6, 8.75, 6.25, 9.5], "texture": "#13"},
				"south": {"uv": [6.25, 8.75, 6.5, 9.5], "texture": "#13"},
				"west": {"uv": [6.5, 8.75, 6.75, 9.5], "texture": "#13"},
				"up": {"uv": [9, 6.75, 8.75, 6.5], "texture": "#13"},
				"down": {"uv": [7, 8.75, 6.75, 9], "texture": "#13"}
			}
		},
		{
			"from": [-0.25, -8.175, 24.7],
			"to": [0.75, -5.15, 25.45],
			"rotation": {"angle": -22.5, "axis": "x", "origin": [0, 0.25, 2.5]},
			"faces": {
				"north": {"uv": [7, 1.25, 7.25, 2], "texture": "#13"},
				"east": {"uv": [7, 3, 7.25, 3.75], "texture": "#13"},
				"south": {"uv": [7, 3.75, 7.25, 4.5], "texture": "#13"},
				"west": {"uv": [5.5, 7, 5.75, 7.75], "texture": "#13"},
				"up": {"uv": [8.5, 7.5, 8.25, 7.25], "texture": "#13"},
				"down": {"uv": [7.75, 8.25, 7.5, 8.5], "texture": "#13"}
			}
		},
		{
			"from": [-0.25, 0.975, 26.225],
			"to": [0.75, 3.275, 27.075],
			"rotation": {"angle": 0, "axis": "y", "origin": [0, 0.25, 2.5]},
			"faces": {
				"north": {"uv": [1.25, 7.75, 1.5, 8.25], "texture": "#13"},
				"east": {"uv": [7.75, 1.5, 8, 2], "texture": "#13"},
				"south": {"uv": [1.75, 7.75, 2, 8.25], "texture": "#13"},
				"west": {"uv": [2, 7.75, 2.25, 8.25], "texture": "#13"},
				"up": {"uv": [8.5, 7.75, 8.25, 7.5], "texture": "#13"},
				"down": {"uv": [8, 8.25, 7.75, 8.5], "texture": "#13"}
			}
		},
		{
			"from": [-0.25, -6.375, 25.35],
			"to": [0.75, -5.525, 26.375],
			"rotation": {"angle": -22.5, "axis": "x", "origin": [0, 0.25, 2.5]},
			"faces": {
				"north": {"uv": [8.25, 7.75, 8.5, 8], "texture": "#13"},
				"east": {"uv": [8, 8.25, 8.25, 8.5], "texture": "#13"},
				"south": {"uv": [8.25, 8, 8.5, 8.25], "texture": "#13"},
				"west": {"uv": [8.25, 8.25, 8.5, 8.5], "texture": "#13"},
				"up": {"uv": [0.25, 8.75, 0, 8.5], "texture": "#13"},
				"down": {"uv": [8.75, 0, 8.5, 0.25], "texture": "#13"}
			}
		},
		{
			"from": [-0.25, 12.475, 14.2],
			"to": [0.75, 18.075, 15.45],
			"rotation": {"angle": 45, "axis": "x", "origin": [0, 0, 2]},
			"faces": {
				"north": {"uv": [5.75, 4.75, 6, 6.25], "texture": "#13"},
				"east": {"uv": [1.5, 6, 1.75, 7.5], "texture": "#13"},
				"south": {"uv": [1.75, 6, 2, 7.5], "texture": "#13"},
				"west": {"uv": [3.5, 6, 3.75, 7.5], "texture": "#13"},
				"up": {"uv": [0.5, 8.75, 0.25, 8.5], "texture": "#13"},
				"down": {"uv": [8.75, 0.25, 8.5, 0.5], "texture": "#13"}
			}
		},
		{
			"from": [-1.615, 3.145, 13.25],
			"to": [-0.365, 4.67, 16],
			"rotation": {"angle": -22.5, "axis": "z", "origin": [0, 0, 2]},
			"faces": {
				"north": {"uv": [7.75, 2.5, 8, 3], "texture": "#13"},
				"east": {"uv": [6, 0.75, 6.75, 1.25], "texture": "#13"},
				"south": {"uv": [2.75, 7.75, 3, 8.25], "texture": "#13"},
				"west": {"uv": [6, 4.75, 6.75, 5.25], "texture": "#13"},
				"up": {"uv": [6, 7.75, 5.75, 7], "texture": "#13"},
				"down": {"uv": [6.25, 7, 6, 7.75], "texture": "#13"}
			}
		},
		{
			"from": [-0.565, 3.645, 13.75],
			"to": [-0.315, 4.17, 21.5],
			"rotation": {"angle": -22.5, "axis": "z", "origin": [0, 0, 2]},
			"faces": {
				"north": {"uv": [3, 7.75, 3.25, 8.25], "texture": "#13"},
				"east": {"uv": [0, 0, 2.25, 0.5], "texture": "#13"},
				"south": {"uv": [3.5, 7.75, 3.75, 8.25], "texture": "#13"},
				"west": {"uv": [0, 0.5, 2.25, 1], "texture": "#13"},
				"up": {"uv": [4.75, 6.25, 4.5, 4], "texture": "#13"},
				"down": {"uv": [5, 4, 4.75, 6.25], "texture": "#13"}
			}
		},
		{
			"from": [-1.615, 3.145, 16.25],
			"to": [-0.365, 4.67, 19],
			"rotation": {"angle": -22.5, "axis": "z", "origin": [0, 0, 2]},
			"faces": {
				"north": {"uv": [7.75, 3.5, 8, 4], "texture": "#13"},
				"east": {"uv": [6, 5.25, 6.75, 5.75], "texture": "#13"},
				"south": {"uv": [3.75, 7.75, 4, 8.25], "texture": "#13"},
				"west": {"uv": [6, 5.75, 6.75, 6.25], "texture": "#13"},
				"up": {"uv": [7.25, 6.75, 7, 6], "texture": "#13"},
				"down": {"uv": [6.5, 7, 6.25, 7.75], "texture": "#13"}
			}
		},
		{
			"from": [-1.615, 3.145, 19.25],
			"to": [-0.365, 4.67, 22],
			"rotation": {"angle": -22.5, "axis": "z", "origin": [0, 0, 2]},
			"faces": {
				"north": {"uv": [4.25, 7.75, 4.5, 8.25], "texture": "#13"},
				"east": {"uv": [6.25, 0, 7, 0.5], "texture": "#13"},
				"south": {"uv": [7.75, 4.25, 8, 4.75], "texture": "#13"},
				"west": {"uv": [6.25, 1.25, 7, 1.75], "texture": "#13"},
				"up": {"uv": [7.25, 7.5, 7, 6.75], "texture": "#13"},
				"down": {"uv": [7.5, 1.25, 7.25, 2], "texture": "#13"}
			}
		},
		{
			"from": [0.825, 2.95, 13.25],
			"to": [2.075, 4.475, 16],
			"rotation": {"angle": 22.5, "axis": "z", "origin": [0, 0, 2]},
			"faces": {
				"north": {"uv": [4.5, 7.75, 4.75, 8.25], "texture": "#13"},
				"east": {"uv": [6.25, 1.75, 7, 2.25], "texture": "#13"},
				"south": {"uv": [5, 7.75, 5.25, 8.25], "texture": "#13"},
				"west": {"uv": [6.25, 3.5, 7, 4], "texture": "#13"},
				"up": {"uv": [7.5, 3.5, 7.25, 2.75], "texture": "#13"},
				"down": {"uv": [7.5, 3.5, 7.25, 4.25], "texture": "#13"}
			}
		},
		{
			"from": [0.775, 3.45, 13.75],
			"to": [1.025, 3.975, 21.5],
			"rotation": {"angle": 22.5, "axis": "z", "origin": [0, 0, 2]},
			"faces": {
				"north": {"uv": [5.25, 7.75, 5.5, 8.25], "texture": "#13"},
				"east": {"uv": [0, 1, 2.25, 1.5], "texture": "#13"},
				"south": {"uv": [7.75, 5.25, 8, 5.75], "texture": "#13"},
				"west": {"uv": [0, 1.5, 2.25, 2], "texture": "#13"},
				"up": {"uv": [5.25, 6.25, 5, 4], "texture": "#13"},
				"down": {"uv": [5.5, 4, 5.25, 6.25], "texture": "#13"}
			}
		},
		{
			"from": [0.825, 2.95, 16.25],
			"to": [2.075, 4.475, 19],
			"rotation": {"angle": 22.5, "axis": "z", "origin": [0, 0, 2]},
			"faces": {
				"north": {"uv": [5.5, 7.75, 5.75, 8.25], "texture": "#13"},
				"east": {"uv": [3.75, 6.25, 4.5, 6.75], "texture": "#13"},
				"south": {"uv": [5.75, 7.75, 6, 8.25], "texture": "#13"},
				"west": {"uv": [6.25, 4, 7, 4.5], "texture": "#13"},
				"up": {"uv": [7.5, 6.75, 7.25, 6], "texture": "#13"},
				"down": {"uv": [6.75, 7.25, 6.5, 8], "texture": "#13"}
			}
		},
		{
			"from": [0.825, 2.95, 19.25],
			"to": [2.075, 4.475, 22],
			"rotation": {"angle": 22.5, "axis": "z", "origin": [0, 0, 2]},
			"faces": {
				"north": {"uv": [7.75, 5.75, 8, 6.25], "texture": "#13"},
				"east": {"uv": [4.5, 6.25, 5.25, 6.75], "texture": "#13"},
				"south": {"uv": [6, 7.75, 6.25, 8.25], "texture": "#13"},
				"west": {"uv": [5.75, 6.25, 6.5, 6.75], "texture": "#13"},
				"up": {"uv": [7.5, 7.5, 7.25, 6.75], "texture": "#13"},
				"down": {"uv": [7.75, 0, 7.5, 0.75], "texture": "#13"}
			}
		},
		{
			"from": [-0.125, 4.325, 2.25],
			"to": [0.625, 4.6, 14.5],
			"rotation": {"angle": 0, "axis": "y", "origin": [0, 0, -4]},
			"faces": {
				"north": {"uv": [0.5, 8.5, 0.75, 8.75], "texture": "#13"},
				"east": {"uv": [2.25, 1.5, 5.25, 1.75], "texture": "#13"},
				"south": {"uv": [8.5, 0.5, 8.75, 0.75], "texture": "#13"},
				"west": {"uv": [2.25, 1.75, 5.25, 2], "texture": "#13"},
				"up": {"uv": [1.25, 5.5, 1, 2.5], "texture": "#13"},
				"down": {"uv": [1.5, 2.5, 1.25, 5.5], "texture": "#13"}
			}
		},
		{
			"from": [3.175, 2.825, 1.025],
			"to": [3.675, 3.325, 13.275],
			"rotation": {"angle": 45, "axis": "z", "origin": [0, 0, -4]},
			"faces": {
				"north": {"uv": [0.75, 8.5, 1, 8.75], "texture": "#13"},
				"east": {"uv": [1.5, 2.5, 4.5, 2.75], "texture": "#13"},
				"south": {"uv": [8.5, 0.75, 8.75, 1], "texture": "#13"},
				"west": {"uv": [1.5, 2.75, 4.5, 3], "texture": "#13"},
				"up": {"uv": [1.75, 6, 1.5, 3], "texture": "#13"},
				"down": {"uv": [2, 3, 1.75, 6], "texture": "#13"}
			}
		},
		{
			"from": [2.175, 1.825, 1.775],
			"to": [2.675, 2.325, 14.025],
			"rotation": {"angle": 45, "axis": "z", "origin": [0, 0, -4]},
			"faces": {
				"north": {"uv": [1, 8.5, 1.25, 8.75], "texture": "#13"},
				"east": {"uv": [2, 3, 5, 3.25], "texture": "#13"},
				"south": {"uv": [8.5, 1, 8.75, 1.25], "texture": "#13"},
				"west": {"uv": [2, 3.25, 5, 3.5], "texture": "#13"},
				"up": {"uv": [2.25, 6.5, 2, 3.5], "texture": "#13"},
				"down": {"uv": [2.5, 3.5, 2.25, 6.5], "texture": "#13"}
			}
		},
		{
			"from": [1.3, 2.6, 9.9],
			"to": [1.7, 3, 12.15],
			"rotation": {"angle": 45, "axis": "z", "origin": [0.125, 0.525, -2.375]},
			"faces": {
				"north": {"uv": [1.25, 8.5, 1.5, 8.75], "texture": "#13"},
				"east": {"uv": [7.75, 1, 8.25, 1.25], "texture": "#13"},
				"south": {"uv": [8.5, 1.25, 8.75, 1.5], "texture": "#13"},
				"west": {"uv": [7.75, 3, 8.25, 3.25], "texture": "#13"},
				"up": {"uv": [6.5, 8.25, 6.25, 7.75], "texture": "#13"},
				"down": {"uv": [8, 6.25, 7.75, 6.75], "texture": "#13"}
			}
		},
		{
			"from": [1.35, 2.65, 9.85],
			"to": [1.65, 2.95, 10.1],
			"rotation": {"angle": 45, "axis": "z", "origin": [0.125, 0.525, -2.375]},
			"faces": {
				"north": {"uv": [8.75, 6.75, 9, 7], "texture": "#13"},
				"east": {"uv": [7, 8.75, 7.25, 9], "texture": "#13"},
				"south": {"uv": [8.75, 7, 9, 7.25], "texture": "#13"},
				"west": {"uv": [7.25, 8.75, 7.5, 9], "texture": "#13"},
				"up": {"uv": [9, 7.5, 8.75, 7.25], "texture": "#13"},
				"down": {"uv": [7.75, 8.75, 7.5, 9], "texture": "#13"}
			}
		},
		{
			"from": [-0.325, 3.065, 9.9],
			"to": [0.075, 3.14, 12.15],
			"rotation": {"angle": 0, "axis": "y", "origin": [0.125, 0.525, -2.375]},
			"faces": {
				"north": {"uv": [1.5, 8.5, 1.75, 8.75], "texture": "#13"},
				"east": {"uv": [7.75, 4.75, 8.25, 5], "texture": "#13"},
				"south": {"uv": [8.5, 1.5, 8.75, 1.75], "texture": "#13"},
				"west": {"uv": [7, 7.75, 7.5, 8], "texture": "#13"},
				"up": {"uv": [8, 7.5, 7.75, 7], "texture": "#13"},
				"down": {"uv": [8, 7.5, 7.75, 8], "texture": "#13"}
			}
		},
		{
			"from": [-0.075, 3.35, 2.5],
			"to": [0.575, 3.625, 14.5],
			"rotation": {"angle": 0, "axis": "y", "origin": [0, 0, -4]},
			"faces": {
				"north": {"uv": [1.75, 8.5, 2, 8.75], "texture": "#13"},
				"east": {"uv": [3.25, 2, 6.25, 2.25], "texture": "#13"},
				"south": {"uv": [8.5, 1.75, 8.75, 2], "texture": "#13"},
				"west": {"uv": [3.25, 2.25, 6.25, 2.5], "texture": "#13"},
				"up": {"uv": [2.75, 6.5, 2.5, 3.5], "texture": "#13"},
				"down": {"uv": [3, 3.5, 2.75, 6.5], "texture": "#13"}
			}
		},
		{
			"from": [-0.075, 4.15, 2.5],
			"to": [0.575, 4.425, 12.5],
			"rotation": {"angle": 0, "axis": "y", "origin": [0, 0, -4]},
			"faces": {
				"north": {"uv": [2, 8.5, 2.25, 8.75], "texture": "#13"},
				"east": {"uv": [3, 3.5, 5.5, 3.75], "texture": "#13"},
				"south": {"uv": [8.5, 2, 8.75, 2.25], "texture": "#13"},
				"west": {"uv": [3.75, 0.5, 6.25, 0.75], "texture": "#13"},
				"up": {"uv": [3.25, 6.25, 3, 3.75], "texture": "#13"},
				"down": {"uv": [3.5, 3.75, 3.25, 6.25], "texture": "#13"}
			}
		},
		{
			"from": [-0.175, 3.4, 4.25],
			"to": [0.675, 3.675, 4.75],
			"rotation": {"angle": 0, "axis": "y", "origin": [0, 0, -4]},
			"faces": {
				"north": {"uv": [2.25, 8.5, 2.5, 8.75], "texture": "#13"},
				"east": {"uv": [8.5, 2.25, 8.75, 2.5], "texture": "#13"},
				"south": {"uv": [2.5, 8.5, 2.75, 8.75], "texture": "#13"},
				"west": {"uv": [8.5, 2.5, 8.75, 2.75], "texture": "#13"},
				"up": {"uv": [3, 8.75, 2.75, 8.5], "texture": "#13"},
				"down": {"uv": [8.75, 2.75, 8.5, 3], "texture": "#13"}
			}
		},
		{
			"from": [-0.175, 4.1, 4.25],
			"to": [0.675, 4.375, 4.75],
			"rotation": {"angle": 0, "axis": "y", "origin": [0, 0, -4]},
			"faces": {
				"north": {"uv": [3, 8.5, 3.25, 8.75], "texture": "#13"},
				"east": {"uv": [8.5, 3, 8.75, 3.25], "texture": "#13"},
				"south": {"uv": [3.25, 8.5, 3.5, 8.75], "texture": "#13"},
				"west": {"uv": [8.5, 3.25, 8.75, 3.5], "texture": "#13"},
				"up": {"uv": [3.75, 8.75, 3.5, 8.5], "texture": "#13"},
				"down": {"uv": [8.75, 3.5, 8.5, 3.75], "texture": "#13"}
			}
		},
		{
			"from": [-0.175, 3.4, 5],
			"to": [0.675, 3.675, 5.5],
			"rotation": {"angle": 0, "axis": "y", "origin": [0, 0, -4]},
			"faces": {
				"north": {"uv": [3.75, 8.5, 4, 8.75], "texture": "#13"},
				"east": {"uv": [8.5, 3.75, 8.75, 4], "texture": "#13"},
				"south": {"uv": [4, 8.5, 4.25, 8.75], "texture": "#13"},
				"west": {"uv": [8.5, 4, 8.75, 4.25], "texture": "#13"},
				"up": {"uv": [4.5, 8.75, 4.25, 8.5], "texture": "#13"},
				"down": {"uv": [8.75, 4.25, 8.5, 4.5], "texture": "#13"}
			}
		},
		{
			"from": [-0.175, 3.4, 5.75],
			"to": [0.675, 3.675, 6.25],
			"rotation": {"angle": 0, "axis": "y", "origin": [0, 0, -4]},
			"faces": {
				"north": {"uv": [4.5, 8.5, 4.75, 8.75], "texture": "#13"},
				"east": {"uv": [8.5, 4.5, 8.75, 4.75], "texture": "#13"},
				"south": {"uv": [4.75, 8.5, 5, 8.75], "texture": "#13"},
				"west": {"uv": [8.5, 4.75, 8.75, 5], "texture": "#13"},
				"up": {"uv": [5.25, 8.75, 5, 8.5], "texture": "#13"},
				"down": {"uv": [8.75, 5, 8.5, 5.25], "texture": "#13"}
			}
		},
		{
			"from": [-0.175, 4.1, 5],
			"to": [0.675, 4.375, 5.5],
			"rotation": {"angle": 0, "axis": "y", "origin": [0, 0, -4]},
			"faces": {
				"north": {"uv": [5.25, 8.5, 5.5, 8.75], "texture": "#13"},
				"east": {"uv": [8.5, 5.25, 8.75, 5.5], "texture": "#13"},
				"south": {"uv": [5.5, 8.5, 5.75, 8.75], "texture": "#13"},
				"west": {"uv": [8.5, 5.5, 8.75, 5.75], "texture": "#13"},
				"up": {"uv": [6, 8.75, 5.75, 8.5], "texture": "#13"},
				"down": {"uv": [8.75, 5.75, 8.5, 6], "texture": "#13"}
			}
		},
		{
			"from": [-0.175, 4.1, 5.75],
			"to": [0.675, 4.375, 6.25],
			"rotation": {"angle": 0, "axis": "y", "origin": [0, 0, -4]},
			"faces": {
				"north": {"uv": [6, 8.5, 6.25, 8.75], "texture": "#13"},
				"east": {"uv": [8.5, 6, 8.75, 6.25], "texture": "#13"},
				"south": {"uv": [6.25, 8.5, 6.5, 8.75], "texture": "#13"},
				"west": {"uv": [8.5, 6.25, 8.75, 6.5], "texture": "#13"},
				"up": {"uv": [6.75, 8.75, 6.5, 8.5], "texture": "#13"},
				"down": {"uv": [8.75, 6.5, 8.5, 6.75], "texture": "#13"}
			}
		},
		{
			"from": [-0.175, 3.4, 3.5],
			"to": [0.675, 3.675, 4],
			"rotation": {"angle": 0, "axis": "y", "origin": [0, 0, -4]},
			"faces": {
				"north": {"uv": [6.75, 8.5, 7, 8.75], "texture": "#13"},
				"east": {"uv": [8.5, 6.75, 8.75, 7], "texture": "#13"},
				"south": {"uv": [7, 8.5, 7.25, 8.75], "texture": "#13"},
				"west": {"uv": [8.5, 7, 8.75, 7.25], "texture": "#13"},
				"up": {"uv": [7.5, 8.75, 7.25, 8.5], "texture": "#13"},
				"down": {"uv": [8.75, 7.25, 8.5, 7.5], "texture": "#13"}
			}
		},
		{
			"from": [-0.175, 4.1, 3.5],
			"to": [0.675, 4.375, 4],
			"rotation": {"angle": 0, "axis": "y", "origin": [0, 0, -4]},
			"faces": {
				"north": {"uv": [7.5, 8.5, 7.75, 8.75], "texture": "#13"},
				"east": {"uv": [8.5, 7.5, 8.75, 7.75], "texture": "#13"},
				"south": {"uv": [7.75, 8.5, 8, 8.75], "texture": "#13"},
				"west": {"uv": [8.5, 7.75, 8.75, 8], "texture": "#13"},
				"up": {"uv": [8.25, 8.75, 8, 8.5], "texture": "#13"},
				"down": {"uv": [8.75, 8, 8.5, 8.25], "texture": "#13"}
			}
		},
		{
			"from": [-0.175, 3.4, 2.75],
			"to": [0.675, 3.675, 3.25],
			"rotation": {"angle": 0, "axis": "y", "origin": [0, 0, -4]},
			"faces": {
				"north": {"uv": [8.25, 8.5, 8.5, 8.75], "texture": "#13"},
				"east": {"uv": [8.5, 8.25, 8.75, 8.5], "texture": "#13"},
				"south": {"uv": [8.5, 8.5, 8.75, 8.75], "texture": "#13"},
				"west": {"uv": [0, 8.75, 0.25, 9], "texture": "#13"},
				"up": {"uv": [9, 0.25, 8.75, 0], "texture": "#13"},
				"down": {"uv": [0.5, 8.75, 0.25, 9], "texture": "#13"}
			}
		},
		{
			"from": [0.175, 3.65, 2.925],
			"to": [0.325, 4.175, 3.075],
			"rotation": {"angle": 0, "axis": "y", "origin": [0, 0, -4]},
			"faces": {
				"north": {"uv": [8.75, 0.25, 9, 0.5], "texture": "#13"},
				"east": {"uv": [0.5, 8.75, 0.75, 9], "texture": "#13"},
				"south": {"uv": [8.75, 0.5, 9, 0.75], "texture": "#13"},
				"west": {"uv": [0.75, 8.75, 1, 9], "texture": "#13"},
				"up": {"uv": [9, 1, 8.75, 0.75], "texture": "#13"},
				"down": {"uv": [1.25, 8.75, 1, 9], "texture": "#13"}
			}
		},
		{
			"from": [0.175, 3.65, 3.675],
			"to": [0.325, 4.175, 3.825],
			"rotation": {"angle": 0, "axis": "y", "origin": [0, 0, -4]},
			"faces": {
				"north": {"uv": [8.75, 1, 9, 1.25], "texture": "#13"},
				"east": {"uv": [1.25, 8.75, 1.5, 9], "texture": "#13"},
				"south": {"uv": [8.75, 1.25, 9, 1.5], "texture": "#13"},
				"west": {"uv": [1.5, 8.75, 1.75, 9], "texture": "#13"},
				"up": {"uv": [9, 1.75, 8.75, 1.5], "texture": "#13"},
				"down": {"uv": [2, 8.75, 1.75, 9], "texture": "#13"}
			}
		},
		{
			"from": [0.175, 3.65, 4.425],
			"to": [0.325, 4.175, 4.575],
			"rotation": {"angle": 0, "axis": "y", "origin": [0, 0, -4]},
			"faces": {
				"north": {"uv": [8.75, 1.75, 9, 2], "texture": "#13"},
				"east": {"uv": [2, 8.75, 2.25, 9], "texture": "#13"},
				"south": {"uv": [8.75, 2, 9, 2.25], "texture": "#13"},
				"west": {"uv": [2.25, 8.75, 2.5, 9], "texture": "#13"},
				"up": {"uv": [9, 2.5, 8.75, 2.25], "texture": "#13"},
				"down": {"uv": [2.75, 8.75, 2.5, 9], "texture": "#13"}
			}
		},
		{
			"from": [0.175, 3.65, 5.175],
			"to": [0.325, 4.175, 5.325],
			"rotation": {"angle": 0, "axis": "y", "origin": [0, 0, -4]},
			"faces": {
				"north": {"uv": [8.75, 2.5, 9, 2.75], "texture": "#13"},
				"east": {"uv": [2.75, 8.75, 3, 9], "texture": "#13"},
				"south": {"uv": [8.75, 2.75, 9, 3], "texture": "#13"},
				"west": {"uv": [3, 8.75, 3.25, 9], "texture": "#13"},
				"up": {"uv": [9, 3.25, 8.75, 3], "texture": "#13"},
				"down": {"uv": [3.5, 8.75, 3.25, 9], "texture": "#13"}
			}
		},
		{
			"from": [0.175, 3.65, 5.925],
			"to": [0.325, 4.175, 6.075],
			"rotation": {"angle": 0, "axis": "y", "origin": [0, 0, -4]},
			"faces": {
				"north": {"uv": [8.75, 3.25, 9, 3.5], "texture": "#13"},
				"east": {"uv": [3.5, 8.75, 3.75, 9], "texture": "#13"},
				"south": {"uv": [8.75, 3.5, 9, 3.75], "texture": "#13"},
				"west": {"uv": [3.75, 8.75, 4, 9], "texture": "#13"},
				"up": {"uv": [9, 4, 8.75, 3.75], "texture": "#13"},
				"down": {"uv": [4.25, 8.75, 4, 9], "texture": "#13"}
			}
		},
		{
			"from": [-0.175, 4.1, 2.75],
			"to": [0.675, 4.375, 3.25],
			"rotation": {"angle": 0, "axis": "y", "origin": [0, 0, -4]},
			"faces": {
				"north": {"uv": [8.75, 4, 9, 4.25], "texture": "#13"},
				"east": {"uv": [4.25, 8.75, 4.5, 9], "texture": "#13"},
				"south": {"uv": [8.75, 4.25, 9, 4.5], "texture": "#13"},
				"west": {"uv": [4.5, 8.75, 4.75, 9], "texture": "#13"},
				"up": {"uv": [9, 4.75, 8.75, 4.5], "texture": "#13"},
				"down": {"uv": [5, 8.75, 4.75, 9], "texture": "#13"}
			}
		},
		{
			"from": [0, -3.35, 16.925],
			"to": [0.5, -2.85, 18.925],
			"rotation": {"angle": -22.5, "axis": "x", "origin": [0, 0, 2]},
			"faces": {
				"north": {"uv": [8.75, 4.75, 9, 5], "texture": "#13"},
				"east": {"uv": [8, 0, 8.5, 0.25], "texture": "#13"},
				"south": {"uv": [5, 8.75, 5.25, 9], "texture": "#13"},
				"west": {"uv": [0.25, 8, 0.75, 8.25], "texture": "#13"},
				"up": {"uv": [8.25, 0.75, 8, 0.25], "texture": "#13"},
				"down": {"uv": [1, 8, 0.75, 8.5], "texture": "#13"}
			}
		}
	],
	"display": {
		"thirdperson_righthand": {
			"translation": [7.75, 5.5, -9.25]
		},
		"thirdperson_lefthand": {
			"translation": [-7.75, 5.5, -9.25]
		},
		"firstperson_righthand": {
			"rotation": [5, 0, 0],
			"translation": [10.75, 9, 1.75]
		},
		"firstperson_lefthand": {
			"rotation": [5, 0, 0],
			"translation": [-4.5, 9, 0]
		},
		"ground": {
			"rotation": [0, 0, -90],
			"translation": [4.25, -9, -5.25],
			"scale": [0.8, 0.8, 0.8]
		},
		"gui": {
			"rotation": [90, -50, 90],
			"translation": [1.75, 6.25, 0],
			"scale": [0.8, 0.8, 0.8]
		},
		"head": {
			"rotation": [-90, 43, -90],
			"translation": [1, -27.25, 16.5],
			"scale": [1.5, 1.5, 1.5]
		},
		"fixed": {
			"rotation": [0, -90, 0],
			"translation": [8.25, 7.75, 10.75],
			"scale": [1.5, 1.5, 1.5]
		}
	},
	"groups": [
		{
			"name": "railgun",
			"origin": [8, 8, 8],
			"color": 0,
			"children": [
				{
					"name": "gun",
					"origin": [8, 8, 8],
					"color": 0,
					"children": [
						0,
						1,
						2,
						3,
						4,
						5,
						6,
						7,
						8,
						9,
						10,
						11,
						12,
						13,
						14,
						15,
						16,
						17,
						18,
						19,
						20,
						21,
						22,
						23,
						24,
						25,
						26,
						27,
						28,
						29,
						30,
						31,
						32,
						33,
						34,
						35,
						36,
						37,
						38,
						39,
						40,
						41,
						42,
						43,
						44,
						45,
						46,
						47,
						48,
						49,
						50,
						51,
						52,
						53,
						54,
						55,
						56,
						57,
						58,
						59,
						60,
						61,
						62,
						63,
						64,
						65,
						66,
						67,
						68,
						69,
						70,
						71,
						72,
						73,
						74,
						75,
						76,
						77
					]
				}
			]
		}
	]
}