{
	"credit": "Made with Blockbench",
	"textures": {
		"12": "custom/signalis_handcannon",
		"particle": "custom/signalis_handcannon"
	},
	"elements": [
		{
			"from": [-0.01, -2.72, 11.34],
			"to": [0.81, -0.8, 11.96],
			"rotation": {"angle": -22.5, "axis": "x", "origin": [0, 0, 0]},
			"faces": {
				"north": {"uv": [4, 3, 5, 5], "texture": "#12"},
				"east": {"uv": [0, 5, 1, 7], "texture": "#12"},
				"south": {"uv": [1, 5, 2, 7], "texture": "#12"},
				"west": {"uv": [5, 1, 6, 3], "texture": "#12"},
				"up": {"uv": [8, 5, 7, 4], "texture": "#12"},
				"down": {"uv": [6, 7, 5, 8], "texture": "#12"}
			}
		},
		{
			"from": [-0.02, -2.73, 10.81],
			"to": [0.82, -2.39, 11.97],
			"rotation": {"angle": -22.5, "axis": "x", "origin": [0, 0, 0]},
			"faces": {
				"north": {"uv": [13, 11, 14, 12], "texture": "#12"},
				"east": {"uv": [12, 13, 13, 14], "texture": "#12"},
				"south": {"uv": [13, 12, 14, 13], "texture": "#12"},
				"west": {"uv": [13, 13, 14, 14], "texture": "#12"},
				"up": {"uv": [1, 15, 0, 14], "texture": "#12"},
				"down": {"uv": [15, 0, 14, 1], "texture": "#12"}
			}
		},
		{
			"from": [-0.01, -3.01, 10.82],
			"to": [0.81, -1.29, 11.34],
			"rotation": {"angle": -22.5, "axis": "x", "origin": [0, 0, 0]},
			"faces": {
				"north": {"uv": [5, 3, 6, 5], "texture": "#12"},
				"east": {"uv": [4, 5, 5, 7], "texture": "#12"},
				"south": {"uv": [5, 5, 6, 7], "texture": "#12"},
				"west": {"uv": [6, 0, 7, 2], "texture": "#12"},
				"up": {"uv": [8, 6, 7, 5], "texture": "#12"},
				"down": {"uv": [7, 7, 6, 8], "texture": "#12"}
			}
		},
		{
			"from": [0, 1.5, 11.1],
			"to": [0.8, 3, 11.68],
			"faces": {
				"north": {"uv": [2, 6, 3, 8], "texture": "#12"},
				"east": {"uv": [6, 2, 7, 4], "texture": "#12"},
				"south": {"uv": [3, 6, 4, 8], "texture": "#12"},
				"west": {"uv": [6, 4, 7, 6], "texture": "#12"},
				"up": {"uv": [8, 8, 7, 7], "texture": "#12"},
				"down": {"uv": [9, 0, 8, 1], "texture": "#12"}
			}
		},
		{
			"from": [0, 1.37, 11.15],
			"to": [0.8, 1.57, 11.65],
			"faces": {
				"north": {"uv": [8, 1, 9, 2], "texture": "#12"},
				"east": {"uv": [2, 8, 3, 9], "texture": "#12"},
				"south": {"uv": [3, 8, 4, 9], "texture": "#12"},
				"west": {"uv": [8, 4, 9, 5], "texture": "#12"},
				"up": {"uv": [6, 9, 5, 8], "texture": "#12"},
				"down": {"uv": [9, 5, 8, 6], "texture": "#12"}
			}
		},
		{
			"from": [0, 1.5, 11.65],
			"to": [0.8, 2.071, 12.077],
			"faces": {
				"north": {"uv": [6, 8, 7, 9], "texture": "#12"},
				"east": {"uv": [8, 6, 9, 7], "texture": "#12"},
				"south": {"uv": [7, 8, 8, 9], "texture": "#12"},
				"west": {"uv": [8, 7, 9, 8], "texture": "#12"},
				"up": {"uv": [9, 9, 8, 8], "texture": "#12"},
				"down": {"uv": [1, 9, 0, 10], "texture": "#12"}
			}
		},
		{
			"from": [0, 2.5, 10.7],
			"to": [0.8, 3.4, 11.28],
			"faces": {
				"north": {"uv": [9, 0, 10, 1], "texture": "#12"},
				"east": {"uv": [1, 9, 2, 10], "texture": "#12"},
				"south": {"uv": [9, 1, 10, 2], "texture": "#12"},
				"west": {"uv": [2, 9, 3, 10], "texture": "#12"},
				"up": {"uv": [10, 3, 9, 2], "texture": "#12"},
				"down": {"uv": [4, 9, 3, 10], "texture": "#12"}
			}
		},
		{
			"from": [0, 6.74, 8.58],
			"to": [0.8, 7.54, 8.78],
			"rotation": {"angle": 22.5, "axis": "x", "origin": [0, 0, 0]},
			"faces": {
				"north": {"uv": [9, 3, 10, 4], "texture": "#12"},
				"east": {"uv": [4, 9, 5, 10], "texture": "#12"},
				"south": {"uv": [9, 4, 10, 5], "texture": "#12"},
				"west": {"uv": [5, 9, 6, 10], "texture": "#12"},
				"up": {"uv": [10, 6, 9, 5], "texture": "#12"},
				"down": {"uv": [7, 9, 6, 10], "texture": "#12"}
			}
		},
		{
			"from": [0, 10.25, 5.042],
			"to": [0.8, 11.05, 5.342],
			"rotation": {"angle": 45, "axis": "x", "origin": [0, 0, 0]},
			"faces": {
				"north": {"uv": [9, 6, 10, 7], "texture": "#12"},
				"east": {"uv": [7, 9, 8, 10], "texture": "#12"},
				"south": {"uv": [9, 7, 10, 8], "texture": "#12"},
				"west": {"uv": [8, 9, 9, 10], "texture": "#12"},
				"up": {"uv": [10, 9, 9, 8], "texture": "#12"},
				"down": {"uv": [10, 9, 9, 10], "texture": "#12"}
			}
		},
		{
			"from": [0, -0.733, 12.13],
			"to": [0.8, -0.433, 12.43],
			"rotation": {"angle": -22.5, "axis": "x", "origin": [0, 0, 0]},
			"faces": {
				"north": {"uv": [0, 10, 1, 11], "texture": "#12"},
				"east": {"uv": [10, 0, 11, 1], "texture": "#12"},
				"south": {"uv": [1, 10, 2, 11], "texture": "#12"},
				"west": {"uv": [10, 1, 11, 2], "texture": "#12"},
				"up": {"uv": [3, 11, 2, 10], "texture": "#12"},
				"down": {"uv": [11, 2, 10, 3], "texture": "#12"}
			}
		},
		{
			"from": [0, 2.9, 10.35],
			"to": [0.8, 3.2, 10.65],
			"faces": {
				"north": {"uv": [3, 10, 4, 11], "texture": "#12"},
				"east": {"uv": [10, 3, 11, 4], "texture": "#12"},
				"south": {"uv": [4, 10, 5, 11], "texture": "#12"},
				"west": {"uv": [10, 4, 11, 5], "texture": "#12"},
				"up": {"uv": [6, 11, 5, 10], "texture": "#12"},
				"down": {"uv": [11, 5, 10, 6], "texture": "#12"}
			}
		},
		{
			"from": [0.05, 3, 10],
			"to": [0.75, 4.2, 11.35],
			"faces": {
				"north": {"uv": [6, 10, 7, 11], "texture": "#12"},
				"east": {"uv": [10, 6, 11, 7], "texture": "#12"},
				"south": {"uv": [7, 10, 8, 11], "texture": "#12"},
				"west": {"uv": [10, 7, 11, 8], "texture": "#12"},
				"up": {"uv": [9, 11, 8, 10], "texture": "#12"},
				"down": {"uv": [11, 8, 10, 9], "texture": "#12"}
			}
		},
		{
			"from": [0.15, 3, 8],
			"to": [0.65, 3.35, 10.35],
			"faces": {
				"north": {"uv": [9, 10, 10, 11], "texture": "#12"},
				"east": {"uv": [3, 1, 5, 2], "texture": "#12"},
				"south": {"uv": [10, 9, 11, 10], "texture": "#12"},
				"west": {"uv": [6, 6, 8, 7], "texture": "#12"},
				"up": {"uv": [1, 9, 0, 7], "texture": "#12"},
				"down": {"uv": [8, 0, 7, 2], "texture": "#12"}
			}
		},
		{
			"from": [0.15, 4.5, 8.2],
			"to": [0.65, 4.6, 10.35],
			"faces": {
				"north": {"uv": [10, 10, 11, 11], "texture": "#12"},
				"east": {"uv": [0, 0, 3, 1], "texture": "#12"},
				"south": {"uv": [0, 11, 1, 12], "texture": "#12"},
				"west": {"uv": [0, 1, 3, 2], "texture": "#12"},
				"up": {"uv": [1, 5, 0, 2], "texture": "#12"},
				"down": {"uv": [2, 2, 1, 5], "texture": "#12"}
			}
		},
		{
			"from": [0.3, 4.4, 4.6],
			"to": [0.5, 4.6, 5],
			"faces": {
				"north": {"uv": [1, 14, 2, 15], "texture": "#12"},
				"east": {"uv": [14, 1, 15, 2], "texture": "#12"},
				"south": {"uv": [2, 14, 3, 15], "texture": "#12"},
				"west": {"uv": [14, 2, 15, 3], "texture": "#12"},
				"up": {"uv": [4, 15, 3, 14], "texture": "#12"},
				"down": {"uv": [15, 3, 14, 4], "texture": "#12"}
			}
		},
		{
			"from": [0.295, 4.595, 4.595],
			"to": [0.505, 4.615, 5.005],
			"faces": {
				"north": {"uv": [11, 14, 12, 15], "texture": "#12"},
				"east": {"uv": [14, 11, 15, 12], "texture": "#12"},
				"south": {"uv": [12, 14, 13, 15], "texture": "#12"},
				"west": {"uv": [14, 12, 15, 13], "texture": "#12"},
				"up": {"uv": [14, 15, 13, 14], "texture": "#12"},
				"down": {"uv": [15, 13, 14, 14], "texture": "#12"}
			}
		},
		{
			"from": [0.125, 4.4, 10],
			"to": [0.675, 4.5, 10.5],
			"faces": {
				"north": {"uv": [11, 0, 12, 1], "texture": "#12"},
				"east": {"uv": [1, 11, 2, 12], "texture": "#12"},
				"south": {"uv": [11, 1, 12, 2], "texture": "#12"},
				"west": {"uv": [2, 11, 3, 12], "texture": "#12"},
				"up": {"uv": [12, 3, 11, 2], "texture": "#12"},
				"down": {"uv": [4, 11, 3, 12], "texture": "#12"}
			}
		},
		{
			"from": [0.2, 0.1, 11.2],
			"to": [0.6, 0.2, 11.7],
			"rotation": {"angle": -22.5, "axis": "x", "origin": [0, 0, 0]},
			"faces": {
				"north": {"uv": [8, 14, 9, 15], "texture": "#12"},
				"east": {"uv": [14, 8, 15, 9], "texture": "#12"},
				"south": {"uv": [9, 14, 10, 15], "texture": "#12"},
				"west": {"uv": [14, 9, 15, 10], "texture": "#12"},
				"up": {"uv": [11, 15, 10, 14], "texture": "#12"},
				"down": {"uv": [15, 10, 14, 11], "texture": "#12"}
			}
		},
		{
			"from": [0.125, 4.3, 4.55],
			"to": [0.675, 4.4, 8.35],
			"faces": {
				"north": {"uv": [11, 3, 12, 4], "texture": "#12"},
				"east": {"uv": [4, 11, 5, 12], "texture": "#12"},
				"south": {"uv": [11, 4, 12, 5], "texture": "#12"},
				"west": {"uv": [5, 11, 6, 12], "texture": "#12"},
				"up": {"uv": [12, 6, 11, 5], "texture": "#12"},
				"down": {"uv": [7, 11, 6, 12], "texture": "#12"}
			}
		},
		{
			"from": [0.15, 4.4, 7.15],
			"to": [0.65, 4.5, 8.35],
			"faces": {
				"north": {"uv": [11, 3, 12, 4], "texture": "#12"},
				"east": {"uv": [4, 11, 5, 12], "texture": "#12"},
				"south": {"uv": [11, 4, 12, 5], "texture": "#12"},
				"west": {"uv": [5, 11, 6, 12], "texture": "#12"},
				"up": {"uv": [12, 6, 11, 5], "texture": "#12"},
				"down": {"uv": [7, 11, 6, 12], "texture": "#12"}
			}
		},
		{
			"from": [0.0499, 3.3499, 7.6499],
			"to": [0.7501, 4.1501, 8.3501],
			"faces": {
				"north": {"uv": [11, 6, 12, 7], "texture": "#12"},
				"east": {"uv": [7, 11, 8, 12], "texture": "#12"},
				"south": {"uv": [11, 7, 12, 8], "texture": "#12"},
				"west": {"uv": [8, 11, 9, 12], "texture": "#12"},
				"up": {"uv": [12, 9, 11, 8], "texture": "#12"},
				"down": {"uv": [10, 11, 9, 12], "texture": "#12"}
			}
		},
		{
			"from": [0.075, 3.15, 7.85],
			"to": [0.725, 3.55, 8.35],
			"faces": {
				"north": {"uv": [11, 9, 12, 10], "texture": "#12"},
				"east": {"uv": [10, 11, 11, 12], "texture": "#12"},
				"south": {"uv": [11, 10, 12, 11], "texture": "#12"},
				"west": {"uv": [11, 11, 12, 12], "texture": "#12"},
				"up": {"uv": [1, 13, 0, 12], "texture": "#12"},
				"down": {"uv": [13, 0, 12, 1], "texture": "#12"}
			}
		},
		{
			"from": [0.225, 2.8, 8.68],
			"to": [0.575, 3, 11.18],
			"faces": {
				"north": {"uv": [1, 12, 2, 13], "texture": "#12"},
				"east": {"uv": [2, 2, 5, 3], "texture": "#12"},
				"south": {"uv": [12, 1, 13, 2], "texture": "#12"},
				"west": {"uv": [3, 0, 6, 1], "texture": "#12"},
				"up": {"uv": [3, 6, 2, 3], "texture": "#12"},
				"down": {"uv": [4, 3, 3, 6], "texture": "#12"}
			}
		},
		{
			"from": [0.05, 3.7, 4.25],
			"to": [0.75, 4.1, 7.65],
			"faces": {
				"north": {"uv": [2, 12, 3, 13], "texture": "#12"},
				"east": {"uv": [12, 2, 13, 3], "texture": "#12"},
				"south": {"uv": [3, 12, 4, 13], "texture": "#12"},
				"west": {"uv": [12, 3, 13, 4], "texture": "#12"},
				"up": {"uv": [5, 13, 4, 12], "texture": "#12"},
				"down": {"uv": [13, 4, 12, 5], "texture": "#12"}
			}
		},
		{
			"from": [2.875, 2.325, 4.175],
			"to": [3.175, 2.625, 4.575],
			"rotation": {"angle": 45, "axis": "z", "origin": [0, 0, 0]},
			"faces": {
				"north": {"uv": [5, 12, 6, 13], "texture": "#12"},
				"east": {"uv": [12, 5, 13, 6], "texture": "#12"},
				"south": {"uv": [6, 12, 7, 13], "texture": "#12"},
				"west": {"uv": [12, 6, 13, 7], "texture": "#12"},
				"up": {"uv": [8, 13, 7, 12], "texture": "#12"},
				"down": {"uv": [13, 7, 12, 8], "texture": "#12"}
			}
		},
		{
			"from": [0.1, 4.3, 10],
			"to": [0.7, 4.4, 10.65],
			"faces": {
				"north": {"uv": [8, 12, 9, 13], "texture": "#12"},
				"east": {"uv": [12, 8, 13, 9], "texture": "#12"},
				"south": {"uv": [9, 12, 10, 13], "texture": "#12"},
				"west": {"uv": [12, 9, 13, 10], "texture": "#12"},
				"up": {"uv": [11, 13, 10, 12], "texture": "#12"},
				"down": {"uv": [13, 10, 12, 11], "texture": "#12"}
			}
		},
		{
			"from": [0.1, 4.2, 4.4],
			"to": [0.7, 4.3, 8.35],
			"faces": {
				"north": {"uv": [11, 12, 12, 13], "texture": "#12"},
				"east": {"uv": [12, 11, 13, 12], "texture": "#12"},
				"south": {"uv": [12, 12, 13, 13], "texture": "#12"},
				"west": {"uv": [0, 13, 1, 14], "texture": "#12"},
				"up": {"uv": [14, 1, 13, 0], "texture": "#12"},
				"down": {"uv": [2, 13, 1, 14], "texture": "#12"}
			}
		},
		{
			"from": [0.1, 3.5, 4.4],
			"to": [0.7, 3.6, 8.35],
			"faces": {
				"north": {"uv": [11, 12, 12, 13], "texture": "#12"},
				"east": {"uv": [12, 11, 13, 12], "texture": "#12"},
				"south": {"uv": [12, 12, 13, 13], "texture": "#12"},
				"west": {"uv": [0, 13, 1, 14], "texture": "#12"},
				"up": {"uv": [14, 1, 13, 0], "texture": "#12"},
				"down": {"uv": [2, 13, 1, 14], "texture": "#12"}
			}
		},
		{
			"from": [0.075, 4.2, 10],
			"to": [0.725, 4.3, 10.8],
			"faces": {
				"north": {"uv": [13, 1, 14, 2], "texture": "#12"},
				"east": {"uv": [2, 13, 3, 14], "texture": "#12"},
				"south": {"uv": [13, 2, 14, 3], "texture": "#12"},
				"west": {"uv": [3, 13, 4, 14], "texture": "#12"},
				"up": {"uv": [14, 4, 13, 3], "texture": "#12"},
				"down": {"uv": [5, 13, 4, 14], "texture": "#12"}
			}
		},
		{
			"from": [0.075, 4.1, 4.25],
			"to": [0.725, 4.2, 8.35],
			"faces": {
				"north": {"uv": [13, 4, 14, 5], "texture": "#12"},
				"east": {"uv": [5, 13, 6, 14], "texture": "#12"},
				"south": {"uv": [13, 5, 14, 6], "texture": "#12"},
				"west": {"uv": [6, 13, 7, 14], "texture": "#12"},
				"up": {"uv": [14, 7, 13, 6], "texture": "#12"},
				"down": {"uv": [8, 13, 7, 14], "texture": "#12"}
			}
		},
		{
			"from": [0.075, 3.6, 4.25],
			"to": [0.725, 3.7, 8.35],
			"faces": {
				"north": {"uv": [13, 4, 14, 5], "texture": "#12"},
				"east": {"uv": [5, 13, 6, 14], "texture": "#12"},
				"south": {"uv": [13, 5, 14, 6], "texture": "#12"},
				"west": {"uv": [6, 13, 7, 14], "texture": "#12"},
				"up": {"uv": [14, 7, 13, 6], "texture": "#12"},
				"down": {"uv": [8, 13, 7, 14], "texture": "#12"}
			}
		},
		{
			"from": [0.25, 6.11, 8.7],
			"to": [0.55, 7.11, 8.7],
			"rotation": {"angle": 22.5, "axis": "x", "origin": [0, 0, 0]},
			"faces": {
				"north": {"uv": [13, 7, 14, 8], "texture": "#12"},
				"east": {"uv": [0, 0, 0, 1], "texture": "#12"},
				"south": {"uv": [8, 13, 9, 14], "texture": "#12"},
				"west": {"uv": [0, 0, 0, 1], "texture": "#12"},
				"up": {"uv": [1, 0, 0, 0], "texture": "#12"},
				"down": {"uv": [1, 0, 0, 0], "texture": "#12"}
			}
		},
		{
			"from": [0.25, -5.275, 8.55],
			"to": [0.55, -4.275, 8.55],
			"rotation": {"angle": -45, "axis": "x", "origin": [0, 0, 0]},
			"faces": {
				"north": {"uv": [13, 8, 14, 9], "texture": "#12"},
				"east": {"uv": [0, 0, 0, 1], "texture": "#12"},
				"south": {"uv": [9, 13, 10, 14], "texture": "#12"},
				"west": {"uv": [0, 0, 0, 1], "texture": "#12"},
				"up": {"uv": [1, 0, 0, 0], "texture": "#12"},
				"down": {"uv": [1, 0, 0, 0], "texture": "#12"}
			}
		},
		{
			"from": [0.25, 2.315, 9.775],
			"to": [0.55, 2.315, 10.375],
			"faces": {
				"north": {"uv": [0, 0, 1, 0], "texture": "#12"},
				"east": {"uv": [0, 0, 1, 0], "texture": "#12"},
				"south": {"uv": [0, 0, 1, 0], "texture": "#12"},
				"west": {"uv": [0, 0, 1, 0], "texture": "#12"},
				"up": {"uv": [14, 10, 13, 9], "texture": "#12"},
				"down": {"uv": [11, 13, 10, 14], "texture": "#12"}
			}
		},
		{
			"from": [2.67, 2.0867, 8.43333],
			"to": [3.47, 2.8867, 9.93333],
			"rotation": {"angle": 45, "axis": "z", "origin": [0, 0, 0]},
			"faces": {
				"north": {"uv": [13, 10, 14, 11], "texture": "#12"},
				"east": {"uv": [7, 2, 9, 3], "texture": "#12"},
				"south": {"uv": [11, 13, 12, 14], "texture": "#12"},
				"west": {"uv": [7, 3, 9, 4], "texture": "#12"},
				"up": {"uv": [2, 9, 1, 7], "texture": "#12"},
				"down": {"uv": [5, 7, 4, 9], "texture": "#12"}
			}
		},
		{
			"from": [2.66, 2.0767, 8.59],
			"to": [3.48, 2.8967, 8.66],
			"rotation": {"angle": 45, "axis": "z", "origin": [0, 0, 0]},
			"faces": {
				"north": {"uv": [4, 14, 5, 15], "texture": "#12"},
				"east": {"uv": [14, 4, 15, 5], "texture": "#12"},
				"south": {"uv": [5, 14, 6, 15], "texture": "#12"},
				"west": {"uv": [14, 5, 15, 6], "texture": "#12"},
				"up": {"uv": [7, 15, 6, 14], "texture": "#12"},
				"down": {"uv": [15, 6, 14, 7], "texture": "#12"}
			}
		}
	],
	"display": {
		"thirdperson_righthand": {
			"translation": [8.75, 6.5, -2.5],
			"scale": [1.15, 1.15, 1.15]
		},
		"thirdperson_lefthand": {
			"translation": [-8.75, 6.5, -2.5],
			"scale": [1.15, 1.15, 1.15]
		},
		"firstperson_righthand": {
			"rotation": [5, 0, 0],
			"translation": [15, 10.5, 1.5],
			"scale": [1.5, 1.5, 1.5]
		},
		"firstperson_lefthand": {
			"rotation": [5, 0, 0],
			"translation": [-7.75, 10.5, 1.5],
			"scale": [1.5, 1.5, 1.5]
		},
		"ground": {
			"rotation": [0, 0, -90],
			"translation": [5.75, -12.25, 0],
			"scale": [1.4, 1.4, 1.4]
		},
		"gui": {
			"rotation": [90, -55, 90],
			"translation": [-5.5, 9.25, 0],
			"scale": [2.2, 2.2, 2.2]
		},
		"head": {
			"rotation": [-90, 0, 0],
			"translation": [4, -32.5, -7.5],
			"scale": [1.5, 1.5, 1.5]
		},
		"fixed": {
			"rotation": [0, -90, 0],
			"translation": [1.25, 11.5, 18.5],
			"scale": [2.5, 2.5, 2.5]
		}
	},
	"groups": [
		{
			"name": "signalis_revolver",
			"origin": [8, 8, 8],
			"color": 0,
			"children": [
				{
					"name": "grip",
					"origin": [8, 8, 8],
					"color": 0,
					"children": [0, 1, 2, 3, 4, 5, 6, 7, 8, 9, 10]
				},
				{
					"name": "barrel",
					"origin": [8, 8, 8],
					"color": 0,
					"children": [11, 12, 13, 14, 15, 16, 17, 18, 19, 20, 21, 22, 23, 24, 25, 26, 27, 28, 29, 30]
				},
				{
					"name": "trigger",
					"origin": [8, 8, 8],
					"color": 0,
					"children": [31, 32, 33]
				},
				{
					"name": "cylinder",
					"origin": [8, 8, 8],
					"color": 0,
					"children": [34, 35]
				}
			]
		}
	]
}