{
	"credit": "Made with Blockbench",
	"texture_size": [64, 64],
	"textures": {
		"11": "custom/signalis_mining_laser",
		"particle": "custom/signalis_mining_laser"
	},
	"elements": [
		{
			"from": [-0.001, 6.999, -11.001],
			"to": [4.001, 9.001, -6.999],
			"faces": {
				"north": {"uv": [5, 3.5, 6, 4], "texture": "#11"},
				"east": {"uv": [6, 3.5, 7, 4], "texture": "#11"},
				"south": {"uv": [6, 4.75, 7, 5.25], "texture": "#11"},
				"west": {"uv": [6, 5.25, 7, 5.75], "texture": "#11"},
				"up": {"uv": [4.75, 3, 3.75, 2], "texture": "#11"},
				"down": {"uv": [5, 3, 4, 4], "texture": "#11"}
			}
		},
		{
			"from": [1.75, 7.7, -11.25],
			"to": [3.275, 8.3, -9.25],
			"faces": {
				"north": {"uv": [7.5, 2.25, 8, 2.5], "texture": "#11"},
				"east": {"uv": [7.5, 2.5, 8, 2.75], "texture": "#11"},
				"south": {"uv": [2.75, 7.5, 3.25, 7.75], "texture": "#11"},
				"west": {"uv": [3.25, 7.5, 3.75, 7.75], "texture": "#11"},
				"up": {"uv": [3.25, 7.25, 2.75, 6.75], "texture": "#11"},
				"down": {"uv": [3.75, 6.75, 3.25, 7.25], "texture": "#11"}
			}
		},
		{
			"from": [0.75, 7.7, -11.25],
			"to": [1.35, 8.3, -9.25],
			"faces": {
				"north": {"uv": [3.75, 3, 4, 3.25], "texture": "#11"},
				"east": {"uv": [3.75, 7.5, 4.25, 7.75], "texture": "#11"},
				"south": {"uv": [2.75, 6.5, 3, 6.75], "texture": "#11"},
				"west": {"uv": [7.5, 4, 8, 4.25], "texture": "#11"},
				"up": {"uv": [2, 5, 1.75, 4.5], "texture": "#11"},
				"down": {"uv": [7.75, 4.25, 7.5, 4.75], "texture": "#11"}
			}
		},
		{
			"from": [0, 7, -12],
			"to": [4, 7.45, -10],
			"faces": {
				"north": {"uv": [6.75, 2.75, 7.75, 3], "texture": "#11"},
				"east": {"uv": [4.75, 7.5, 5.25, 7.75], "texture": "#11"},
				"south": {"uv": [3.75, 6.75, 4.75, 7], "texture": "#11"},
				"west": {"uv": [5.25, 7.5, 5.75, 7.75], "texture": "#11"},
				"up": {"uv": [7, 6.25, 6, 5.75], "texture": "#11"},
				"down": {"uv": [7.25, 1, 6.25, 1.5], "texture": "#11"}
			}
		},
		{
			"from": [0, 8.575, -12],
			"to": [4, 9.025, -9],
			"faces": {
				"north": {"uv": [4.75, 6.75, 5.75, 7], "texture": "#11"},
				"east": {"uv": [0, 6.25, 0.75, 6.5], "texture": "#11"},
				"south": {"uv": [5.75, 6.75, 6.75, 7], "texture": "#11"},
				"west": {"uv": [2, 7, 2.75, 7.25], "texture": "#11"},
				"up": {"uv": [5.75, 3, 4.75, 2.25], "texture": "#11"},
				"down": {"uv": [5, 4.75, 4, 5.5], "texture": "#11"}
			}
		},
		{
			"from": [3.55, 7.375, -12],
			"to": [4, 8.825, -10],
			"faces": {
				"north": {"uv": [8, 5, 8.25, 5.25], "texture": "#11"},
				"east": {"uv": [5.75, 7.5, 6.25, 7.75], "texture": "#11"},
				"south": {"uv": [8, 5.25, 8.25, 5.5], "texture": "#11"},
				"west": {"uv": [6.75, 7.5, 7.25, 7.75], "texture": "#11"},
				"up": {"uv": [7.5, 8, 7.25, 7.5], "texture": "#11"},
				"down": {"uv": [7.75, 7.25, 7.5, 7.75], "texture": "#11"}
			}
		},
		{
			"from": [0, 7.375, -12],
			"to": [0.45, 8.825, -10],
			"faces": {
				"north": {"uv": [5.5, 8, 5.75, 8.25], "texture": "#11"},
				"east": {"uv": [0.5, 7.75, 1, 8], "texture": "#11"},
				"south": {"uv": [8, 5.5, 8.25, 5.75], "texture": "#11"},
				"west": {"uv": [1, 7.75, 1.5, 8], "texture": "#11"},
				"up": {"uv": [1.75, 8.25, 1.5, 7.75], "texture": "#11"},
				"down": {"uv": [2, 7.75, 1.75, 8.25], "texture": "#11"}
			}
		},
		{
			"from": [1.125, 8, 3],
			"to": [2.875, 9, 17],
			"faces": {
				"north": {"uv": [2, 7.75, 2.5, 8], "texture": "#11"},
				"east": {"uv": [4, 4, 7.5, 4.25], "texture": "#11"},
				"south": {"uv": [2.5, 7.75, 3, 8], "texture": "#11"},
				"west": {"uv": [4, 4.25, 7.5, 4.5], "texture": "#11"},
				"up": {"uv": [1.25, 6.5, 0.75, 3], "texture": "#11"},
				"down": {"uv": [1.75, 3, 1.25, 6.5], "texture": "#11"}
			}
		},
		{
			"from": [1.05, 7.925, 16.425],
			"to": [2.95, 9.075, 17.075],
			"faces": {
				"north": {"uv": [7.75, 2.75, 8.25, 3], "texture": "#11"},
				"east": {"uv": [5.75, 8, 6, 8.25], "texture": "#11"},
				"south": {"uv": [3, 7.75, 3.5, 8], "texture": "#11"},
				"west": {"uv": [8, 5.75, 8.25, 6], "texture": "#11"},
				"up": {"uv": [4, 8, 3.5, 7.75], "texture": "#11"},
				"down": {"uv": [8.25, 4.25, 7.75, 4.5], "texture": "#11"}
			}
		},
		{
			"from": [1.425, 7.925, 7.425],
			"to": [2.575, 9.075, 9.075],
			"faces": {
				"north": {"uv": [8, 6, 8.25, 6.25], "texture": "#11"},
				"east": {"uv": [7.75, 4.5, 8.25, 4.75], "texture": "#11"},
				"south": {"uv": [6.25, 8, 6.5, 8.25], "texture": "#11"},
				"west": {"uv": [4.75, 7.75, 5.25, 8], "texture": "#11"},
				"up": {"uv": [4.25, 8.25, 4, 7.75], "texture": "#11"},
				"down": {"uv": [5.5, 7.75, 5.25, 8.25], "texture": "#11"}
			}
		},
		{
			"from": [1.425, 9.425, -0.575],
			"to": [1.675, 10.575, 2.075],
			"faces": {
				"north": {"uv": [8, 6.25, 8.25, 6.5], "texture": "#11"},
				"east": {"uv": [7.25, 1.25, 8, 1.5], "texture": "#11"},
				"south": {"uv": [6.5, 8, 6.75, 8.25], "texture": "#11"},
				"west": {"uv": [7.25, 1.5, 8, 1.75], "texture": "#11"},
				"up": {"uv": [2, 3.75, 1.75, 3], "texture": "#11"},
				"down": {"uv": [2, 3.75, 1.75, 4.5], "texture": "#11"}
			}
		},
		{
			"from": [2.325, 9.425, -0.575],
			"to": [2.575, 10.575, 2.075],
			"faces": {
				"north": {"uv": [8, 6.5, 8.25, 6.75], "texture": "#11"},
				"east": {"uv": [7.25, 1.75, 8, 2], "texture": "#11"},
				"south": {"uv": [6.75, 8, 7, 8.25], "texture": "#11"},
				"west": {"uv": [2, 7.25, 2.75, 7.5], "texture": "#11"},
				"up": {"uv": [3, 5.75, 2.75, 5], "texture": "#11"},
				"down": {"uv": [3, 5.75, 2.75, 6.5], "texture": "#11"}
			}
		},
		{
			"from": [1.425, 10.325, -0.575],
			"to": [2.575, 10.575, 2.075],
			"faces": {
				"north": {"uv": [8, 6.75, 8.25, 7], "texture": "#11"},
				"east": {"uv": [2.75, 7.25, 3.5, 7.5], "texture": "#11"},
				"south": {"uv": [7, 8, 7.25, 8.25], "texture": "#11"},
				"west": {"uv": [3.5, 7.25, 4.25, 7.5], "texture": "#11"},
				"up": {"uv": [4.5, 8, 4.25, 7.25], "texture": "#11"},
				"down": {"uv": [4.75, 7.25, 4.5, 8], "texture": "#11"}
			}
		},
		{
			"from": [1.425, 7.725, 5.325],
			"to": [1.675, 8.975, 5.975],
			"rotation": {"angle": -22.5, "axis": "x", "origin": [0, 0, 0]},
			"faces": {
				"north": {"uv": [8, 7, 8.25, 7.25], "texture": "#11"},
				"east": {"uv": [7.25, 8, 7.5, 8.25], "texture": "#11"},
				"south": {"uv": [8, 7.25, 8.25, 7.5], "texture": "#11"},
				"west": {"uv": [7.5, 8, 7.75, 8.25], "texture": "#11"},
				"up": {"uv": [8.25, 7.75, 8, 7.5], "texture": "#11"},
				"down": {"uv": [8, 8, 7.75, 8.25], "texture": "#11"}
			}
		},
		{
			"from": [2.325, 7.725, 5.325],
			"to": [2.575, 8.975, 5.975],
			"rotation": {"angle": -22.5, "axis": "x", "origin": [0, 0, 0]},
			"faces": {
				"north": {"uv": [8, 7.75, 8.25, 8], "texture": "#11"},
				"east": {"uv": [8, 8, 8.25, 8.25], "texture": "#11"},
				"south": {"uv": [0, 8.25, 0.25, 8.5], "texture": "#11"},
				"west": {"uv": [8.25, 0, 8.5, 0.25], "texture": "#11"},
				"up": {"uv": [0.5, 8.5, 0.25, 8.25], "texture": "#11"},
				"down": {"uv": [8.5, 0.25, 8.25, 0.5], "texture": "#11"}
			}
		},
		{
			"from": [1.675, 8.725, 5.725],
			"to": [2.325, 8.975, 5.975],
			"rotation": {"angle": -22.5, "axis": "x", "origin": [0, 0, 0]},
			"faces": {
				"north": {"uv": [0.5, 8.25, 0.75, 8.5], "texture": "#11"},
				"east": {"uv": [0.75, 8.25, 1, 8.5], "texture": "#11"},
				"south": {"uv": [1, 8.25, 1.25, 8.5], "texture": "#11"},
				"west": {"uv": [8.25, 1, 8.5, 1.25], "texture": "#11"},
				"up": {"uv": [1.5, 8.5, 1.25, 8.25], "texture": "#11"},
				"down": {"uv": [1.75, 8.25, 1.5, 8.5], "texture": "#11"}
			}
		},
		{
			"from": [1.4, 9.4, -0.85],
			"to": [2.6, 9.625, -0.35],
			"faces": {
				"north": {"uv": [1.75, 8.25, 2, 8.5], "texture": "#11"},
				"east": {"uv": [2, 8.25, 2.25, 8.5], "texture": "#11"},
				"south": {"uv": [8.25, 2, 8.5, 2.25], "texture": "#11"},
				"west": {"uv": [2.25, 8.25, 2.5, 8.5], "texture": "#11"},
				"up": {"uv": [2.75, 8.5, 2.5, 8.25], "texture": "#11"},
				"down": {"uv": [3, 8.25, 2.75, 8.5], "texture": "#11"}
			}
		},
		{
			"from": [1.45, 9.45, -0.625],
			"to": [2.55, 10.375, 1.95],
			"faces": {
				"north": {"uv": [8.25, 2.75, 8.5, 3], "texture": "#11"},
				"east": {"uv": [5.5, 7.75, 6, 8], "texture": "#11"},
				"south": {"uv": [3, 8.25, 3.25, 8.5], "texture": "#11"},
				"west": {"uv": [6.75, 7.75, 7.25, 8], "texture": "#11"},
				"up": {"uv": [6.25, 8.25, 6, 7.75], "texture": "#11"},
				"down": {"uv": [8, 7.25, 7.75, 7.75], "texture": "#11"}
			}
		},
		{
			"from": [1.4, 10.375, -0.85],
			"to": [2.6, 10.6, -0.35],
			"faces": {
				"north": {"uv": [3.25, 8.25, 3.5, 8.5], "texture": "#11"},
				"east": {"uv": [3.5, 8.25, 3.75, 8.5], "texture": "#11"},
				"south": {"uv": [3.75, 8.25, 4, 8.5], "texture": "#11"},
				"west": {"uv": [4, 8.25, 4.25, 8.5], "texture": "#11"},
				"up": {"uv": [4.5, 8.5, 4.25, 8.25], "texture": "#11"},
				"down": {"uv": [8.5, 4.25, 8.25, 4.5], "texture": "#11"}
			}
		},
		{
			"from": [1.4, 9.4, -0.85],
			"to": [1.625, 10.6, -0.35],
			"faces": {
				"north": {"uv": [4.5, 8.25, 4.75, 8.5], "texture": "#11"},
				"east": {"uv": [8.25, 4.5, 8.5, 4.75], "texture": "#11"},
				"south": {"uv": [4.75, 8.25, 5, 8.5], "texture": "#11"},
				"west": {"uv": [5, 8.25, 5.25, 8.5], "texture": "#11"},
				"up": {"uv": [8.5, 5.25, 8.25, 5], "texture": "#11"},
				"down": {"uv": [5.5, 8.25, 5.25, 8.5], "texture": "#11"}
			}
		},
		{
			"from": [2.375, 9.4, -0.85],
			"to": [2.6, 10.6, -0.35],
			"faces": {
				"north": {"uv": [8.25, 5.25, 8.5, 5.5], "texture": "#11"},
				"east": {"uv": [5.5, 8.25, 5.75, 8.5], "texture": "#11"},
				"south": {"uv": [8.25, 5.5, 8.5, 5.75], "texture": "#11"},
				"west": {"uv": [5.75, 8.25, 6, 8.5], "texture": "#11"},
				"up": {"uv": [8.5, 6, 8.25, 5.75], "texture": "#11"},
				"down": {"uv": [6.25, 8.25, 6, 8.5], "texture": "#11"}
			}
		},
		{
			"from": [1.674, 7.924, 7.549],
			"to": [2.326, 9.076, 8.951],
			"faces": {
				"north": {"uv": [8.25, 6, 8.5, 6.25], "texture": "#11"},
				"east": {"uv": [6.25, 8.25, 6.5, 8.5], "texture": "#11"},
				"south": {"uv": [8.25, 6.25, 8.5, 6.5], "texture": "#11"},
				"west": {"uv": [6.5, 8.25, 6.75, 8.5], "texture": "#11"},
				"up": {"uv": [8.5, 6.75, 8.25, 6.5], "texture": "#11"},
				"down": {"uv": [7, 8.25, 6.75, 8.5], "texture": "#11"}
			}
		},
		{
			"from": [-4.25, 8.65, 6.875],
			"to": [-4.05, 9.65, 7.075],
			"rotation": {"angle": 45, "axis": "y", "origin": [0, 0, 0]},
			"faces": {
				"north": {"uv": [8.25, 6.75, 8.5, 7], "texture": "#11"},
				"east": {"uv": [7, 8.25, 7.25, 8.5], "texture": "#11"},
				"south": {"uv": [8.25, 7, 8.5, 7.25], "texture": "#11"},
				"west": {"uv": [7.25, 8.25, 7.5, 8.5], "texture": "#11"},
				"up": {"uv": [8.5, 7.5, 8.25, 7.25], "texture": "#11"},
				"down": {"uv": [7.75, 8.25, 7.5, 8.5], "texture": "#11"}
			}
		},
		{
			"from": [1.9, 10.75, 4.175],
			"to": [2.1, 11.75, 4.625],
			"rotation": {"angle": 22.5, "axis": "x", "origin": [0, 0, 0]},
			"faces": {
				"north": {"uv": [8.25, 7.5, 8.5, 7.75], "texture": "#11"},
				"east": {"uv": [7.75, 8.25, 8, 8.5], "texture": "#11"},
				"south": {"uv": [8.25, 7.75, 8.5, 8], "texture": "#11"},
				"west": {"uv": [8, 8.25, 8.25, 8.5], "texture": "#11"},
				"up": {"uv": [8.5, 8.25, 8.25, 8], "texture": "#11"},
				"down": {"uv": [8.5, 8.25, 8.25, 8.5], "texture": "#11"}
			}
		},
		{
			"from": [0.875, 7.65, 3.675],
			"to": [3.125, 9.15, 6.175],
			"faces": {
				"north": {"uv": [7.5, 7.75, 8, 8], "texture": "#11"},
				"east": {"uv": [0.5, 8, 1, 8.25], "texture": "#11"},
				"south": {"uv": [8, 0.5, 8.5, 0.75], "texture": "#11"},
				"west": {"uv": [8, 0.75, 8.5, 1], "texture": "#11"},
				"up": {"uv": [7.25, 7.25, 6.75, 6.75], "texture": "#11"},
				"down": {"uv": [0.5, 7, 0, 7.5], "texture": "#11"}
			}
		},
		{
			"from": [-2.175, 7.65, 5.075],
			"to": [-0.675, 9.15, 6.575],
			"rotation": {"angle": 45, "axis": "y", "origin": [0, 0, 0]},
			"faces": {
				"north": {"uv": [0, 8.5, 0.25, 8.75], "texture": "#11"},
				"east": {"uv": [8.5, 0, 8.75, 0.25], "texture": "#11"},
				"south": {"uv": [0.25, 8.5, 0.5, 8.75], "texture": "#11"},
				"west": {"uv": [8.5, 0.25, 8.75, 0.5], "texture": "#11"},
				"up": {"uv": [0.75, 8.75, 0.5, 8.5], "texture": "#11"},
				"down": {"uv": [8.75, 0.5, 8.5, 0.75], "texture": "#11"}
			}
		},
		{
			"from": [3.5, 7.65, 2.25],
			"to": [5, 9.15, 3.75],
			"rotation": {"angle": -45, "axis": "y", "origin": [0, 0, 0]},
			"faces": {
				"north": {"uv": [0.75, 8.5, 1, 8.75], "texture": "#11"},
				"east": {"uv": [8.5, 0.75, 8.75, 1], "texture": "#11"},
				"south": {"uv": [1, 8.5, 1.25, 8.75], "texture": "#11"},
				"west": {"uv": [8.5, 1, 8.75, 1.25], "texture": "#11"},
				"up": {"uv": [1.5, 8.75, 1.25, 8.5], "texture": "#11"},
				"down": {"uv": [8.75, 1.25, 8.5, 1.5], "texture": "#11"}
			}
		},
		{
			"from": [0.875, 7.1, 3],
			"to": [3.125, 8.1, 17],
			"faces": {
				"north": {"uv": [1, 8, 1.5, 8.25], "texture": "#11"},
				"east": {"uv": [4, 4.5, 7.5, 4.75], "texture": "#11"},
				"south": {"uv": [8, 1.25, 8.5, 1.5], "texture": "#11"},
				"west": {"uv": [4.75, 2, 8.25, 2.25], "texture": "#11"},
				"up": {"uv": [3.5, 6.75, 3, 3.25], "texture": "#11"},
				"down": {"uv": [4, 3.25, 3.5, 6.75], "texture": "#11"}
			}
		},
		{
			"from": [0.8, 7.025, 16.425],
			"to": [3.2, 8.175, 17.075],
			"faces": {
				"north": {"uv": [8, 1.5, 8.5, 1.75], "texture": "#11"},
				"east": {"uv": [1.5, 8.5, 1.75, 8.75], "texture": "#11"},
				"south": {"uv": [8, 1.75, 8.5, 2], "texture": "#11"},
				"west": {"uv": [8.5, 1.5, 8.75, 1.75], "texture": "#11"},
				"up": {"uv": [2.5, 8.25, 2, 8], "texture": "#11"},
				"down": {"uv": [8.5, 2.25, 8, 2.5], "texture": "#11"}
			}
		},
		{
			"from": [0.625, 6.9, 3.675],
			"to": [3.375, 8.4, 6.175],
			"faces": {
				"north": {"uv": [2.5, 8, 3, 8.25], "texture": "#11"},
				"east": {"uv": [8, 2.5, 8.5, 2.75], "texture": "#11"},
				"south": {"uv": [3, 8, 3.5, 8.25], "texture": "#11"},
				"west": {"uv": [8, 3, 8.5, 3.25], "texture": "#11"},
				"up": {"uv": [7.5, 0.5, 7, 0], "texture": "#11"},
				"down": {"uv": [1, 7, 0.5, 7.5], "texture": "#11"}
			}
		},
		{
			"from": [-3.925, 6.9, 3.525],
			"to": [-1.175, 8.4, 4.825],
			"rotation": {"angle": 45, "axis": "y", "origin": [0, 0, 0]},
			"faces": {
				"north": {"uv": [8, 3.25, 8.5, 3.5], "texture": "#11"},
				"east": {"uv": [1.75, 8.5, 2, 8.75], "texture": "#11"},
				"south": {"uv": [3.5, 8, 4, 8.25], "texture": "#11"},
				"west": {"uv": [8.5, 1.75, 8.75, 2], "texture": "#11"},
				"up": {"uv": [8.5, 3.75, 8, 3.5], "texture": "#11"},
				"down": {"uv": [8.5, 3.75, 8, 4], "texture": "#11"}
			}
		},
		{
			"from": [4, 6.9, 0.7],
			"to": [6.75, 8.4, 2],
			"rotation": {"angle": -45, "axis": "y", "origin": [0, 0, 0]},
			"faces": {
				"north": {"uv": [8, 4, 8.5, 4.25], "texture": "#11"},
				"east": {"uv": [2, 8.5, 2.25, 8.75], "texture": "#11"},
				"south": {"uv": [4.25, 8, 4.75, 8.25], "texture": "#11"},
				"west": {"uv": [8.5, 2, 8.75, 2.25], "texture": "#11"},
				"up": {"uv": [5.25, 8.25, 4.75, 8], "texture": "#11"},
				"down": {"uv": [8.5, 4.75, 8, 5], "texture": "#11"}
			}
		},
		{
			"from": [-0.2, 6.8, -7.2],
			"to": [4.2, 9.2, 3.2],
			"faces": {
				"north": {"uv": [6.25, 1.5, 7.25, 2], "texture": "#11"},
				"east": {"uv": [3.75, 1, 6.25, 1.5], "texture": "#11"},
				"south": {"uv": [4, 6.25, 5, 6.75], "texture": "#11"},
				"west": {"uv": [3.75, 1.5, 6.25, 2], "texture": "#11"},
				"up": {"uv": [3, 2.5, 2, 0], "texture": "#11"},
				"down": {"uv": [3, 2.5, 2, 5], "texture": "#11"}
			}
		},
		{
			"from": [0.275, 7.025, -9.725],
			"to": [3.725, 9.475, 3.725],
			"faces": {
				"north": {"uv": [2, 6.5, 2.75, 7], "texture": "#11"},
				"east": {"uv": [3.75, 0, 7, 0.5], "texture": "#11"},
				"south": {"uv": [6.75, 2.25, 7.5, 2.75], "texture": "#11"},
				"west": {"uv": [3.75, 0.5, 7, 1], "texture": "#11"},
				"up": {"uv": [0.75, 6.25, 0, 3], "texture": "#11"},
				"down": {"uv": [3.75, 0, 3, 3.25], "texture": "#11"}
			}
		},
		{
			"from": [1.05, 6.65, 1.55],
			"to": [2.95, 8.55, 4.95],
			"faces": {
				"north": {"uv": [2.25, 8.5, 2.5, 8.75], "texture": "#11"},
				"east": {"uv": [4.75, 7.25, 5.5, 7.5], "texture": "#11"},
				"south": {"uv": [8.5, 2.25, 8.75, 2.5], "texture": "#11"},
				"west": {"uv": [5.5, 7.25, 6.25, 7.5], "texture": "#11"},
				"up": {"uv": [6.5, 8, 6.25, 7.25], "texture": "#11"},
				"down": {"uv": [6.75, 7.25, 6.5, 8], "texture": "#11"}
			}
		},
		{
			"from": [1.6, 1.4, 5.8],
			"to": [2.5, 2.05, 8.7],
			"rotation": {"angle": -45, "axis": "x", "origin": [0, 0, 0]},
			"faces": {
				"north": {"uv": [2.5, 8.5, 2.75, 8.75], "texture": "#11"},
				"east": {"uv": [6.75, 7.25, 7.5, 7.5], "texture": "#11"},
				"south": {"uv": [8.5, 2.5, 8.75, 2.75], "texture": "#11"},
				"west": {"uv": [7.25, 6.75, 8, 7], "texture": "#11"},
				"up": {"uv": [0.25, 8.25, 0, 7.5], "texture": "#11"},
				"down": {"uv": [0.5, 7.5, 0.25, 8.25], "texture": "#11"}
			}
		},
		{
			"from": [1.575, 1.375, 5.775],
			"to": [2.525, 2.125, 5.975],
			"rotation": {"angle": -45, "axis": "x", "origin": [0, 0, 0]},
			"faces": {
				"north": {"uv": [2.75, 8.5, 3, 8.75], "texture": "#11"},
				"east": {"uv": [8.5, 2.75, 8.75, 3], "texture": "#11"},
				"south": {"uv": [3, 8.5, 3.25, 8.75], "texture": "#11"},
				"west": {"uv": [8.5, 3, 8.75, 3.25], "texture": "#11"},
				"up": {"uv": [3.5, 8.75, 3.25, 8.5], "texture": "#11"},
				"down": {"uv": [8.75, 3.25, 8.5, 3.5], "texture": "#11"}
			}
		},
		{
			"from": [0.349, 7.799, -9.701],
			"to": [4.751, 8.351, 2.751],
			"faces": {
				"north": {"uv": [7, 0.5, 8, 0.75], "texture": "#11"},
				"east": {"uv": [5, 3, 8, 3.25], "texture": "#11"},
				"south": {"uv": [7, 0.75, 8, 1], "texture": "#11"},
				"west": {"uv": [5, 3.25, 8, 3.5], "texture": "#11"},
				"up": {"uv": [1, 3, 0, 0], "texture": "#11"},
				"down": {"uv": [2, 0, 1, 3], "texture": "#11"}
			}
		},
		{
			"from": [-0.25, 6.75, 2.75],
			"to": [4.25, 9.25, 5.25],
			"faces": {
				"north": {"uv": [5, 6.25, 6, 6.75], "texture": "#11"},
				"east": {"uv": [1, 7, 1.5, 7.5], "texture": "#11"},
				"south": {"uv": [6, 6.25, 7, 6.75], "texture": "#11"},
				"west": {"uv": [1.5, 7, 2, 7.5], "texture": "#11"},
				"up": {"uv": [1, 7, 0, 6.5], "texture": "#11"},
				"down": {"uv": [2, 6.5, 1, 7], "texture": "#11"}
			}
		},
		{
			"from": [-0.2, 7.3, -7.7],
			"to": [4.2, 8.7, -4.3],
			"faces": {
				"north": {"uv": [7, 3.5, 8, 3.75], "texture": "#11"},
				"east": {"uv": [7.25, 7, 8, 7.25], "texture": "#11"},
				"south": {"uv": [3.75, 7, 4.75, 7.25], "texture": "#11"},
				"west": {"uv": [7.5, 0, 8.25, 0.25], "texture": "#11"},
				"up": {"uv": [2.75, 5.75, 1.75, 5], "texture": "#11"},
				"down": {"uv": [6, 4.75, 5, 5.5], "texture": "#11"}
			}
		},
		{
			"from": [-0.2, 7.8, -8.7],
			"to": [4.2, 9.2, -5.3],
			"faces": {
				"north": {"uv": [7, 3.75, 8, 4], "texture": "#11"},
				"east": {"uv": [7.5, 0.25, 8.25, 0.5], "texture": "#11"},
				"south": {"uv": [4.75, 7, 5.75, 7.25], "texture": "#11"},
				"west": {"uv": [0.5, 7.5, 1.25, 7.75], "texture": "#11"},
				"up": {"uv": [5, 6.25, 4, 5.5], "texture": "#11"},
				"down": {"uv": [6, 5.5, 5, 6.25], "texture": "#11"}
			}
		},
		{
			"from": [-2.7, 8.05, -8.125],
			"to": [1.7, 8.7, -7.475],
			"faces": {
				"north": {"uv": [7, 4.75, 8, 5], "texture": "#11"},
				"east": {"uv": [3.5, 8.5, 3.75, 8.75], "texture": "#11"},
				"south": {"uv": [7, 5, 8, 5.25], "texture": "#11"},
				"west": {"uv": [8.5, 3.5, 8.75, 3.75], "texture": "#11"},
				"up": {"uv": [8, 5.5, 7, 5.25], "texture": "#11"},
				"down": {"uv": [8, 5.5, 7, 5.75], "texture": "#11"}
			}
		},
		{
			"from": [-2.625, 8.125, -8.375],
			"to": [1.625, 8.625, -7.875],
			"faces": {
				"north": {"uv": [5.75, 7, 6.75, 7.25], "texture": "#11"},
				"east": {"uv": [3.75, 8.5, 4, 8.75], "texture": "#11"},
				"south": {"uv": [7, 5.75, 8, 6], "texture": "#11"},
				"west": {"uv": [8.5, 3.75, 8.75, 4], "texture": "#11"},
				"up": {"uv": [8, 6.25, 7, 6], "texture": "#11"},
				"down": {"uv": [8, 6.25, 7, 6.5], "texture": "#11"}
			}
		},
		{
			"from": [-0.2, 8.3, -9.7],
			"to": [4.2, 9.2, -6.3],
			"faces": {
				"north": {"uv": [7, 6.5, 8, 6.75], "texture": "#11"},
				"east": {"uv": [1.25, 7.5, 2, 7.75], "texture": "#11"},
				"south": {"uv": [7.25, 1, 8.25, 1.25], "texture": "#11"},
				"west": {"uv": [2, 7.5, 2.75, 7.75], "texture": "#11"},
				"up": {"uv": [2.75, 6.5, 1.75, 5.75], "texture": "#11"},
				"down": {"uv": [6.75, 2.25, 5.75, 3], "texture": "#11"}
			}
		}
	],
	"display": {
		"thirdperson_righthand": {
			"rotation": [0, 37, 0],
			"translation": [10.25, -1.5, 4.25],
			"scale": [1.3, 1.3, 1.3]
		},
		"thirdperson_lefthand": {
			"rotation": [0, -50, 0],
			"translation": [-22.25, -2, 3],
			"scale": [1.3, 1.3, 1.3]
		},
		"firstperson_righthand": {
			"rotation": [4, -3, 0],
			"translation": [10, 4, 12]
		},
		"firstperson_lefthand": {
			"rotation": [-25, 43, 0],
			"translation": [-2.25, 5.5, 10]
		},
		"ground": {
			"translation": [13.5, 0, 13.25],
			"scale": [2.25, 2.25, 2.25]
		},
		"gui": {
			"rotation": [90, -45, 90],
			"translation": [-7.5, -7.5, 0],
			"scale": [2, 2, 2]
		},
		"head": {
			"rotation": [90, 37, 0],
			"translation": [15.75, -19, 5.75],
			"scale": [2.25, 2.25, 2.25]
		},
		"fixed": {
			"rotation": [0, -90, 90],
			"translation": [-28.25, 21.5, -4.25],
			"scale": [3.5, 3.5, 3.5]
		}
	},
	"groups": [
		{
			"name": "signalis_mining_laser",
			"origin": [8, 8, 8],
			"color": 0,
			"children": [0, 1, 2, 3, 4, 5, 6, 7, 8, 9, 10, 11, 12, 13, 14, 15, 16, 17, 18, 19, 20, 21, 22, 23, 24, 25, 26, 27, 28, 29, 30, 31, 32, 33, 34, 35, 36, 37, 38, 39, 40, 41, 42, 43]
		}
	]
}