{
	"credit": "Made with Blockbench",
	"textures": {
		"9": "custom/signalis_flare_gun",
		"particle": "custom/signalis_flare_gun"
	},
	"elements": [
		{
			"from": [0.2999, -0.0001, 11.9749],
			"to": [0.7001, 2.0001, 12.7751],
			"faces": {
				"north": {"uv": [4, 3, 5, 5], "texture": "#9"},
				"east": {"uv": [0, 5, 1, 7], "texture": "#9"},
				"south": {"uv": [1, 5, 2, 7], "texture": "#9"},
				"west": {"uv": [5, 1, 6, 3], "texture": "#9"},
				"up": {"uv": [2, 8, 1, 7], "texture": "#9"},
				"down": {"uv": [8, 2, 7, 3], "texture": "#9"}
			}
		},
		{
			"from": [0.2499, 0.1749, 12.1249],
			"to": [0.7501, 0.9501, 12.6751],
			"faces": {
				"north": {"uv": [5, 3, 6, 5], "texture": "#9"},
				"east": {"uv": [4, 5, 5, 7], "texture": "#9"},
				"south": {"uv": [5, 5, 6, 7], "texture": "#9"},
				"west": {"uv": [6, 0, 7, 2], "texture": "#9"},
				"up": {"uv": [8, 4, 7, 3], "texture": "#9"},
				"down": {"uv": [5, 7, 4, 8], "texture": "#9"}
			}
		},
		{
			"from": [0.2499, 0.9499, 12.2499],
			"to": [0.7501, 1.6751, 12.6501],
			"faces": {
				"north": {"uv": [5, 3, 6, 5], "texture": "#9"},
				"east": {"uv": [4, 5, 5, 7], "texture": "#9"},
				"south": {"uv": [5, 5, 6, 7], "texture": "#9"},
				"west": {"uv": [6, 0, 7, 2], "texture": "#9"},
				"up": {"uv": [8, 4, 7, 3], "texture": "#9"},
				"down": {"uv": [5, 7, 4, 8], "texture": "#9"}
			}
		},
		{
			"from": [0.3, -4.89, 11.8],
			"to": [0.7, -2.89, 12.1],
			"rotation": {"angle": -22.5, "axis": "x", "origin": [0, 0, 0]},
			"faces": {
				"north": {"uv": [2, 6, 3, 8], "texture": "#9"},
				"east": {"uv": [6, 2, 7, 4], "texture": "#9"},
				"south": {"uv": [3, 6, 4, 8], "texture": "#9"},
				"west": {"uv": [6, 4, 7, 6], "texture": "#9"},
				"up": {"uv": [8, 5, 7, 4], "texture": "#9"},
				"down": {"uv": [6, 7, 5, 8], "texture": "#9"}
			}
		},
		{
			"from": [0.3, 9.5, 7.7],
			"to": [0.7, 10.7, 8.1],
			"rotation": {"angle": 45, "axis": "x", "origin": [0, 0, 0]},
			"faces": {
				"north": {"uv": [7, 5, 8, 6], "texture": "#9"},
				"east": {"uv": [6, 7, 7, 8], "texture": "#9"},
				"south": {"uv": [7, 7, 8, 8], "texture": "#9"},
				"west": {"uv": [8, 0, 9, 1], "texture": "#9"},
				"up": {"uv": [2, 9, 1, 8], "texture": "#9"},
				"down": {"uv": [9, 1, 8, 2], "texture": "#9"}
			}
		},
		{
			"from": [0.25, -7.744, 10.66],
			"to": [0.75, -7.244, 11.06],
			"rotation": {"angle": -45, "axis": "x", "origin": [0, 0, 0]},
			"faces": {
				"north": {"uv": [2, 8, 3, 9], "texture": "#9"},
				"east": {"uv": [8, 2, 9, 3], "texture": "#9"},
				"south": {"uv": [3, 8, 4, 9], "texture": "#9"},
				"west": {"uv": [8, 3, 9, 4], "texture": "#9"},
				"up": {"uv": [5, 9, 4, 8], "texture": "#9"},
				"down": {"uv": [9, 4, 8, 5], "texture": "#9"}
			}
		},
		{
			"from": [0.299, -0.001, 11.899],
			"to": [0.701, 0.126, 13.051],
			"faces": {
				"north": {"uv": [5, 8, 6, 9], "texture": "#9"},
				"east": {"uv": [8, 5, 9, 6], "texture": "#9"},
				"south": {"uv": [6, 8, 7, 9], "texture": "#9"},
				"west": {"uv": [8, 6, 9, 7], "texture": "#9"},
				"up": {"uv": [8, 9, 7, 8], "texture": "#9"},
				"down": {"uv": [9, 7, 8, 8], "texture": "#9"}
			}
		},
		{
			"from": [0.25, 1.84, 12.65],
			"to": [0.75, 2.34, 13.3],
			"faces": {
				"north": {"uv": [8, 8, 9, 9], "texture": "#9"},
				"east": {"uv": [0, 9, 1, 10], "texture": "#9"},
				"south": {"uv": [9, 0, 10, 1], "texture": "#9"},
				"west": {"uv": [1, 9, 2, 10], "texture": "#9"},
				"up": {"uv": [10, 2, 9, 1], "texture": "#9"},
				"down": {"uv": [3, 9, 2, 10], "texture": "#9"}
			}
		},
		{
			"from": [0.25, 1.79, 10.225],
			"to": [0.75, 2.015, 12.675],
			"faces": {
				"north": {"uv": [9, 2, 10, 3], "texture": "#9"},
				"east": {"uv": [3, 1, 5, 2], "texture": "#9"},
				"south": {"uv": [3, 9, 4, 10], "texture": "#9"},
				"west": {"uv": [6, 6, 8, 7], "texture": "#9"},
				"up": {"uv": [1, 9, 0, 7], "texture": "#9"},
				"down": {"uv": [8, 0, 7, 2], "texture": "#9"}
			}
		},
		{
			"from": [0.2738, 1.6888, 10.7988],
			"to": [0.7262, 1.8412, 11.9762],
			"faces": {
				"north": {"uv": [9, 3, 10, 4], "texture": "#9"},
				"east": {"uv": [4, 9, 5, 10], "texture": "#9"},
				"south": {"uv": [9, 4, 10, 5], "texture": "#9"},
				"west": {"uv": [5, 9, 6, 10], "texture": "#9"},
				"up": {"uv": [10, 6, 9, 5], "texture": "#9"},
				"down": {"uv": [7, 9, 6, 10], "texture": "#9"}
			}
		},
		{
			"from": [0.3, 1.015, 11.05],
			"to": [0.7, 1.165, 11.975],
			"faces": {
				"north": {"uv": [9, 6, 10, 7], "texture": "#9"},
				"east": {"uv": [7, 9, 8, 10], "texture": "#9"},
				"south": {"uv": [9, 7, 10, 8], "texture": "#9"},
				"west": {"uv": [8, 9, 9, 10], "texture": "#9"},
				"up": {"uv": [10, 9, 9, 8], "texture": "#9"},
				"down": {"uv": [10, 9, 9, 10], "texture": "#9"}
			}
		},
		{
			"from": [0.275, 1.4, 10.275],
			"to": [0.725, 1.85, 10.9],
			"faces": {
				"north": {"uv": [0, 10, 1, 11], "texture": "#9"},
				"east": {"uv": [10, 0, 11, 1], "texture": "#9"},
				"south": {"uv": [1, 10, 2, 11], "texture": "#9"},
				"west": {"uv": [10, 1, 11, 2], "texture": "#9"},
				"up": {"uv": [3, 11, 2, 10], "texture": "#9"},
				"down": {"uv": [11, 2, 10, 3], "texture": "#9"}
			}
		},
		{
			"from": [0.249, -6.566, 8.699],
			"to": [0.751, -6.364, 9.101],
			"rotation": {"angle": -45, "axis": "x", "origin": [0, 0, 0]},
			"faces": {
				"north": {"uv": [3, 10, 4, 11], "texture": "#9"},
				"east": {"uv": [10, 3, 11, 4], "texture": "#9"},
				"south": {"uv": [4, 10, 5, 11], "texture": "#9"},
				"west": {"uv": [10, 4, 11, 5], "texture": "#9"},
				"up": {"uv": [6, 11, 5, 10], "texture": "#9"},
				"down": {"uv": [11, 5, 10, 6], "texture": "#9"}
			}
		},
		{
			"from": [0.3, -7.095, 8.53],
			"to": [0.7, -6.745, 8.68],
			"rotation": {"angle": -45, "axis": "x", "origin": [0, 0, 0]},
			"faces": {
				"north": {"uv": [6, 10, 7, 11], "texture": "#9"},
				"east": {"uv": [10, 6, 11, 7], "texture": "#9"},
				"south": {"uv": [7, 10, 8, 11], "texture": "#9"},
				"west": {"uv": [10, 7, 11, 8], "texture": "#9"},
				"up": {"uv": [9, 11, 8, 10], "texture": "#9"},
				"down": {"uv": [11, 8, 10, 9], "texture": "#9"}
			}
		},
		{
			"from": [0.26, 1.25, 10.785],
			"to": [0.755, 1.49, 10.905],
			"faces": {
				"north": {"uv": [9, 11, 8, 10], "rotation": 180, "texture": "#9"},
				"east": {"uv": [10, 6, 11, 7], "rotation": 90, "texture": "#9"},
				"south": {"uv": [11, 8, 10, 9], "texture": "#9"},
				"west": {"uv": [10, 7, 11, 8], "rotation": 270, "texture": "#9"},
				"up": {"uv": [7, 10, 8, 11], "texture": "#9"},
				"down": {"uv": [6, 10, 7, 11], "rotation": 180, "texture": "#9"}
			}
		},
		{
			"from": [0.24, -7.9, 10.61],
			"to": [0.76, -7.73, 10.78],
			"rotation": {"angle": -45, "axis": "x", "origin": [0, 0, 0]},
			"faces": {
				"north": {"uv": [9, 11, 8, 10], "rotation": 180, "texture": "#9"},
				"east": {"uv": [10, 6, 11, 7], "rotation": 90, "texture": "#9"},
				"south": {"uv": [11, 8, 10, 9], "texture": "#9"},
				"west": {"uv": [10, 7, 11, 8], "rotation": 270, "texture": "#9"},
				"up": {"uv": [7, 10, 8, 11], "texture": "#9"},
				"down": {"uv": [6, 10, 7, 11], "rotation": 180, "texture": "#9"}
			}
		},
		{
			"from": [0.265, -6.275, 8.385],
			"to": [0.735, -6.155, 8.505],
			"rotation": {"angle": -45, "axis": "x", "origin": [0, 0, 0]},
			"faces": {
				"north": {"uv": [9, 11, 8, 10], "rotation": 180, "texture": "#9"},
				"east": {"uv": [10, 6, 11, 7], "rotation": 90, "texture": "#9"},
				"south": {"uv": [11, 8, 10, 9], "texture": "#9"},
				"west": {"uv": [10, 7, 11, 8], "rotation": 270, "texture": "#9"},
				"up": {"uv": [7, 10, 8, 11], "texture": "#9"},
				"down": {"uv": [6, 10, 7, 11], "rotation": 180, "texture": "#9"}
			}
		},
		{
			"from": [0.287, 1.272, 12.107],
			"to": [0.713, 1.537, 12.233],
			"faces": {
				"north": {"uv": [9, 11, 8, 10], "rotation": 180, "texture": "#9"},
				"east": {"uv": [10, 6, 11, 7], "rotation": 90, "texture": "#9"},
				"south": {"uv": [11, 8, 10, 9], "texture": "#9"},
				"west": {"uv": [10, 7, 11, 8], "rotation": 270, "texture": "#9"},
				"up": {"uv": [7, 10, 8, 11], "texture": "#9"},
				"down": {"uv": [6, 10, 7, 11], "rotation": 180, "texture": "#9"}
			}
		},
		{
			"from": [0.299, 9.189, 7.599],
			"to": [0.701, 9.541, 7.751],
			"rotation": {"angle": 45, "axis": "x", "origin": [0, 0, 0]},
			"faces": {
				"north": {"uv": [9, 10, 10, 11], "texture": "#9"},
				"east": {"uv": [10, 9, 11, 10], "texture": "#9"},
				"south": {"uv": [10, 10, 11, 11], "texture": "#9"},
				"west": {"uv": [0, 11, 1, 12], "texture": "#9"},
				"up": {"uv": [12, 1, 11, 0], "texture": "#9"},
				"down": {"uv": [2, 11, 1, 12], "texture": "#9"}
			}
		},
		{
			"from": [0.299, -7.551, 9.574],
			"to": [0.701, -7.124, 9.726],
			"rotation": {"angle": -45, "axis": "x", "origin": [0, 0, 0]},
			"faces": {
				"north": {"uv": [11, 1, 12, 2], "texture": "#9"},
				"east": {"uv": [2, 11, 3, 12], "texture": "#9"},
				"south": {"uv": [11, 2, 12, 3], "texture": "#9"},
				"west": {"uv": [3, 11, 4, 12], "texture": "#9"},
				"up": {"uv": [12, 4, 11, 3], "texture": "#9"},
				"down": {"uv": [5, 11, 4, 12], "texture": "#9"}
			}
		},
		{
			"from": [0.3, 5.225, 8.7],
			"to": [0.7, 5.775, 8.958],
			"rotation": {"angle": 22.5, "axis": "x", "origin": [0, 0, 0]},
			"faces": {
				"north": {"uv": [11, 4, 12, 5], "texture": "#9"},
				"east": {"uv": [5, 11, 6, 12], "texture": "#9"},
				"south": {"uv": [11, 5, 12, 6], "texture": "#9"},
				"west": {"uv": [6, 11, 7, 12], "texture": "#9"},
				"up": {"uv": [12, 7, 11, 6], "texture": "#9"},
				"down": {"uv": [8, 11, 7, 12], "texture": "#9"}
			}
		},
		{
			"from": [0.2489, -6.7161, 8.6739],
			"to": [0.7511, -6.5639, 9.1011],
			"rotation": {"angle": -45, "axis": "x", "origin": [0, 0, 0]},
			"faces": {
				"north": {"uv": [11, 7, 12, 8], "texture": "#9"},
				"east": {"uv": [8, 11, 9, 12], "texture": "#9"},
				"south": {"uv": [11, 8, 12, 9], "texture": "#9"},
				"west": {"uv": [9, 11, 10, 12], "texture": "#9"},
				"up": {"uv": [12, 10, 11, 9], "texture": "#9"},
				"down": {"uv": [11, 11, 10, 12], "texture": "#9"}
			}
		},
		{
			"from": [0.25, 2.3, 12.65],
			"to": [0.75, 2.69667, 12.945],
			"faces": {
				"north": {"uv": [11, 10, 12, 11], "texture": "#9"},
				"east": {"uv": [11, 11, 12, 12], "texture": "#9"},
				"south": {"uv": [0, 12, 1, 13], "texture": "#9"},
				"west": {"uv": [12, 0, 13, 1], "texture": "#9"},
				"up": {"uv": [2, 13, 1, 12], "texture": "#9"},
				"down": {"uv": [13, 1, 12, 2], "texture": "#9"}
			}
		},
		{
			"from": [1.675, 0.975, 9.325],
			"to": [2.325, 1.625, 12.325],
			"rotation": {"angle": 45, "axis": "z", "origin": [0, 0, -0.325]},
			"faces": {
				"north": {"uv": [2, 12, 3, 13], "texture": "#9"},
				"east": {"uv": [0, 0, 3, 1], "texture": "#9"},
				"south": {"uv": [12, 2, 13, 3], "texture": "#9"},
				"west": {"uv": [0, 1, 3, 2], "texture": "#9"},
				"up": {"uv": [1, 5, 0, 2], "texture": "#9"},
				"down": {"uv": [2, 2, 1, 5], "texture": "#9"}
			}
		},
		{
			"from": [1.64, 0.94, 12.215],
			"to": [2.36, 1.66, 12.535],
			"rotation": {"angle": 45, "axis": "z", "origin": [0, 0, -0.325]},
			"faces": {
				"north": {"uv": [3, 12, 4, 13], "texture": "#9"},
				"east": {"uv": [12, 3, 13, 4], "texture": "#9"},
				"south": {"uv": [4, 12, 5, 13], "texture": "#9"},
				"west": {"uv": [12, 4, 13, 5], "texture": "#9"},
				"up": {"uv": [6, 13, 5, 12], "texture": "#9"},
				"down": {"uv": [13, 5, 12, 6], "texture": "#9"}
			}
		},
		{
			"from": [1.674, 0.974, 9.649],
			"to": [2.326, 1.626, 9.726],
			"rotation": {"angle": 45, "axis": "z", "origin": [0, 0, -0.325]},
			"faces": {
				"north": {"uv": [6, 12, 7, 13], "texture": "#9"},
				"east": {"uv": [12, 6, 13, 7], "texture": "#9"},
				"south": {"uv": [7, 12, 8, 13], "texture": "#9"},
				"west": {"uv": [12, 7, 13, 8], "texture": "#9"},
				"up": {"uv": [9, 13, 8, 12], "texture": "#9"},
				"down": {"uv": [13, 8, 12, 9], "texture": "#9"}
			}
		},
		{
			"from": [1.74, 1.04, 9.315],
			"to": [2.26, 1.56, 9.41],
			"rotation": {"angle": 45, "axis": "z", "origin": [0, 0, -0.325]},
			"faces": {
				"north": {"uv": [9, 12, 10, 13], "texture": "#9"},
				"east": {"uv": [12, 9, 13, 10], "texture": "#9"},
				"south": {"uv": [10, 12, 11, 13], "texture": "#9"},
				"west": {"uv": [12, 10, 13, 11], "texture": "#9"},
				"up": {"uv": [12, 13, 11, 12], "texture": "#9"},
				"down": {"uv": [13, 11, 12, 12], "texture": "#9"}
			}
		},
		{
			"from": [0.45667, 2.225, 9.475],
			"to": [0.53167, 2.875, 12.275],
			"rotation": {"angle": 0, "axis": "y", "origin": [0, 0, -0.175]},
			"faces": {
				"north": {"uv": [12, 12, 13, 13], "texture": "#9"},
				"east": {"uv": [2, 2, 5, 3], "texture": "#9"},
				"south": {"uv": [0, 13, 1, 14], "texture": "#9"},
				"west": {"uv": [3, 0, 6, 1], "texture": "#9"},
				"up": {"uv": [3, 6, 2, 3], "texture": "#9"},
				"down": {"uv": [4, 3, 3, 6], "texture": "#9"}
			}
		},
		{
			"from": [0.45567, 2.224, 9.649],
			"to": [0.53267, 2.876, 9.726],
			"rotation": {"angle": 0, "axis": "y", "origin": [0, 0, -0.175]},
			"faces": {
				"north": {"uv": [13, 0, 14, 1], "texture": "#9"},
				"east": {"uv": [1, 13, 2, 14], "texture": "#9"},
				"south": {"uv": [13, 1, 14, 2], "texture": "#9"},
				"west": {"uv": [2, 13, 3, 14], "texture": "#9"},
				"up": {"uv": [14, 3, 13, 2], "texture": "#9"},
				"down": {"uv": [4, 13, 3, 14], "texture": "#9"}
			}
		},
		{
			"from": [0.45567, 2.249, 12.769],
			"to": [0.53267, 2.901, 12.921],
			"rotation": {"angle": 0, "axis": "y", "origin": [0, 0, -0.175]},
			"faces": {
				"north": {"uv": [13, 3, 14, 4], "texture": "#9"},
				"east": {"uv": [4, 13, 5, 14], "texture": "#9"},
				"south": {"uv": [13, 4, 14, 5], "texture": "#9"},
				"west": {"uv": [5, 13, 6, 14], "texture": "#9"},
				"up": {"uv": [14, 6, 13, 5], "texture": "#9"},
				"down": {"uv": [7, 13, 6, 14], "texture": "#9"}
			}
		},
		{
			"from": [0.45567, 7.374, 10.674],
			"to": [0.53267, 7.63267, 10.776],
			"rotation": {"angle": 22.5, "axis": "x", "origin": [0, 0, -0.175]},
			"faces": {
				"north": {"uv": [13, 6, 14, 7], "texture": "#9"},
				"east": {"uv": [7, 13, 8, 14], "texture": "#9"},
				"south": {"uv": [13, 7, 14, 8], "texture": "#9"},
				"west": {"uv": [8, 13, 9, 14], "texture": "#9"},
				"up": {"uv": [14, 9, 13, 8], "texture": "#9"},
				"down": {"uv": [10, 13, 9, 14], "texture": "#9"}
			}
		}
	],
	"display": {
		"thirdperson_righthand": {
			"translation": [11.25, 9.75, -6],
			"scale": [1.5, 1.5, 1.5]
		},
		"thirdperson_lefthand": {
			"translation": [-11.25, 9.75, -6],
			"scale": [1.5, 1.5, 1.5]
		},
		"firstperson_righthand": {
			"rotation": [5, 0, 0],
			"translation": [12, 12, 1],
			"scale": [1.15, 1.15, 1.15]
		},
		"firstperson_lefthand": {
			"rotation": [5, 0, 0],
			"translation": [-5.5, 12, 1],
			"scale": [1.15, 1.15, 1.15]
		},
		"ground": {
			"rotation": [0, 0, -90],
			"translation": [11.75, -16.5, -6],
			"scale": [1.75, 1.75, 1.75]
		},
		"gui": {
			"rotation": [90, -45, 90],
			"translation": [-5.5, 20.75, 0],
			"scale": [3, 3, 3]
		},
		"head": {
			"rotation": [-90, 0, 0],
			"translation": [7.75, -36, -13.25],
			"scale": [2, 2, 2]
		},
		"fixed": {
			"rotation": [0, -90, 0],
			"translation": [10.25, 18.75, 21.5],
			"scale": [3, 3, 3]
		}
	},
	"groups": [
		{
			"name": "signalis_flare_gun",
			"origin": [8, 8, 8],
			"color": 0,
			"children": [
				{
					"name": "grip/frame",
					"origin": [8, 8, 8],
					"color": 0,
					"children": [0, 1, 2, 3, 4, 5, 6, 7, 8, 9, 10, 11, 12, 13, 14, 15, 16, 17, 18, 19, 20, 21, 22]
				},
				{
					"name": "barrel",
					"origin": [8, 8, 8],
					"color": 0,
					"children": [23, 24, 25, 26, 27, 28, 29, 30]
				}
			]
		}
	]
}