{
	"credit": "Made with Blockbench",
	"texture_size": [32, 32],
	"textures": {
		"8": "custom/signalis_shotgun",
		"particle": "custom/signalis_shotgun"
	},
	"elements": [
		{
			"from": [-0.01, 0.847, 14.79],
			"to": [0.81, 1.517, 15.90444],
			"rotation": {"angle": 0, "axis": "y", "origin": [0, 0, 2]},
			"faces": {
				"north": {"uv": [8.5, 1.5, 9, 2], "texture": "#8"},
				"east": {"uv": [8, 9.5, 8.5, 10], "texture": "#8"},
				"south": {"uv": [9.5, 8.5, 10, 9], "texture": "#8"},
				"west": {"uv": [9, 9.5, 9.5, 10], "texture": "#8"},
				"up": {"uv": [10, 10, 9.5, 9.5], "texture": "#8"},
				"down": {"uv": [0.5, 10, 0, 10.5], "texture": "#8"}
			}
		},
		{
			"from": [0, 2.78, 14.6666],
			"to": [0.8, 3.43, 15.3166],
			"rotation": {"angle": 0, "axis": "y", "origin": [0, 0, 2]},
			"faces": {
				"north": {"uv": [0.5, 10, 1, 10.5], "texture": "#8"},
				"east": {"uv": [1, 10, 1.5, 10.5], "texture": "#8"},
				"south": {"uv": [1.5, 10, 2, 10.5], "texture": "#8"},
				"west": {"uv": [10, 2, 10.5, 2.5], "texture": "#8"},
				"up": {"uv": [3, 10.5, 2.5, 10], "texture": "#8"},
				"down": {"uv": [10.5, 2.5, 10, 3], "texture": "#8"}
			}
		},
		{
			"from": [0, 2.4, 14.5],
			"to": [0.8, 3.05, 15.15],
			"rotation": {"angle": 0, "axis": "y", "origin": [0, 0, 2]},
			"faces": {
				"north": {"uv": [3, 10, 3.5, 10.5], "texture": "#8"},
				"east": {"uv": [3.5, 10, 4, 10.5], "texture": "#8"},
				"south": {"uv": [10, 3.5, 10.5, 4], "texture": "#8"},
				"west": {"uv": [10, 4, 10.5, 4.5], "texture": "#8"},
				"up": {"uv": [10.5, 5, 10, 4.5], "texture": "#8"},
				"down": {"uv": [10.5, 5, 10, 5.5], "texture": "#8"}
			}
		},
		{
			"from": [-0.01, -3.934, 14.754],
			"to": [0.81, -2.264, 15.424],
			"rotation": {"angle": -22.5, "axis": "x", "origin": [0, 0, 2]},
			"faces": {
				"north": {"uv": [1, 8.5, 1.5, 9.5], "texture": "#8"},
				"east": {"uv": [1.5, 8.5, 2, 9.5], "texture": "#8"},
				"south": {"uv": [8.5, 3, 9, 4], "texture": "#8"},
				"west": {"uv": [4, 8.5, 4.5, 9.5], "texture": "#8"},
				"up": {"uv": [10.5, 6, 10, 5.5], "texture": "#8"},
				"down": {"uv": [10.5, 6, 10, 6.5], "texture": "#8"}
			}
		},
		{
			"from": [-0.1, -2.245, 15.47],
			"to": [0.9, -1.195, 16.12],
			"rotation": {"angle": -22.5, "axis": "x", "origin": [0, 0, 2]},
			"faces": {
				"north": {"uv": [7.5, 10, 8, 10.5], "texture": "#8"},
				"east": {"uv": [10, 7.5, 10.5, 8], "texture": "#8"},
				"south": {"uv": [8, 10, 8.5, 10.5], "texture": "#8"},
				"west": {"uv": [10, 8, 10.5, 8.5], "texture": "#8"},
				"up": {"uv": [9, 10.5, 8.5, 10], "texture": "#8"},
				"down": {"uv": [10.5, 8.5, 10, 9], "texture": "#8"}
			}
		},
		{
			"from": [0, -4.2, 14.4],
			"to": [0.8, -2.3, 15.05],
			"rotation": {"angle": -22.5, "axis": "x", "origin": [0, 0, 2]},
			"faces": {
				"north": {"uv": [8.5, 4, 9, 5], "texture": "#8"},
				"east": {"uv": [4.5, 8.5, 5, 9.5], "texture": "#8"},
				"south": {"uv": [8.5, 8, 9, 9], "texture": "#8"},
				"west": {"uv": [9, 0, 9.5, 1], "texture": "#8"},
				"up": {"uv": [9.5, 10.5, 9, 10], "texture": "#8"},
				"down": {"uv": [10.5, 9, 10, 9.5], "texture": "#8"}
			}
		},
		{
			"from": [-0.1, 3, 9.5],
			"to": [0.9, 4.3, 15.5],
			"rotation": {"angle": 0, "axis": "y", "origin": [0, 0, 2]},
			"faces": {
				"north": {"uv": [9.5, 10, 10, 10.5], "texture": "#8"},
				"east": {"uv": [5, 2, 8, 2.5], "texture": "#8"},
				"south": {"uv": [10, 9.5, 10.5, 10], "texture": "#8"},
				"west": {"uv": [5, 2.5, 8, 3], "texture": "#8"},
				"up": {"uv": [5.5, 6, 5, 3], "texture": "#8"},
				"down": {"uv": [6, 3, 5.5, 6], "texture": "#8"}
			}
		},
		{
			"from": [-0.025, 4.3, 9.5],
			"to": [0.825, 4.8, 14.5],
			"rotation": {"angle": 0, "axis": "y", "origin": [0, 0, 2]},
			"faces": {
				"north": {"uv": [10, 10, 10.5, 10.5], "texture": "#8"},
				"east": {"uv": [0, 6.5, 2.5, 7], "texture": "#8"},
				"south": {"uv": [0, 10.5, 0.5, 11], "texture": "#8"},
				"west": {"uv": [6, 6.5, 8.5, 7], "texture": "#8"},
				"up": {"uv": [3, 9, 2.5, 6.5], "texture": "#8"},
				"down": {"uv": [3.5, 6.5, 3, 9], "texture": "#8"}
			}
		},
		{
			"from": [0.025, 4.3, 14.5],
			"to": [0.775, 4.55, 15],
			"rotation": {"angle": 0, "axis": "y", "origin": [0, 0, 2]},
			"faces": {
				"north": {"uv": [10.5, 0, 11, 0.5], "texture": "#8"},
				"east": {"uv": [0.5, 10.5, 1, 11], "texture": "#8"},
				"south": {"uv": [10.5, 0.5, 11, 1], "texture": "#8"},
				"west": {"uv": [1, 10.5, 1.5, 11], "texture": "#8"},
				"up": {"uv": [11, 1.5, 10.5, 1], "texture": "#8"},
				"down": {"uv": [2, 10.5, 1.5, 11], "texture": "#8"}
			}
		},
		{
			"from": [-0.11, -1.61, 8.84],
			"to": [0.91, -0.29, 13.86],
			"rotation": {"angle": -22.5, "axis": "x", "origin": [0, 0, 2]},
			"faces": {
				"north": {"uv": [10.5, 1.5, 11, 2], "texture": "#8"},
				"east": {"uv": [0, 7, 2.5, 7.5], "texture": "#8"},
				"south": {"uv": [2, 10.5, 2.5, 11], "texture": "#8"},
				"west": {"uv": [7, 5, 9.5, 5.5], "texture": "#8"},
				"up": {"uv": [4, 9, 3.5, 6.5], "texture": "#8"},
				"down": {"uv": [6.5, 7, 6, 9.5], "texture": "#8"}
			}
		},
		{
			"from": [-0.2, -2, 8.85],
			"to": [1, 0, 11.85],
			"rotation": {"angle": -22.5, "axis": "x", "origin": [0, 0, 2]},
			"faces": {
				"north": {"uv": [9, 1, 9.5, 2], "texture": "#8"},
				"east": {"uv": [6, 0, 7.5, 1], "texture": "#8"},
				"south": {"uv": [2.5, 9, 3, 10], "texture": "#8"},
				"west": {"uv": [6, 1, 7.5, 2], "texture": "#8"},
				"up": {"uv": [8.5, 9.5, 8, 8], "texture": "#8"},
				"down": {"uv": [9, 0, 8.5, 1.5], "texture": "#8"}
			}
		},
		{
			"from": [-0.4, -1.8, 9.05],
			"to": [1.2, -0.2, 11.65],
			"rotation": {"angle": -22.5, "axis": "x", "origin": [0, 0, 2]},
			"faces": {
				"north": {"uv": [7.5, 0, 8.5, 1], "texture": "#8"},
				"east": {"uv": [6, 3, 7.5, 4], "texture": "#8"},
				"south": {"uv": [1, 7.5, 2, 8.5], "texture": "#8"},
				"west": {"uv": [6, 4, 7.5, 5], "texture": "#8"},
				"up": {"uv": [6, 7.5, 5, 6], "texture": "#8"},
				"down": {"uv": [7, 5, 6, 6.5], "texture": "#8"}
			}
		},
		{
			"from": [0.23333, -8.4, 11.33333],
			"to": [0.53333, -8.4, 12.33333],
			"rotation": {"angle": -45, "axis": "x", "origin": [0, 0, 0]},
			"faces": {
				"north": {"uv": [0, 0, 0.5, 0], "texture": "#8"},
				"east": {"uv": [0, 0, 0.5, 0], "texture": "#8"},
				"south": {"uv": [0, 0, 0.5, 0], "texture": "#8"},
				"west": {"uv": [0, 0, 0.5, 0], "texture": "#8"},
				"up": {"uv": [11, 2.5, 10.5, 2], "texture": "#8"},
				"down": {"uv": [3, 10.5, 2.5, 11], "texture": "#8"}
			}
		},
		{
			"from": [0.23333, -3.424, 13.185],
			"to": [0.53333, -3.424, 13.685],
			"rotation": {"angle": -22.5, "axis": "x", "origin": [0, 0, 0]},
			"faces": {
				"north": {"uv": [0, 0, 0.5, 0], "texture": "#8"},
				"east": {"uv": [0, 0, 0.5, 0], "texture": "#8"},
				"south": {"uv": [0, 0, 0.5, 0], "texture": "#8"},
				"west": {"uv": [0, 0, 0.5, 0], "texture": "#8"},
				"up": {"uv": [11, 3, 10.5, 2.5], "texture": "#8"},
				"down": {"uv": [3.5, 10.5, 3, 11], "texture": "#8"}
			}
		},
		{
			"from": [0.23333, 6.905, 11.245],
			"to": [0.53333, 6.905, 11.745],
			"rotation": {"angle": 22.5, "axis": "x", "origin": [0, 0, 0]},
			"faces": {
				"north": {"uv": [0, 0, 0.5, 0], "texture": "#8"},
				"east": {"uv": [0, 0, 0.5, 0], "texture": "#8"},
				"south": {"uv": [0, 0, 0.5, 0], "texture": "#8"},
				"west": {"uv": [0, 0, 0.5, 0], "texture": "#8"},
				"up": {"uv": [11, 3.5, 10.5, 3], "texture": "#8"},
				"down": {"uv": [4, 10.5, 3.5, 11], "texture": "#8"}
			}
		},
		{
			"from": [0.23333, -3.068, 12.83333],
			"to": [0.53333, -2.068, 12.83333],
			"rotation": {"angle": -22.5, "axis": "x", "origin": [0, 0, 0]},
			"faces": {
				"north": {"uv": [10.5, 3.5, 11, 4], "texture": "#8"},
				"east": {"uv": [0, 0, 0, 0.5], "texture": "#8"},
				"south": {"uv": [4, 10.5, 4.5, 11], "texture": "#8"},
				"west": {"uv": [0, 0, 0, 0.5], "texture": "#8"},
				"up": {"uv": [0.5, 0, 0, 0], "texture": "#8"},
				"down": {"uv": [0.5, 0, 0, 0], "texture": "#8"}
			}
		},
		{
			"from": [-0.226, 2.749, 3.199],
			"to": [1.076, 4.751, 8.201],
			"rotation": {"angle": 0, "axis": "y", "origin": [0, 0, 2]},
			"faces": {
				"north": {"uv": [3, 9, 3.5, 10], "texture": "#8"},
				"east": {"uv": [0, 2, 2.5, 3], "texture": "#8"},
				"south": {"uv": [9, 3, 9.5, 4], "texture": "#8"},
				"west": {"uv": [2.5, 2, 5, 3], "texture": "#8"},
				"up": {"uv": [7, 9.5, 6.5, 7], "texture": "#8"},
				"down": {"uv": [7.5, 7, 7, 9.5], "texture": "#8"}
			}
		},
		{
			"from": [-0.226, 2.749, 2.489],
			"to": [1.076, 3.151, 3.491],
			"rotation": {"angle": 0, "axis": "y", "origin": [0, 0, 2]},
			"faces": {
				"north": {"uv": [10.5, 4, 11, 4.5], "texture": "#8"},
				"east": {"uv": [4.5, 10.5, 5, 11], "texture": "#8"},
				"south": {"uv": [10.5, 4.5, 11, 5], "texture": "#8"},
				"west": {"uv": [5, 10.5, 5.5, 11], "texture": "#8"},
				"up": {"uv": [11, 5.5, 10.5, 5], "texture": "#8"},
				"down": {"uv": [6, 10.5, 5.5, 11], "texture": "#8"}
			}
		},
		{
			"from": [2.15, 1.55, 2.8],
			"to": [2.85, 2.25, 8],
			"rotation": {"angle": 45, "axis": "z", "origin": [0, 0, 2]},
			"faces": {
				"north": {"uv": [10.5, 5.5, 11, 6], "texture": "#8"},
				"east": {"uv": [7, 5.5, 9.5, 6], "texture": "#8"},
				"south": {"uv": [6, 10.5, 6.5, 11], "texture": "#8"},
				"west": {"uv": [7, 6, 9.5, 6.5], "texture": "#8"},
				"up": {"uv": [0.5, 10, 0, 7.5], "texture": "#8"},
				"down": {"uv": [1, 7.5, 0.5, 10], "texture": "#8"}
			}
		},
		{
			"from": [-0.225, 3.1, 1.25],
			"to": [1.075, 4.85, 2.25],
			"rotation": {"angle": 22.5, "axis": "x", "origin": [0, 0, 2]},
			"faces": {
				"north": {"uv": [3.5, 9, 4, 10], "texture": "#8"},
				"east": {"uv": [9, 4, 9.5, 5], "texture": "#8"},
				"south": {"uv": [9, 8, 9.5, 9], "texture": "#8"},
				"west": {"uv": [8.5, 9, 9, 10], "texture": "#8"},
				"up": {"uv": [11, 6.5, 10.5, 6], "texture": "#8"},
				"down": {"uv": [7, 10.5, 6.5, 11], "texture": "#8"}
			}
		},
		{
			"from": [-0.375, 2.95, 3.2],
			"to": [1.225, 4.55, 8.2],
			"rotation": {"angle": 0, "axis": "y", "origin": [0, 0, 2]},
			"faces": {
				"north": {"uv": [7.5, 11, 8.5, 12], "texture": "#8"},
				"east": {"uv": [4, 11, 6.5, 12], "texture": "#8"},
				"south": {"uv": [11, 7.5, 12, 8.5], "texture": "#8"},
				"west": {"uv": [11, 4, 13.5, 5], "texture": "#8"},
				"up": {"uv": [12, 7.5, 11, 5], "texture": "#8"},
				"down": {"uv": [7.5, 11, 6.5, 13.5], "texture": "#8"}
			}
		},
		{
			"from": [-0.375, 2.95, 2.69],
			"to": [1.225, 3.35, 3.24],
			"faces": {
				"north": {"uv": [8.5, 6.5, 9.5, 7], "texture": "#8"},
				"east": {"uv": [10.5, 6.5, 11, 7], "texture": "#8"},
				"south": {"uv": [9, 9, 10, 9.5], "texture": "#8"},
				"west": {"uv": [7, 10.5, 7.5, 11], "texture": "#8"},
				"up": {"uv": [10.5, 0.5, 9.5, 0], "texture": "#8"},
				"down": {"uv": [10.5, 0.5, 9.5, 1], "texture": "#8"}
			}
		},
		{
			"from": [-0.375, 2.95, 3.2],
			"to": [1.225, 4.55, 8.2],
			"rotation": {"angle": 0, "axis": "y", "origin": [0, 0, 2]},
			"faces": {
				"north": {"uv": [4, 7.5, 5, 8.5], "texture": "#8"},
				"east": {"uv": [3.5, 0, 6, 1], "texture": "#8"},
				"south": {"uv": [7.5, 4, 8.5, 5], "texture": "#8"},
				"west": {"uv": [3.5, 1, 6, 2], "texture": "#8"},
				"up": {"uv": [3, 6.5, 2, 4], "texture": "#8"},
				"down": {"uv": [4, 4, 3, 6.5], "texture": "#8"}
			}
		},
		{
			"from": [-0.374, 3.351, 1.361],
			"to": [1.224, 4.659, 2.359],
			"rotation": {"angle": 22.5, "axis": "x", "origin": [0, 0, 2]},
			"faces": {
				"north": {"uv": [1, 9.5, 2, 10], "texture": "#8"},
				"east": {"uv": [10.5, 7, 11, 7.5], "texture": "#8"},
				"south": {"uv": [9.5, 1, 10.5, 1.5], "texture": "#8"},
				"west": {"uv": [7.5, 10.5, 8, 11], "texture": "#8"},
				"up": {"uv": [10.5, 2, 9.5, 1.5], "texture": "#8"},
				"down": {"uv": [10.5, 3, 9.5, 3.5], "texture": "#8"}
			}
		},
		{
			"from": [-0.15, 3, 3.1],
			"to": [1, 5, 9.6],
			"rotation": {"angle": 0, "axis": "y", "origin": [0, 0, 2]},
			"faces": {
				"north": {"uv": [2, 9.5, 2.5, 10.5], "texture": "#8"},
				"east": {"uv": [0, 0, 3.5, 1], "texture": "#8"},
				"south": {"uv": [9.5, 3.5, 10, 4.5], "texture": "#8"},
				"west": {"uv": [0, 1, 3.5, 2], "texture": "#8"},
				"up": {"uv": [4.5, 7.5, 4, 4], "texture": "#8"},
				"down": {"uv": [5, 4, 4.5, 7.5], "texture": "#8"}
			}
		},
		{
			"from": [0, 5, 8.7],
			"to": [0.15, 5.2, 8.75],
			"faces": {
				"north": {"uv": [10.5, 7.5, 11, 8], "texture": "#8"},
				"east": {"uv": [8, 10.5, 8.5, 11], "texture": "#8"},
				"south": {"uv": [10.5, 8, 11, 8.5], "texture": "#8"},
				"west": {"uv": [8.5, 10.5, 9, 11], "texture": "#8"},
				"up": {"uv": [11, 9, 10.5, 8.5], "texture": "#8"},
				"down": {"uv": [9.5, 10.5, 9, 11], "texture": "#8"}
			}
		},
		{
			"from": [0.7, 5, 8.7],
			"to": [0.85, 5.2, 8.75],
			"faces": {
				"north": {"uv": [10.5, 9, 11, 9.5], "texture": "#8"},
				"east": {"uv": [9.5, 10.5, 10, 11], "texture": "#8"},
				"south": {"uv": [10.5, 9.5, 11, 10], "texture": "#8"},
				"west": {"uv": [10, 10.5, 10.5, 11], "texture": "#8"},
				"up": {"uv": [11, 10.5, 10.5, 10], "texture": "#8"},
				"down": {"uv": [11, 10.5, 10.5, 11], "texture": "#8"}
			}
		},
		{
			"from": [-0.1, 3, 2.3],
			"to": [0.9, 4.8, 3.3],
			"faces": {
				"north": {"uv": [4, 9.5, 4.5, 10.5], "texture": "#8"},
				"east": {"uv": [4.5, 9.5, 5, 10.5], "texture": "#8"},
				"south": {"uv": [9.5, 4.5, 10, 5.5], "texture": "#8"},
				"west": {"uv": [5, 9.5, 5.5, 10.5], "texture": "#8"},
				"up": {"uv": [0.5, 11.5, 0, 11], "texture": "#8"},
				"down": {"uv": [11.5, 0, 11, 0.5], "texture": "#8"}
			}
		},
		{
			"from": [0.1, 2.5, 0.8],
			"to": [0.7, 3.95, 0.9],
			"faces": {
				"north": {"uv": [0.5, 11, 1, 11.5], "texture": "#8"},
				"east": {"uv": [11, 0.5, 11.5, 1], "texture": "#8"},
				"south": {"uv": [1, 11, 1.5, 11.5], "texture": "#8"},
				"west": {"uv": [11, 1, 11.5, 1.5], "texture": "#8"},
				"up": {"uv": [2, 11.5, 1.5, 11], "texture": "#8"},
				"down": {"uv": [11.5, 1.5, 11, 2], "texture": "#8"}
			}
		},
		{
			"from": [0.33, 3.5, -0.3],
			"to": [0.48, 5.1, -0.2],
			"faces": {
				"north": {"uv": [5.5, 9.5, 6, 10.5], "texture": "#8"},
				"east": {"uv": [9.5, 5.5, 10, 6.5], "texture": "#8"},
				"south": {"uv": [6, 9.5, 6.5, 10.5], "texture": "#8"},
				"west": {"uv": [6.5, 9.5, 7, 10.5], "texture": "#8"},
				"up": {"uv": [2.5, 11.5, 2, 11], "texture": "#8"},
				"down": {"uv": [11.5, 2, 11, 2.5], "texture": "#8"}
			}
		},
		{
			"from": [2.9, 2.333, -1.7],
			"to": [3.6, 3.033, 2.3],
			"rotation": {"angle": 45, "axis": "z", "origin": [0, 0, 0]},
			"faces": {
				"north": {"uv": [2.5, 11, 3, 11.5], "texture": "#8"},
				"east": {"uv": [7.5, 7, 9.5, 7.5], "texture": "#8"},
				"south": {"uv": [11, 2.5, 11.5, 3], "texture": "#8"},
				"west": {"uv": [7.5, 7.5, 9.5, 8], "texture": "#8"},
				"up": {"uv": [2.5, 9.5, 2, 7.5], "texture": "#8"},
				"down": {"uv": [5.5, 7.5, 5, 9.5], "texture": "#8"}
			}
		},
		{
			"from": [2.5, 1.933, -1.7],
			"to": [3.2, 2.633, 2.3],
			"rotation": {"angle": 45, "axis": "z", "origin": [0, 0, 0]},
			"faces": {
				"north": {"uv": [3, 11, 3.5, 11.5], "texture": "#8"},
				"east": {"uv": [8, 2, 10, 2.5], "texture": "#8"},
				"south": {"uv": [11, 3, 11.5, 3.5], "texture": "#8"},
				"west": {"uv": [8, 2.5, 10, 3], "texture": "#8"},
				"up": {"uv": [6, 9.5, 5.5, 7.5], "texture": "#8"},
				"down": {"uv": [8, 8, 7.5, 10], "texture": "#8"}
			}
		},
		{
			"from": [2.1, 1.533, -0.3],
			"to": [2.45, 1.883, 2],
			"rotation": {"angle": 45, "axis": "z", "origin": [0, 0, 0]},
			"faces": {
				"north": {"uv": [3.5, 11, 4, 11.5], "texture": "#8"},
				"east": {"uv": [9.5, 6.5, 10.5, 7], "texture": "#8"},
				"south": {"uv": [11, 3.5, 11.5, 4], "texture": "#8"},
				"west": {"uv": [9.5, 7, 10.5, 7.5], "texture": "#8"},
				"up": {"uv": [7.5, 10.5, 7, 9.5], "texture": "#8"},
				"down": {"uv": [10, 7.5, 9.5, 8.5], "texture": "#8"}
			}
		},
		{
			"from": [2.125, 1.558, -0.35],
			"to": [2.425, 1.858, -0.25],
			"rotation": {"angle": 45, "axis": "z", "origin": [0, 0, 0]},
			"faces": {
				"north": {"uv": [2.5, 3.5, 3, 4], "texture": "#8"},
				"east": {"uv": [3, 3.5, 3.5, 4], "texture": "#8"},
				"south": {"uv": [3.5, 3, 4, 3.5], "texture": "#8"},
				"west": {"uv": [3.5, 3.5, 4, 4], "texture": "#8"},
				"up": {"uv": [0.5, 4.5, 0, 4], "texture": "#8"},
				"down": {"uv": [1, 4, 0.5, 4.5], "texture": "#8"}
			}
		},
		{
			"from": [3.03233, 2.46567, -1.751],
			"to": [3.53433, 2.96767, -1.549],
			"rotation": {"angle": 45, "axis": "z", "origin": [0, 0, 0]},
			"faces": {
				"north": {"uv": [3, 3, 3.5, 3.5], "texture": "#8"},
				"east": {"uv": [0, 3.5, 0.5, 4], "texture": "#8"},
				"south": {"uv": [0.5, 3.5, 1, 4], "texture": "#8"},
				"west": {"uv": [1, 3.5, 1.5, 4], "texture": "#8"},
				"up": {"uv": [2, 4, 1.5, 3.5], "texture": "#8"},
				"down": {"uv": [2.5, 3.5, 2, 4], "texture": "#8"}
			}
		},
		{
			"from": [2.56667, 2, -1.75],
			"to": [3.06667, 2.5, -1.55],
			"rotation": {"angle": 45, "axis": "z", "origin": [0, 0, 0]},
			"faces": {
				"north": {"uv": [0, 3, 0.5, 3.5], "texture": "#8"},
				"east": {"uv": [0.5, 3, 1, 3.5], "texture": "#8"},
				"south": {"uv": [1, 3, 1.5, 3.5], "texture": "#8"},
				"west": {"uv": [1.5, 3, 2, 3.5], "texture": "#8"},
				"up": {"uv": [2.5, 3.5, 2, 3], "texture": "#8"},
				"down": {"uv": [3, 3, 2.5, 3.5], "texture": "#8"}
			}
		},
		{
			"from": [0.32, 4.89, -0.31],
			"to": [0.49, 5.11, -0.19],
			"faces": {
				"north": {"uv": [1, 4, 1.5, 4.5], "texture": "#8"},
				"east": {"uv": [1.5, 4, 2, 4.5], "texture": "#8"},
				"south": {"uv": [4, 3, 4.5, 3.5], "texture": "#8"},
				"west": {"uv": [4, 3.5, 4.5, 4], "texture": "#8"},
				"up": {"uv": [0.5, 5, 0, 4.5], "texture": "#8"},
				"down": {"uv": [1, 4.5, 0.5, 5], "texture": "#8"}
			}
		}
	],
	"display": {
		"thirdperson_righthand": {
			"translation": [8.75, 5.25, -5.75],
			"scale": [1.15, 1.15, 1.15]
		},
		"thirdperson_lefthand": {
			"rotation": [90, -7, 180],
			"translation": [8.5, -5, -5.75],
			"scale": [1.15, 1.15, 1.15]
		},
		"firstperson_righthand": {
			"rotation": [10, 0, 0],
			"translation": [12.25, 7.25, 4.75]
		},
		"firstperson_lefthand": {
			"rotation": [10, 0, 0],
			"translation": [-3.25, 7.25, 4.75]
		},
		"ground": {
			"rotation": [0, 0, -90],
			"translation": [3.5, -10.75, 0]
		},
		"gui": {
			"rotation": [90, -45, 90],
			"translation": [-4.25, 3.5, 0],
			"scale": [1.15, 1.15, 1.15]
		},
		"head": {
			"rotation": [-90, 20, 90],
			"translation": [-2.75, -12.75, -9.5],
			"scale": [1.75, 1.75, 1.75]
		},
		"fixed": {
			"rotation": [0, -90, 0],
			"translation": [-1.5, 9.5, 14.5],
			"scale": [2, 2, 2]
		}
	},
	"groups": [
		{
			"name": "signalis_shotgun",
			"origin": [8, 8, 8],
			"color": 0,
			"children": [
				{
					"name": "stock/grip",
					"origin": [8, 8, 8],
					"color": 0,
					"children": [
						0,
						1,
						2,
						3,
						4,
						5,
						6,
						7,
						8,
						9,
						10,
						11,
						{
							"name": "trigger",
							"origin": [8, 8, 8],
							"color": 0,
							"children": [12, 13, 14, 15]
						}
					]
				},
				{
					"name": "pump",
					"origin": [8, 8, 8],
					"color": 0,
					"children": [16, 17, 18, 19, 20, 21, 22, 23, 24, 25, 26]
				},
				{
					"name": "barrel",
					"origin": [8, 8, 8],
					"color": 0,
					"children": [27, 28, 29, 30, 31, 32, 33, 34, 35]
				}
			]
		},
		36
	]
}