{
	"credit": "Made with Blockbench",
	"texture_size": [32, 32],
	"textures": {
		"6": "custom/signalis_pistol",
		"particle": "custom/signalis_pistol"
	},
	"elements": [
		{
			"from": [0, 7, 2],
			"to": [1, 8, 6],
			"faces": {
				"north": {"uv": [6.5, 0, 7, 0.5], "texture": "#6"},
				"east": {"uv": [0, 0, 4, 0.5], "texture": "#6"},
				"south": {"uv": [0.5, 6.5, 1, 7], "texture": "#6"},
				"west": {"uv": [0, 0.5, 4, 1], "texture": "#6"},
				"up": {"uv": [0.5, 5, 0, 1], "texture": "#6"},
				"down": {"uv": [1, 1, 0.5, 5], "texture": "#6"}
			}
		},
		{
			"from": [11.55, 19.55, 1.85],
			"to": [12.05, 20.05, 2.05],
			"rotation": {"angle": 45, "axis": "z", "origin": [21, 0, 0]},
			"faces": {
				"north": {"uv": [6.5, 0.5, 7, 1], "texture": "#6"},
				"east": {"uv": [1, 6.5, 1.5, 7], "texture": "#6"},
				"south": {"uv": [6.5, 1, 7, 1.5], "texture": "#6"},
				"west": {"uv": [6.5, 1.5, 7, 2], "texture": "#6"},
				"up": {"uv": [7, 2.5, 6.5, 2], "texture": "#6"},
				"down": {"uv": [7, 2.5, 6.5, 3], "texture": "#6"}
			}
		},
		{
			"from": [10.95, 18.95, 2],
			"to": [11.35, 19.35, 2.2],
			"rotation": {"angle": 45, "axis": "z", "origin": [21, 0, 0]},
			"faces": {
				"north": {"uv": [6.5, 0.5, 7, 1], "texture": "#6"},
				"east": {"uv": [1, 6.5, 1.5, 7], "texture": "#6"},
				"south": {"uv": [6.5, 1, 7, 1.5], "texture": "#6"},
				"west": {"uv": [6.5, 1.5, 7, 2], "texture": "#6"},
				"up": {"uv": [7, 2.5, 6.5, 2], "texture": "#6"},
				"down": {"uv": [7, 2.5, 6.5, 3], "texture": "#6"}
			}
		},
		{
			"from": [11.1, 18.4, 8.8],
			"to": [11.4, 18.7, 9],
			"rotation": {"angle": 45, "axis": "z", "origin": [21, 0, 0]},
			"faces": {
				"north": {"uv": [7.5, 1, 8, 1.5], "texture": "#6"},
				"east": {"uv": [1.5, 7.5, 2, 8], "texture": "#6"},
				"south": {"uv": [7.5, 1.5, 8, 2], "texture": "#6"},
				"west": {"uv": [2, 7.5, 2.5, 8], "texture": "#6"},
				"up": {"uv": [8, 2.5, 7.5, 2], "texture": "#6"},
				"down": {"uv": [3, 7.5, 2.5, 8], "texture": "#6"}
			}
		},
		{
			"from": [-0.011, 2.014, 14.954],
			"to": [1.011, 3.036, 16.976],
			"rotation": {"angle": -22.5, "axis": "x", "origin": [0, -12, 1]},
			"faces": {
				"north": {"uv": [6.5, 3, 7, 3.5], "texture": "#6"},
				"east": {"uv": [5, 1.5, 6, 2], "texture": "#6"},
				"south": {"uv": [6.5, 3.5, 7, 4], "texture": "#6"},
				"west": {"uv": [5, 2, 6, 2.5], "texture": "#6"},
				"up": {"uv": [2, 6, 1.5, 5], "texture": "#6"},
				"down": {"uv": [5.5, 4, 5, 5], "texture": "#6"}
			}
		},
		{
			"from": [-4, 6, 3],
			"to": [-3, 7, 9],
			"rotation": {"angle": -22.5, "axis": "z", "origin": [0, -3, 0]},
			"faces": {
				"north": {"uv": [6.5, 4, 7, 4.5], "texture": "#6"},
				"east": {"uv": [1, 1, 4, 1.5], "texture": "#6"},
				"south": {"uv": [6.5, 4.5, 7, 5], "texture": "#6"},
				"west": {"uv": [1, 1.5, 4, 2], "texture": "#6"},
				"up": {"uv": [1.5, 5, 1, 2], "texture": "#6"},
				"down": {"uv": [2, 2, 1.5, 5], "texture": "#6"}
			}
		},
		{
			"from": [4, 6, 3],
			"to": [5, 7, 9],
			"rotation": {"angle": 22.5, "axis": "z", "origin": [1, -3, 0]},
			"faces": {
				"north": {"uv": [6.5, 5, 7, 5.5], "texture": "#6"},
				"east": {"uv": [2, 2, 5, 2.5], "texture": "#6"},
				"south": {"uv": [6.5, 5.5, 7, 6], "texture": "#6"},
				"west": {"uv": [2, 2.5, 5, 3], "texture": "#6"},
				"up": {"uv": [2.5, 6, 2, 3], "texture": "#6"},
				"down": {"uv": [3, 3, 2.5, 6], "texture": "#6"}
			}
		},
		{
			"from": [-0.001, 10.999, 10.999],
			"to": [0.251, 12.001, 11.001],
			"rotation": {"angle": 22.5, "axis": "x", "origin": [0, 13, 1]},
			"faces": {
				"north": {"uv": [7.5, 3.5, 8, 4], "texture": "#6"},
				"east": {"uv": [0, 0, 0, 0.5], "texture": "#6"},
				"south": {"uv": [4, 7.5, 4.5, 8], "texture": "#6"},
				"west": {"uv": [0, 0, 0, 0.5], "texture": "#6"},
				"up": {"uv": [0.5, 0, 0, 0], "texture": "#6"},
				"down": {"uv": [0.5, 0, 0, 0], "texture": "#6"}
			}
		},
		{
			"from": [0.749, 10.999, 10.999],
			"to": [1.001, 12.001, 11.001],
			"rotation": {"angle": 22.5, "axis": "x", "origin": [0, 13, 1]},
			"faces": {
				"north": {"uv": [6, 6.5, 6.5, 7], "texture": "#6"},
				"east": {"uv": [0, 0, 0, 0.5], "texture": "#6"},
				"south": {"uv": [6.5, 6, 7, 6.5], "texture": "#6"},
				"west": {"uv": [0, 0, 0, 0.5], "texture": "#6"},
				"up": {"uv": [0.5, 0, 0, 0], "texture": "#6"},
				"down": {"uv": [0.5, 0, 0, 0], "texture": "#6"}
			}
		},
		{
			"from": [-0.002, 10.858, 10.998],
			"to": [1.002, 11.862, 11.002],
			"rotation": {"angle": 22.5, "axis": "x", "origin": [0, 13, 1]},
			"faces": {
				"north": {"uv": [3, 7.5, 3.5, 8], "texture": "#6"},
				"east": {"uv": [0, 0, 0, 0.5], "texture": "#6"},
				"south": {"uv": [7.5, 3, 8, 3.5], "texture": "#6"},
				"west": {"uv": [0, 0, 0, 0.5], "texture": "#6"},
				"up": {"uv": [0.5, 0, 0, 0], "texture": "#6"},
				"down": {"uv": [0.5, 0, 0, 0], "texture": "#6"}
			}
		},
		{
			"from": [-0.01, 5.99, 2.99],
			"to": [1.01, 7.01, 9.01],
			"faces": {
				"north": {"uv": [6.5, 6.5, 7, 7], "texture": "#6"},
				"east": {"uv": [3, 3, 6, 3.5], "texture": "#6"},
				"south": {"uv": [7, 0, 7.5, 0.5], "texture": "#6"},
				"west": {"uv": [3, 3.5, 6, 4], "texture": "#6"},
				"up": {"uv": [3.5, 7, 3, 4], "texture": "#6"},
				"down": {"uv": [4, 4, 3.5, 7], "texture": "#6"}
			}
		},
		{
			"from": [5.65, 4.95, 2.15],
			"to": [6.15, 5.45, 2.25],
			"rotation": {"angle": 45, "axis": "z", "origin": [0, 0, 0]},
			"faces": {
				"north": {"uv": [0.5, 7, 1, 7.5], "texture": "#6"},
				"east": {"uv": [7, 0.5, 7.5, 1], "texture": "#6"},
				"south": {"uv": [1, 7, 1.5, 7.5], "texture": "#6"},
				"west": {"uv": [7, 1, 7.5, 1.5], "texture": "#6"},
				"up": {"uv": [2, 7.5, 1.5, 7], "texture": "#6"},
				"down": {"uv": [7.5, 1.5, 7, 2], "texture": "#6"}
			}
		},
		{
			"from": [-0.003, 6.997, 7.997],
			"to": [1.003, 8.003, 10.003],
			"faces": {
				"north": {"uv": [4, 7, 4.5, 7.5], "texture": "#6"},
				"east": {"uv": [2.5, 7, 3.5, 7.5], "texture": "#6"},
				"south": {"uv": [7, 4, 7.5, 4.5], "texture": "#6"},
				"west": {"uv": [7, 2.5, 8, 3], "texture": "#6"},
				"up": {"uv": [7.5, 4, 7, 3], "texture": "#6"},
				"down": {"uv": [4, 7, 3.5, 8], "texture": "#6"}
			}
		},
		{
			"from": [0.05, 7, 6],
			"to": [0.95, 7.9, 8],
			"faces": {
				"north": {"uv": [6, 7, 6.5, 7.5], "texture": "#6"},
				"east": {"uv": [4.5, 7, 5.5, 7.5], "texture": "#6"},
				"south": {"uv": [7, 6, 7.5, 6.5], "texture": "#6"},
				"west": {"uv": [7, 4.5, 8, 5], "texture": "#6"},
				"up": {"uv": [7.5, 6, 7, 5], "texture": "#6"},
				"down": {"uv": [6, 7, 5.5, 8], "texture": "#6"}
			}
		},
		{
			"from": [0.05, 6.1, 2.1],
			"to": [0.95, 7, 4],
			"faces": {
				"north": {"uv": [0.5, 7.5, 1, 8], "texture": "#6"},
				"east": {"uv": [6.5, 7, 7.5, 7.5], "texture": "#6"},
				"south": {"uv": [1, 7.5, 1.5, 8], "texture": "#6"},
				"west": {"uv": [7, 6.5, 8, 7], "texture": "#6"},
				"up": {"uv": [0.5, 8.5, 0, 7.5], "texture": "#6"},
				"down": {"uv": [8, 0, 7.5, 1], "texture": "#6"}
			}
		},
		{
			"from": [-0.01, -1.01, 9.99],
			"to": [1.01, 2.01, 11.01],
			"rotation": {"angle": -22.5, "axis": "x", "origin": [0, 0, 0]},
			"faces": {
				"north": {"uv": [0, 5, 0.5, 6.5], "texture": "#6"},
				"east": {"uv": [5, 0, 5.5, 1.5], "texture": "#6"},
				"south": {"uv": [0.5, 5, 1, 6.5], "texture": "#6"},
				"west": {"uv": [1, 5, 1.5, 6.5], "texture": "#6"},
				"up": {"uv": [2.5, 7.5, 2, 7], "texture": "#6"},
				"down": {"uv": [7.5, 2, 7, 2.5], "texture": "#6"}
			}
		},
		{
			"from": [0.35, 5, 7],
			"to": [0.65, 5, 9],
			"faces": {
				"north": {"uv": [0, 0, 0.5, 0], "texture": "#6"},
				"east": {"uv": [0, 0, 1, 0], "texture": "#6"},
				"south": {"uv": [0, 0, 0.5, 0], "texture": "#6"},
				"west": {"uv": [0, 0, 1, 0], "texture": "#6"},
				"up": {"uv": [5.5, 6, 5, 5], "texture": "#6"},
				"down": {"uv": [6, 0, 5.5, 1], "texture": "#6"}
			}
		},
		{
			"from": [-0.01, -2.01, 10.99],
			"to": [1.01, 2.01, 12.01],
			"rotation": {"angle": -22.5, "axis": "x", "origin": [0, 0, 0]},
			"faces": {
				"north": {"uv": [4, 0, 4.5, 2], "texture": "#6"},
				"east": {"uv": [4, 4, 4.5, 6], "texture": "#6"},
				"south": {"uv": [4.5, 0, 5, 2], "texture": "#6"},
				"west": {"uv": [4.5, 4, 5, 6], "texture": "#6"},
				"up": {"uv": [10.5, 2.5, 10, 2], "texture": "#6"},
				"down": {"uv": [3, 10, 2.5, 10.5], "texture": "#6"}
			}
		},
		{
			"from": [-0.001, 13.999, 10.999],
			"to": [1.001, 15.001, 13.001],
			"rotation": {"angle": 45, "axis": "x", "origin": [0, 14, 0]},
			"faces": {
				"north": {"uv": [10, 3, 10.5, 3.5], "texture": "#6"},
				"east": {"uv": [5, 2.5, 6, 3], "texture": "#6"},
				"south": {"uv": [10, 3.5, 10.5, 4], "texture": "#6"},
				"west": {"uv": [5.5, 1, 6.5, 1.5], "texture": "#6"},
				"up": {"uv": [6, 5, 5.5, 4], "texture": "#6"},
				"down": {"uv": [6, 5, 5.5, 6], "texture": "#6"}
			}
		},
		{
			"from": [0, -2, 11],
			"to": [1, 0, 12],
			"rotation": {"angle": -22.5, "axis": "x", "origin": [0, -2, 0]},
			"faces": {
				"north": {"uv": [6, 0, 6.5, 1], "texture": "#6"},
				"east": {"uv": [1.5, 6, 2, 7], "texture": "#6"},
				"south": {"uv": [6, 1.5, 6.5, 2.5], "texture": "#6"},
				"west": {"uv": [2, 6, 2.5, 7], "texture": "#6"},
				"up": {"uv": [10.5, 4.5, 10, 4], "texture": "#6"},
				"down": {"uv": [10.5, 4.5, 10, 5], "texture": "#6"}
			}
		},
		{
			"from": [0, 1, 13],
			"to": [1, 3, 14],
			"rotation": {"angle": -22.5, "axis": "x", "origin": [0, -5, 2]},
			"faces": {
				"north": {"uv": [2.5, 6, 3, 7], "texture": "#6"},
				"east": {"uv": [6, 2.5, 6.5, 3.5], "texture": "#6"},
				"south": {"uv": [6, 3.5, 6.5, 4.5], "texture": "#6"},
				"west": {"uv": [4, 6, 4.5, 7], "texture": "#6"},
				"up": {"uv": [10.5, 5.5, 10, 5], "texture": "#6"},
				"down": {"uv": [6, 10, 5.5, 10.5], "texture": "#6"}
			}
		},
		{
			"from": [0.35, 2, 8],
			"to": [0.65, 4, 8],
			"rotation": {"angle": -22.5, "axis": "x", "origin": [0, 1, 0]},
			"faces": {
				"north": {"uv": [4.5, 6, 5, 7], "texture": "#6"},
				"east": {"uv": [0, 0, 0, 1], "texture": "#6"},
				"south": {"uv": [6, 4.5, 6.5, 5.5], "texture": "#6"},
				"west": {"uv": [0, 0, 0, 1], "texture": "#6"},
				"up": {"uv": [0.5, 0, 0, 0], "texture": "#6"},
				"down": {"uv": [0.5, 0, 0, 0], "texture": "#6"}
			}
		},
		{
			"from": [0, 5, 9],
			"to": [1, 7, 10],
			"faces": {
				"north": {"uv": [5, 6, 5.5, 7], "texture": "#6"},
				"east": {"uv": [5.5, 6, 6, 7], "texture": "#6"},
				"south": {"uv": [6, 5.5, 6.5, 6.5], "texture": "#6"},
				"west": {"uv": [0, 6.5, 0.5, 7.5], "texture": "#6"},
				"up": {"uv": [10.5, 6, 10, 5.5], "texture": "#6"},
				"down": {"uv": [6.5, 10, 6, 10.5], "texture": "#6"}
			}
		}
	],
	"display": {
		"thirdperson_righthand": {
			"translation": [6.75, 2.5, 0],
			"scale": [0.9, 0.9, 0.9]
		},
		"thirdperson_lefthand": {
			"translation": [-6.75, 2.5, 0],
			"scale": [0.9, 0.9, 0.9]
		},
		"firstperson_righthand": {
			"rotation": [8, 0, 0],
			"translation": [12.75, 4.25, 1.5]
		},
		"firstperson_lefthand": {
			"rotation": [8, 0, 0],
			"translation": [-2.25, 4.25, 1.5]
		},
		"ground": {
			"rotation": [0, 45, 90],
			"translation": [0, 4.5, 0]
		},
		"gui": {
			"rotation": [90, -45, 90],
			"translation": [-3.75, 1.5, 0],
			"scale": [1.45, 1.45, 1.45]
		},
		"head": {
			"rotation": [-90, 0, 0],
			"translation": [17, -28, -3],
			"scale": [1.3, 1.3, 1.3]
		},
		"fixed": {
			"rotation": [0, -90, 0],
			"translation": [-1.75, 4.5, 10.5],
			"scale": [1.5, 1.5, 1.5]
		}
	},
	"groups": [
		{
			"name": "signalis_pistol",
			"origin": [8, 8, 8],
			"color": 0,
			"children": [
				{
					"name": "barrel",
					"origin": [16, 0, 0],
					"color": 0,
					"children": [0, 1, 2, 3, 4, 5, 6, 7, 8, 9, 10, 11, 12, 13, 14]
				},
				{
					"name": "grip",
					"origin": [0, 0, 0],
					"color": 0,
					"children": [15, 16, 17, 18, 19, 20, 21, 22]
				}
			]
		}
	]
}