{
	"credit": "Made with Blockbench",
	"texture_size": [32, 32],
	"textures": {
		"15": "custom/signalis_ak",
		"particle": "custom/signalis_ak"
	},
	"elements": [
		{
			"from": [6.085, -3, 14.45],
			"to": [6.86, -1.3, 15.15],
			"rotation": {"angle": -22.5, "axis": "x", "origin": [6, 0, 0]},
			"faces": {
				"north": {"uv": [10, 6.5, 10.5, 7.5], "texture": "#15"},
				"east": {"uv": [10.5, 1.5, 11, 2.5], "texture": "#15"},
				"south": {"uv": [4.5, 10.5, 5, 11.5], "texture": "#15"},
				"west": {"uv": [5, 10.5, 5.5, 11.5], "texture": "#15"},
				"up": {"uv": [12, 2, 11.5, 1.5], "texture": "#15"},
				"down": {"uv": [5, 11.5, 4.5, 12], "texture": "#15"}
			}
		},
		{
			"from": [6.41, 2.975, 1],
			"to": [6.535, 4.325, 1.175],
			"rotation": {"angle": -22.5, "axis": "x", "origin": [6, 0, -1]},
			"faces": {
				"north": {"uv": [5, 11.5, 5.5, 12], "texture": "#15"},
				"east": {"uv": [11.5, 5, 12, 5.5], "texture": "#15"},
				"south": {"uv": [11.5, 6, 12, 6.5], "texture": "#15"},
				"west": {"uv": [6.5, 11.5, 7, 12], "texture": "#15"},
				"up": {"uv": [12, 7, 11.5, 6.5], "texture": "#15"},
				"down": {"uv": [7.5, 11.5, 7, 12], "texture": "#15"}
			}
		},
		{
			"from": [6.41, 4.475, 0.8],
			"to": [6.535, 5.325, 1.225],
			"rotation": {"angle": 22.5, "axis": "x", "origin": [6, 0, -1]},
			"faces": {
				"north": {"uv": [7.5, 11.5, 8, 12], "texture": "#15"},
				"east": {"uv": [11.5, 8, 12, 8.5], "texture": "#15"},
				"south": {"uv": [8.5, 11.5, 9, 12], "texture": "#15"},
				"west": {"uv": [11.5, 8.5, 12, 9], "texture": "#15"},
				"up": {"uv": [10, 12, 9.5, 11.5], "texture": "#15"},
				"down": {"uv": [10.5, 11.5, 10, 12], "texture": "#15"}
			}
		},
		{
			"from": [6.41, 3.475, -0.825],
			"to": [6.535, 4.825, -0.65],
			"rotation": {"angle": 0, "axis": "x", "origin": [6, 0, -1]},
			"faces": {
				"north": {"uv": [11.5, 10, 12, 10.5], "texture": "#15"},
				"east": {"uv": [11.5, 10.5, 12, 11], "texture": "#15"},
				"south": {"uv": [11, 11.5, 11.5, 12], "texture": "#15"},
				"west": {"uv": [11.5, 11.5, 12, 12], "texture": "#15"},
				"up": {"uv": [0.5, 12.5, 0, 12], "texture": "#15"},
				"down": {"uv": [1, 12, 0.5, 12.5], "texture": "#15"}
			}
		},
		{
			"from": [6.41, 2.8, -0.175],
			"to": [6.535, 3.15, 0],
			"rotation": {"angle": 0, "axis": "x", "origin": [6, 0, -1]},
			"faces": {
				"north": {"uv": [12, 0.5, 12.5, 1], "texture": "#15"},
				"east": {"uv": [1, 12, 1.5, 12.5], "texture": "#15"},
				"south": {"uv": [12, 1, 12.5, 1.5], "texture": "#15"},
				"west": {"uv": [12, 1.5, 12.5, 2], "texture": "#15"},
				"up": {"uv": [12.5, 2.5, 12, 2], "texture": "#15"},
				"down": {"uv": [3, 12, 2.5, 12.5], "texture": "#15"}
			}
		},
		{
			"from": [6.41, 3.5, -0.7],
			"to": [6.535, 3.85, -0.375],
			"rotation": {"angle": 0, "axis": "x", "origin": [6, 0, -1]},
			"faces": {
				"north": {"uv": [12, 2.5, 12.5, 3], "texture": "#15"},
				"east": {"uv": [3, 12, 3.5, 12.5], "texture": "#15"},
				"south": {"uv": [12, 3, 12.5, 3.5], "texture": "#15"},
				"west": {"uv": [3.5, 12, 4, 12.5], "texture": "#15"},
				"up": {"uv": [12.5, 4, 12, 3.5], "texture": "#15"},
				"down": {"uv": [12.5, 4, 12, 4.5], "texture": "#15"}
			}
		},
		{
			"from": [6.41, 4.125, -0.7],
			"to": [6.535, 4.375, -0.5],
			"rotation": {"angle": 0, "axis": "x", "origin": [6, 0, -1]},
			"faces": {
				"north": {"uv": [4.5, 12, 5, 12.5], "texture": "#15"},
				"east": {"uv": [12, 4.5, 12.5, 5], "texture": "#15"},
				"south": {"uv": [5, 12, 5.5, 12.5], "texture": "#15"},
				"west": {"uv": [12, 5, 12.5, 5.5], "texture": "#15"},
				"up": {"uv": [6, 12.5, 5.5, 12], "texture": "#15"},
				"down": {"uv": [12.5, 5.5, 12, 6], "texture": "#15"}
			}
		},
		{
			"from": [6.41, 2.8, 2.275],
			"to": [6.535, 3.15, 2.45],
			"rotation": {"angle": 0, "axis": "x", "origin": [6, 0, -1]},
			"faces": {
				"north": {"uv": [6, 12, 6.5, 12.5], "texture": "#15"},
				"east": {"uv": [12, 6, 12.5, 6.5], "texture": "#15"},
				"south": {"uv": [6.5, 12, 7, 12.5], "texture": "#15"},
				"west": {"uv": [12, 6.5, 12.5, 7], "texture": "#15"},
				"up": {"uv": [7.5, 12.5, 7, 12], "texture": "#15"},
				"down": {"uv": [12.5, 7, 12, 7.5], "texture": "#15"}
			}
		},
		{
			"from": [5.998, 1.33133, 20.998],
			"to": [6.952, 1.67783, 23.002],
			"rotation": {"angle": 0, "axis": "y", "origin": [5.05, 0, 7]},
			"faces": {
				"north": {"uv": [7.5, 12, 8, 12.5], "texture": "#15"},
				"east": {"uv": [10.5, 5, 11.5, 5.5], "texture": "#15"},
				"south": {"uv": [12, 7.5, 12.5, 8], "texture": "#15"},
				"west": {"uv": [5.5, 10.5, 6.5, 11], "texture": "#15"},
				"up": {"uv": [11, 6.5, 10.5, 5.5], "texture": "#15"},
				"down": {"uv": [7, 10.5, 6.5, 11.5], "texture": "#15"}
			}
		},
		{
			"from": [6.05, 0.435, 21.775],
			"to": [6.9, 1.435, 23],
			"rotation": {"angle": 0, "axis": "y", "origin": [5.05, 0, 7]},
			"faces": {
				"north": {"uv": [8, 12, 8.5, 12.5], "texture": "#15"},
				"east": {"uv": [12, 8, 12.5, 8.5], "texture": "#15"},
				"south": {"uv": [8.5, 12, 9, 12.5], "texture": "#15"},
				"west": {"uv": [12, 8.5, 12.5, 9], "texture": "#15"},
				"up": {"uv": [9.5, 12.5, 9, 12], "texture": "#15"},
				"down": {"uv": [12.5, 9, 12, 9.5], "texture": "#15"}
			}
		},
		{
			"from": [6, 2.4, 16.6],
			"to": [6.95, 4.075, 22.6],
			"rotation": {"angle": 0, "axis": "y", "origin": [5.05, 0, 7]},
			"faces": {
				"north": {"uv": [10.5, 6.5, 11, 7.5], "texture": "#15"},
				"east": {"uv": [0, 2, 3, 3], "texture": "#15"},
				"south": {"uv": [7, 10.5, 7.5, 11.5], "texture": "#15"},
				"west": {"uv": [0, 3, 3, 4], "texture": "#15"},
				"up": {"uv": [2, 8, 1.5, 5], "texture": "#15"},
				"down": {"uv": [2.5, 5, 2, 8], "texture": "#15"}
			}
		},
		{
			"from": [6.049, -4.75933, 14.774],
			"to": [6.901, -3.42683, 16.001],
			"rotation": {"angle": -45, "axis": "x", "origin": [5.05, 0, 7]},
			"faces": {
				"north": {"uv": [10, 12, 10.5, 12.5], "texture": "#15"},
				"east": {"uv": [12, 10, 12.5, 10.5], "texture": "#15"},
				"south": {"uv": [10.5, 12, 11, 12.5], "texture": "#15"},
				"west": {"uv": [12, 10.5, 12.5, 11], "texture": "#15"},
				"up": {"uv": [11.5, 12.5, 11, 12], "texture": "#15"},
				"down": {"uv": [12.5, 11, 12, 11.5], "texture": "#15"}
			}
		},
		{
			"from": [6.049, 3.06567, 14.774],
			"to": [6.901, 3.62317, 16.001],
			"rotation": {"angle": 0, "axis": "x", "origin": [5.05, 0, 7]},
			"faces": {
				"north": {"uv": [11.5, 12, 12, 12.5], "texture": "#15"},
				"east": {"uv": [12, 11.5, 12.5, 12], "texture": "#15"},
				"south": {"uv": [12, 12, 12.5, 12.5], "texture": "#15"},
				"west": {"uv": [0, 12.5, 0.5, 13], "texture": "#15"},
				"up": {"uv": [13, 0.5, 12.5, 0], "texture": "#15"},
				"down": {"uv": [1, 12.5, 0.5, 13], "texture": "#15"}
			}
		},
		{
			"from": [6.049, 3.61567, 14.674],
			"to": [6.901, 4.07317, 15.851],
			"rotation": {"angle": 0, "axis": "x", "origin": [5.05, 0, 7]},
			"faces": {
				"north": {"uv": [12.5, 0.5, 13, 1], "texture": "#15"},
				"east": {"uv": [1, 12.5, 1.5, 13], "texture": "#15"},
				"south": {"uv": [12.5, 1, 13, 1.5], "texture": "#15"},
				"west": {"uv": [1.5, 12.5, 2, 13], "texture": "#15"},
				"up": {"uv": [13, 2, 12.5, 1.5], "texture": "#15"},
				"down": {"uv": [2.5, 12.5, 2, 13], "texture": "#15"}
			}
		},
		{
			"from": [5.999, 1.665, 18.999],
			"to": [6.951, 3.342, 23.001],
			"rotation": {"angle": 0, "axis": "y", "origin": [5.05, 0, 7]},
			"faces": {
				"north": {"uv": [7.5, 10.5, 8, 11.5], "texture": "#15"},
				"east": {"uv": [3.5, 0, 5.5, 1], "texture": "#15"},
				"south": {"uv": [10.5, 7.5, 11, 8.5], "texture": "#15"},
				"west": {"uv": [3.5, 1, 5.5, 2], "texture": "#15"},
				"up": {"uv": [9, 2, 8.5, 0], "texture": "#15"},
				"down": {"uv": [1.5, 8.5, 1, 10.5], "texture": "#15"}
			}
		},
		{
			"from": [5.9975, 2.2675, 15.8225],
			"to": [6.9525, 3.9475, 23.0025],
			"rotation": {"angle": 0, "axis": "y", "origin": [5.05, 0, 7]},
			"faces": {
				"north": {"uv": [8.5, 10.5, 9, 11.5], "texture": "#15"},
				"east": {"uv": [0, 0, 3.5, 1], "texture": "#15"},
				"south": {"uv": [10.5, 8.5, 11, 9.5], "texture": "#15"},
				"west": {"uv": [0, 1, 3.5, 2], "texture": "#15"},
				"up": {"uv": [0.5, 7.5, 0, 4], "texture": "#15"},
				"down": {"uv": [1, 4, 0.5, 7.5], "texture": "#15"}
			}
		},
		{
			"from": [6.05, 2.135, 15.875],
			"to": [6.9, 3.135, 17.1],
			"rotation": {"angle": 0, "axis": "y", "origin": [5.05, 0, 7]},
			"faces": {
				"north": {"uv": [12.5, 2, 13, 2.5], "texture": "#15"},
				"east": {"uv": [2.5, 12.5, 3, 13], "texture": "#15"},
				"south": {"uv": [12.5, 2.5, 13, 3], "texture": "#15"},
				"west": {"uv": [3, 12.5, 3.5, 13], "texture": "#15"},
				"up": {"uv": [13, 3.5, 12.5, 3], "texture": "#15"},
				"down": {"uv": [4, 12.5, 3.5, 13], "texture": "#15"}
			}
		},
		{
			"from": [6.05, 0.775, 20.775],
			"to": [6.9, 1.775, 22],
			"rotation": {"angle": 0, "axis": "y", "origin": [5.05, 0, 7]},
			"faces": {
				"north": {"uv": [12.5, 3.5, 13, 4], "texture": "#15"},
				"east": {"uv": [4, 12.5, 4.5, 13], "texture": "#15"},
				"south": {"uv": [12.5, 4, 13, 4.5], "texture": "#15"},
				"west": {"uv": [4.5, 12.5, 5, 13], "texture": "#15"},
				"up": {"uv": [13, 5, 12.5, 4.5], "texture": "#15"},
				"down": {"uv": [5.5, 12.5, 5, 13], "texture": "#15"}
			}
		},
		{
			"from": [6.05, 1.795, 17.1],
			"to": [6.9, 2.795, 18.325],
			"rotation": {"angle": 0, "axis": "y", "origin": [5.05, 0, 7]},
			"faces": {
				"north": {"uv": [12.5, 5, 13, 5.5], "texture": "#15"},
				"east": {"uv": [5.5, 12.5, 6, 13], "texture": "#15"},
				"south": {"uv": [12.5, 5.5, 13, 6], "texture": "#15"},
				"west": {"uv": [6, 12.5, 6.5, 13], "texture": "#15"},
				"up": {"uv": [13, 6.5, 12.5, 6], "texture": "#15"},
				"down": {"uv": [7, 12.5, 6.5, 13], "texture": "#15"}
			}
		},
		{
			"from": [6.05, 1.455, 18.325],
			"to": [6.9, 2.455, 19.55],
			"rotation": {"angle": 0, "axis": "y", "origin": [5.05, 0, 7]},
			"faces": {
				"north": {"uv": [12.5, 6.5, 13, 7], "texture": "#15"},
				"east": {"uv": [7, 12.5, 7.5, 13], "texture": "#15"},
				"south": {"uv": [12.5, 7, 13, 7.5], "texture": "#15"},
				"west": {"uv": [7.5, 12.5, 8, 13], "texture": "#15"},
				"up": {"uv": [13, 8, 12.5, 7.5], "texture": "#15"},
				"down": {"uv": [8.5, 12.5, 8, 13], "texture": "#15"}
			}
		},
		{
			"from": [6.05, -4.29, 15.45],
			"to": [6.9, -4.04, 16.45],
			"rotation": {"angle": -45, "axis": "x", "origin": [5.05, -0.5, 7.25]},
			"faces": {
				"north": {"uv": [12.5, 8, 13, 8.5], "texture": "#15"},
				"east": {"uv": [8.5, 12.5, 9, 13], "texture": "#15"},
				"south": {"uv": [12.5, 8.5, 13, 9], "texture": "#15"},
				"west": {"uv": [9, 12.5, 9.5, 13], "texture": "#15"},
				"up": {"uv": [13, 9.5, 12.5, 9], "texture": "#15"},
				"down": {"uv": [10, 12.5, 9.5, 13], "texture": "#15"}
			}
		},
		{
			"from": [6.05, 1.115, 19.55],
			"to": [6.9, 2.115, 20.775],
			"rotation": {"angle": 0, "axis": "y", "origin": [5.05, 0, 7]},
			"faces": {
				"north": {"uv": [12.5, 9.5, 13, 10], "texture": "#15"},
				"east": {"uv": [10, 12.5, 10.5, 13], "texture": "#15"},
				"south": {"uv": [12.5, 10, 13, 10.5], "texture": "#15"},
				"west": {"uv": [10.5, 12.5, 11, 13], "texture": "#15"},
				"up": {"uv": [13, 11, 12.5, 10.5], "texture": "#15"},
				"down": {"uv": [11.5, 12.5, 11, 13], "texture": "#15"}
			}
		},
		{
			"from": [6.05, 3.75, 16],
			"to": [6.9, 4, 23],
			"rotation": {"angle": 0, "axis": "y", "origin": [5.05, 0, 7]},
			"faces": {
				"north": {"uv": [12.5, 11.5, 13, 12], "texture": "#15"},
				"east": {"uv": [1, 4, 4.5, 4.5], "texture": "#15"},
				"south": {"uv": [12, 12.5, 12.5, 13], "texture": "#15"},
				"west": {"uv": [1, 4.5, 4.5, 5], "texture": "#15"},
				"up": {"uv": [5, 7.5, 4.5, 4], "texture": "#15"},
				"down": {"uv": [1.5, 5, 1, 8.5], "texture": "#15"}
			}
		},
		{
			"from": [6.005, 0.39, 22.955],
			"to": [6.945, 4.045, 23.295],
			"rotation": {"angle": 0, "axis": "y", "origin": [5.05, 0, 7]},
			"faces": {
				"north": {"uv": [5, 8.5, 5.5, 10.5], "texture": "#15"},
				"east": {"uv": [5.5, 8.5, 6, 10.5], "texture": "#15"},
				"south": {"uv": [6, 8.5, 6.5, 10.5], "texture": "#15"},
				"west": {"uv": [6.5, 8.5, 7, 10.5], "texture": "#15"},
				"up": {"uv": [13, 12.5, 12.5, 12], "texture": "#15"},
				"down": {"uv": [13, 12.5, 12.5, 13], "texture": "#15"}
			}
		},
		{
			"from": [6.1, 2.925, 4.625],
			"to": [6.85, 3.425, 10.625],
			"rotation": {"angle": 0, "axis": "y", "origin": [6, 0, -0.35]},
			"faces": {
				"north": {"uv": [0, 13, 0.5, 13.5], "texture": "#15"},
				"east": {"uv": [5, 4, 8, 4.5], "texture": "#15"},
				"south": {"uv": [13, 0, 13.5, 0.5], "texture": "#15"},
				"west": {"uv": [5, 4.5, 8, 5], "texture": "#15"},
				"up": {"uv": [3, 8, 2.5, 5], "texture": "#15"},
				"down": {"uv": [3.5, 5, 3, 8], "texture": "#15"}
			}
		},
		{
			"from": [6.175, 2.75, 4.625],
			"to": [6.775, 2.925, 10.625],
			"rotation": {"angle": 0, "axis": "y", "origin": [6, 0, -0.35]},
			"faces": {
				"north": {"uv": [0.5, 13, 1, 13.5], "texture": "#15"},
				"east": {"uv": [5, 5, 8, 5.5], "texture": "#15"},
				"south": {"uv": [13, 0.5, 13.5, 1], "texture": "#15"},
				"west": {"uv": [5.5, 0, 8.5, 0.5], "texture": "#15"},
				"up": {"uv": [4, 8, 3.5, 5], "texture": "#15"},
				"down": {"uv": [4.5, 5, 4, 8], "texture": "#15"}
			}
		},
		{
			"from": [6.174, 2.749, 7.999],
			"to": [6.776, 2.926, 8.101],
			"rotation": {"angle": 0, "axis": "y", "origin": [6, 0, -0.35]},
			"faces": {
				"north": {"uv": [14.5, 10, 15, 10.5], "texture": "#15"},
				"east": {"uv": [10.5, 14.5, 11, 15], "texture": "#15"},
				"south": {"uv": [14.5, 10.5, 15, 11], "texture": "#15"},
				"west": {"uv": [11, 14.5, 11.5, 15], "texture": "#15"},
				"up": {"uv": [15, 11.5, 14.5, 11], "texture": "#15"},
				"down": {"uv": [12, 14.5, 11.5, 15], "texture": "#15"}
			}
		},
		{
			"from": [6.099, 2.924, 7.999],
			"to": [6.851, 3.426, 8.101],
			"rotation": {"angle": 0, "axis": "y", "origin": [6, 0, 0]},
			"faces": {
				"north": {"uv": [1, 13, 1.5, 13.5], "texture": "#15"},
				"east": {"uv": [13, 1, 13.5, 1.5], "texture": "#15"},
				"south": {"uv": [1.5, 13, 2, 13.5], "texture": "#15"},
				"west": {"uv": [13, 1.5, 13.5, 2], "texture": "#15"},
				"up": {"uv": [2.5, 13.5, 2, 13], "texture": "#15"},
				"down": {"uv": [13.5, 2, 13, 2.5], "texture": "#15"}
			}
		},
		{
			"from": [5.224, 3.749, 9.049],
			"to": [6.376, 3.876, 9.176],
			"rotation": {"angle": 0, "axis": "y", "origin": [6, 0, 0]},
			"faces": {
				"north": {"uv": [2.5, 13, 3, 13.5], "texture": "#15"},
				"east": {"uv": [13, 2.5, 13.5, 3], "texture": "#15"},
				"south": {"uv": [3, 13, 3.5, 13.5], "texture": "#15"},
				"west": {"uv": [13, 3, 13.5, 3.5], "texture": "#15"},
				"up": {"uv": [4, 13.5, 3.5, 13], "texture": "#15"},
				"down": {"uv": [13.5, 3.5, 13, 4], "texture": "#15"}
			}
		},
		{
			"from": [6.109, 3.124, 8.974],
			"to": [6.836, 3.726, 11.726],
			"rotation": {"angle": 0, "axis": "y", "origin": [6, 0, 0]},
			"faces": {
				"north": {"uv": [4, 13, 4.5, 13.5], "texture": "#15"},
				"east": {"uv": [9, 0, 10.5, 0.5], "texture": "#15"},
				"south": {"uv": [13, 4, 13.5, 4.5], "texture": "#15"},
				"west": {"uv": [9, 0.5, 10.5, 1], "texture": "#15"},
				"up": {"uv": [9.5, 2.5, 9, 1], "texture": "#15"},
				"down": {"uv": [9.5, 2.5, 9, 4], "texture": "#15"}
			}
		},
		{
			"from": [6.109, 3.924, 8.974],
			"to": [6.836, 4.176, 11.726],
			"rotation": {"angle": 0, "axis": "y", "origin": [6, 0, 0]},
			"faces": {
				"north": {"uv": [4.5, 13, 5, 13.5], "texture": "#15"},
				"east": {"uv": [9, 8.5, 10.5, 9], "texture": "#15"},
				"south": {"uv": [13, 4.5, 13.5, 5], "texture": "#15"},
				"west": {"uv": [9, 9, 10.5, 9.5], "texture": "#15"},
				"up": {"uv": [8, 10.5, 7.5, 9], "texture": "#15"},
				"down": {"uv": [10, 1, 9.5, 2.5], "texture": "#15"}
			}
		},
		{
			"from": [6.159, 3.424, 4.624],
			"to": [6.786, 4.176, 8.976],
			"rotation": {"angle": 0, "axis": "y", "origin": [6, 0, -0.35]},
			"faces": {
				"north": {"uv": [5, 13, 5.5, 13.5], "texture": "#15"},
				"east": {"uv": [8, 5, 10.5, 5.5], "texture": "#15"},
				"south": {"uv": [13, 5, 13.5, 5.5], "texture": "#15"},
				"west": {"uv": [8, 6, 10.5, 6.5], "texture": "#15"},
				"up": {"uv": [3.5, 10.5, 3, 8], "texture": "#15"},
				"down": {"uv": [4, 8, 3.5, 10.5], "texture": "#15"}
			}
		},
		{
			"from": [6.158, 3.423, 7.998],
			"to": [6.787, 4.177, 8.102],
			"rotation": {"angle": 0, "axis": "y", "origin": [6, 0, -0.35]},
			"faces": {
				"north": {"uv": [10.5, 10, 11, 10.5], "texture": "#15"},
				"east": {"uv": [10.5, 10.5, 11, 11], "texture": "#15"},
				"south": {"uv": [11, 0, 11.5, 0.5], "texture": "#15"},
				"west": {"uv": [11, 0.5, 11.5, 1], "texture": "#15"},
				"up": {"uv": [11.5, 1.5, 11, 1], "texture": "#15"},
				"down": {"uv": [11.5, 1.5, 11, 2], "texture": "#15"}
			}
		},
		{
			"from": [6.184, 4.174, 4.624],
			"to": [6.761, 4.451, 6.976],
			"rotation": {"angle": 0, "axis": "y", "origin": [6, 0, -0.35]},
			"faces": {
				"north": {"uv": [5.5, 13, 6, 13.5], "texture": "#15"},
				"east": {"uv": [9.5, 2.5, 11, 3], "texture": "#15"},
				"south": {"uv": [13, 5.5, 13.5, 6], "texture": "#15"},
				"west": {"uv": [9.5, 3, 11, 3.5], "texture": "#15"},
				"up": {"uv": [8.5, 11, 8, 9.5], "texture": "#15"},
				"down": {"uv": [9.5, 9.5, 9, 11], "texture": "#15"}
			}
		},
		{
			"from": [6.184, 4.124, 6.974],
			"to": [6.761, 4.801, 8.976],
			"rotation": {"angle": 0, "axis": "y", "origin": [6, 0, 0]},
			"faces": {
				"north": {"uv": [6, 13, 6.5, 13.5], "texture": "#15"},
				"east": {"uv": [1.5, 11, 2.5, 11.5], "texture": "#15"},
				"south": {"uv": [13, 6, 13.5, 6.5], "texture": "#15"},
				"west": {"uv": [11, 2, 12, 2.5], "texture": "#15"},
				"up": {"uv": [3, 12, 2.5, 11], "texture": "#15"},
				"down": {"uv": [11.5, 2.5, 11, 3.5], "texture": "#15"}
			}
		},
		{
			"from": [6.183, 4.123, 7.998],
			"to": [6.762, 4.802, 8.102],
			"rotation": {"angle": 0, "axis": "y", "origin": [6, 0, 0]},
			"faces": {
				"north": {"uv": [11, 10, 11.5, 10.5], "texture": "#15"},
				"east": {"uv": [11, 10.5, 11.5, 11], "texture": "#15"},
				"south": {"uv": [12.5, 11, 13, 11.5], "texture": "#15"},
				"west": {"uv": [11.5, 12.5, 12, 13], "texture": "#15"},
				"up": {"uv": [15, 10, 14.5, 9.5], "texture": "#15"},
				"down": {"uv": [10.5, 14.5, 10, 15], "texture": "#15"}
			}
		},
		{
			"from": [6.21, 3.275, 8.975],
			"to": [6.735, 4.525, 14.4],
			"rotation": {"angle": 0, "axis": "y", "origin": [6, 0, -0.05]},
			"faces": {
				"north": {"uv": [11, 3.5, 11.5, 4.5], "texture": "#15"},
				"east": {"uv": [3, 2, 6, 3], "texture": "#15"},
				"south": {"uv": [5.5, 11, 6, 12], "texture": "#15"},
				"west": {"uv": [3, 3, 6, 4], "texture": "#15"},
				"up": {"uv": [5.5, 8.5, 5, 5.5], "texture": "#15"},
				"down": {"uv": [6, 5.5, 5.5, 8.5], "texture": "#15"}
			}
		},
		{
			"from": [9.35, 2.68, 8.975],
			"to": [9.725, 3.055, 14.5],
			"rotation": {"angle": 45, "axis": "z", "origin": [6, 0, -0.05]},
			"faces": {
				"north": {"uv": [6.5, 13, 7, 13.5], "texture": "#15"},
				"east": {"uv": [5.5, 0.5, 8.5, 1], "texture": "#15"},
				"south": {"uv": [13, 6.5, 13.5, 7], "texture": "#15"},
				"west": {"uv": [5.5, 1, 8.5, 1.5], "texture": "#15"},
				"up": {"uv": [6.5, 8.5, 6, 5.5], "texture": "#15"},
				"down": {"uv": [7, 5.5, 6.5, 8.5], "texture": "#15"}
			}
		},
		{
			"from": [9.775, 3.105, 8.725],
			"to": [10.15, 3.48, 8.75],
			"rotation": {"angle": 45, "axis": "z", "origin": [6, 0, -0.05]},
			"faces": {
				"north": {"uv": [7, 13, 7.5, 13.5], "texture": "#15"},
				"east": {"uv": [13, 7, 13.5, 7.5], "texture": "#15"},
				"south": {"uv": [7.5, 13, 8, 13.5], "texture": "#15"},
				"west": {"uv": [13, 7.5, 13.5, 8], "texture": "#15"},
				"up": {"uv": [8.5, 13.5, 8, 13], "texture": "#15"},
				"down": {"uv": [13.5, 8, 13, 8.5], "texture": "#15"}
			}
		},
		{
			"from": [9.275, 2.605, 4.625],
			"to": [9.675, 3.005, 10.775],
			"rotation": {"angle": 45, "axis": "z", "origin": [6, 0, -0.4]},
			"faces": {
				"north": {"uv": [8.5, 13, 9, 13.5], "texture": "#15"},
				"east": {"uv": [5.5, 1.5, 8.5, 2], "texture": "#15"},
				"south": {"uv": [13, 8.5, 13.5, 9], "texture": "#15"},
				"west": {"uv": [6, 2, 9, 2.5], "texture": "#15"},
				"up": {"uv": [7.5, 8.5, 7, 5.5], "texture": "#15"},
				"down": {"uv": [0.5, 7.5, 0, 10.5], "texture": "#15"}
			}
		},
		{
			"from": [8.15, 1.48, 4.625],
			"to": [8.55, 1.88, 10.4],
			"rotation": {"angle": 45, "axis": "z", "origin": [6, 0, -0.4]},
			"faces": {
				"north": {"uv": [9, 13, 9.5, 13.5], "texture": "#15"},
				"east": {"uv": [6, 2.5, 9, 3], "texture": "#15"},
				"south": {"uv": [13, 9, 13.5, 9.5], "texture": "#15"},
				"west": {"uv": [6, 3, 9, 3.5], "texture": "#15"},
				"up": {"uv": [1, 10.5, 0.5, 7.5], "texture": "#15"},
				"down": {"uv": [5, 7.5, 4.5, 10.5], "texture": "#15"}
			}
		},
		{
			"from": [8.149, 1.479, 7.999],
			"to": [8.551, 1.881, 8.101],
			"rotation": {"angle": 45, "axis": "z", "origin": [6, 0, -0.4]},
			"faces": {
				"north": {"uv": [14.5, 11.5, 15, 12], "texture": "#15"},
				"east": {"uv": [12, 14.5, 12.5, 15], "texture": "#15"},
				"south": {"uv": [14.5, 12, 15, 12.5], "texture": "#15"},
				"west": {"uv": [12.5, 14.5, 13, 15], "texture": "#15"},
				"up": {"uv": [15, 13, 14.5, 12.5], "texture": "#15"},
				"down": {"uv": [13.5, 14.5, 13, 15], "texture": "#15"}
			}
		},
		{
			"from": [8.6, 1.93, -1.025],
			"to": [9, 2.33, 4.65],
			"rotation": {"angle": 45, "axis": "z", "origin": [6, 0, -1.05]},
			"faces": {
				"north": {"uv": [9.5, 13, 10, 13.5], "texture": "#15"},
				"east": {"uv": [6, 3.5, 9, 4], "texture": "#15"},
				"south": {"uv": [13, 9.5, 13.5, 10], "texture": "#15"},
				"west": {"uv": [7.5, 5.5, 10.5, 6], "texture": "#15"},
				"up": {"uv": [8, 9, 7.5, 6], "texture": "#15"},
				"down": {"uv": [2, 8, 1.5, 11], "texture": "#15"}
			}
		},
		{
			"from": [8.5, 1.83, -1.025],
			"to": [8.925, 2.255, 4.65],
			"rotation": {"angle": 45, "axis": "z", "origin": [6, 0, -1.05]},
			"faces": {
				"north": {"uv": [10, 13, 10.5, 13.5], "texture": "#15"},
				"east": {"uv": [8, 4, 11, 4.5], "texture": "#15"},
				"south": {"uv": [13, 10, 13.5, 10.5], "texture": "#15"},
				"west": {"uv": [8, 4.5, 11, 5], "texture": "#15"},
				"up": {"uv": [2.5, 11, 2, 8], "texture": "#15"},
				"down": {"uv": [3, 8, 2.5, 11], "texture": "#15"}
			}
		},
		{
			"from": [8.55, 1.88, -2.325],
			"to": [9.05, 2.38, -0.95],
			"rotation": {"angle": 45, "axis": "z", "origin": [6, 0, -1.05]},
			"faces": {
				"north": {"uv": [10.5, 13, 11, 13.5], "texture": "#15"},
				"east": {"uv": [11, 4.5, 12, 5], "texture": "#15"},
				"south": {"uv": [13, 10.5, 13.5, 11], "texture": "#15"},
				"west": {"uv": [11, 5.5, 12, 6], "texture": "#15"},
				"up": {"uv": [6.5, 12, 6, 11], "texture": "#15"},
				"down": {"uv": [11.5, 6, 11, 7], "texture": "#15"}
			}
		},
		{
			"from": [8.45, 1.78, -2.325],
			"to": [8.975, 2.305, -0.95],
			"rotation": {"angle": 45, "axis": "z", "origin": [6, 0, -1.05]},
			"faces": {
				"north": {"uv": [11, 13, 11.5, 13.5], "texture": "#15"},
				"east": {"uv": [11, 7, 12, 7.5], "texture": "#15"},
				"south": {"uv": [13, 11, 13.5, 11.5], "texture": "#15"},
				"west": {"uv": [11, 7.5, 12, 8], "texture": "#15"},
				"up": {"uv": [8.5, 12, 8, 11], "texture": "#15"},
				"down": {"uv": [11.5, 8, 11, 9], "texture": "#15"}
			}
		},
		{
			"from": [8.625, 1.955, -2.35],
			"to": [8.875, 2.205, -0.975],
			"rotation": {"angle": 45, "axis": "z", "origin": [6, 0, -1.05]},
			"faces": {
				"north": {"uv": [11.5, 13, 12, 13.5], "texture": "#15"},
				"east": {"uv": [11, 9, 12, 9.5], "texture": "#15"},
				"south": {"uv": [13, 11.5, 13.5, 12], "texture": "#15"},
				"west": {"uv": [11, 9.5, 12, 10], "texture": "#15"},
				"up": {"uv": [9.5, 12, 9, 11], "texture": "#15"},
				"down": {"uv": [11, 11, 10.5, 12], "texture": "#15"}
			}
		},
		{
			"from": [8.625, 1.955, -2.875],
			"to": [8.875, 2.205, -2.675],
			"rotation": {"angle": 45, "axis": "z", "origin": [6, 0, -1.05]},
			"faces": {
				"north": {"uv": [12, 13, 12.5, 13.5], "texture": "#15"},
				"east": {"uv": [13, 12, 13.5, 12.5], "texture": "#15"},
				"south": {"uv": [12.5, 13, 13, 13.5], "texture": "#15"},
				"west": {"uv": [13, 12.5, 13.5, 13], "texture": "#15"},
				"up": {"uv": [13.5, 13.5, 13, 13], "texture": "#15"},
				"down": {"uv": [0.5, 13.5, 0, 14], "texture": "#15"}
			}
		},
		{
			"from": [8.45, 1.78, -2.85],
			"to": [8.975, 2.305, -2.7],
			"rotation": {"angle": 45, "axis": "z", "origin": [6, 0, -1.05]},
			"faces": {
				"north": {"uv": [13.5, 0, 14, 0.5], "texture": "#15"},
				"east": {"uv": [0.5, 13.5, 1, 14], "texture": "#15"},
				"south": {"uv": [13.5, 0.5, 14, 1], "texture": "#15"},
				"west": {"uv": [1, 13.5, 1.5, 14], "texture": "#15"},
				"up": {"uv": [14, 1.5, 13.5, 1], "texture": "#15"},
				"down": {"uv": [2, 13.5, 1.5, 14], "texture": "#15"}
			}
		},
		{
			"from": [8.55, 1.88, -2.85],
			"to": [9.05, 2.38, -2.7],
			"rotation": {"angle": 45, "axis": "z", "origin": [6, 0, -1.05]},
			"faces": {
				"north": {"uv": [13.5, 1.5, 14, 2], "texture": "#15"},
				"east": {"uv": [2, 13.5, 2.5, 14], "texture": "#15"},
				"south": {"uv": [13.5, 2, 14, 2.5], "texture": "#15"},
				"west": {"uv": [2.5, 13.5, 3, 14], "texture": "#15"},
				"up": {"uv": [14, 3, 13.5, 2.5], "texture": "#15"},
				"down": {"uv": [3.5, 13.5, 3, 14], "texture": "#15"}
			}
		},
		{
			"from": [8.45, 1.78, -2.7],
			"to": [8.7, 1.83, -2.325],
			"rotation": {"angle": 45, "axis": "z", "origin": [6, 0, -1.05]},
			"faces": {
				"north": {"uv": [13.5, 3, 14, 3.5], "texture": "#15"},
				"east": {"uv": [3.5, 13.5, 4, 14], "texture": "#15"},
				"south": {"uv": [13.5, 3.5, 14, 4], "texture": "#15"},
				"west": {"uv": [4, 13.5, 4.5, 14], "texture": "#15"},
				"up": {"uv": [14, 4.5, 13.5, 4], "texture": "#15"},
				"down": {"uv": [5, 13.5, 4.5, 14], "texture": "#15"}
			}
		},
		{
			"from": [8.45, 1.78, -2.7],
			"to": [8.5, 2.03, -2.325],
			"rotation": {"angle": 45, "axis": "z", "origin": [6, 0, -1.05]},
			"faces": {
				"north": {"uv": [13.5, 4.5, 14, 5], "texture": "#15"},
				"east": {"uv": [5, 13.5, 5.5, 14], "texture": "#15"},
				"south": {"uv": [13.5, 5, 14, 5.5], "texture": "#15"},
				"west": {"uv": [5.5, 13.5, 6, 14], "texture": "#15"},
				"up": {"uv": [14, 6, 13.5, 5.5], "texture": "#15"},
				"down": {"uv": [6.5, 13.5, 6, 14], "texture": "#15"}
			}
		},
		{
			"from": [8.8, 2.33, -2.7],
			"to": [9.05, 2.38, -2.325],
			"rotation": {"angle": 45, "axis": "z", "origin": [6, 0, -1.05]},
			"faces": {
				"north": {"uv": [13.5, 6, 14, 6.5], "texture": "#15"},
				"east": {"uv": [6.5, 13.5, 7, 14], "texture": "#15"},
				"south": {"uv": [13.5, 6.5, 14, 7], "texture": "#15"},
				"west": {"uv": [7, 13.5, 7.5, 14], "texture": "#15"},
				"up": {"uv": [14, 7.5, 13.5, 7], "texture": "#15"},
				"down": {"uv": [8, 13.5, 7.5, 14], "texture": "#15"}
			}
		},
		{
			"from": [9, 2.155, -2.7],
			"to": [9.05, 2.38, -2.325],
			"rotation": {"angle": 45, "axis": "z", "origin": [6, 0, -1.05]},
			"faces": {
				"north": {"uv": [13.5, 7.5, 14, 8], "texture": "#15"},
				"east": {"uv": [8, 13.5, 8.5, 14], "texture": "#15"},
				"south": {"uv": [13.5, 8, 14, 8.5], "texture": "#15"},
				"west": {"uv": [8.5, 13.5, 9, 14], "texture": "#15"},
				"up": {"uv": [14, 9, 13.5, 8.5], "texture": "#15"},
				"down": {"uv": [9.5, 13.5, 9, 14], "texture": "#15"}
			}
		},
		{
			"from": [9.1, 2.43, 2.575],
			"to": [9.45, 2.78, 5],
			"rotation": {"angle": 45, "axis": "z", "origin": [6, 0, -0.05]},
			"faces": {
				"north": {"uv": [13.5, 9, 14, 9.5], "texture": "#15"},
				"east": {"uv": [9.5, 3.5, 11, 4], "texture": "#15"},
				"south": {"uv": [9.5, 13.5, 10, 14], "texture": "#15"},
				"west": {"uv": [9.5, 9.5, 11, 10], "texture": "#15"},
				"up": {"uv": [10.5, 2.5, 10, 1], "texture": "#15"},
				"down": {"uv": [4.5, 10, 4, 11.5], "texture": "#15"}
			}
		},
		{
			"from": [6.26, 3.825, 7.025],
			"to": [6.685, 4.825, 7.1],
			"rotation": {"angle": 0, "axis": "y", "origin": [6, 0, 0]},
			"faces": {
				"north": {"uv": [13.5, 9.5, 14, 10], "texture": "#15"},
				"east": {"uv": [10, 13.5, 10.5, 14], "texture": "#15"},
				"south": {"uv": [13.5, 10, 14, 10.5], "texture": "#15"},
				"west": {"uv": [10.5, 13.5, 11, 14], "texture": "#15"},
				"up": {"uv": [14, 11, 13.5, 10.5], "texture": "#15"},
				"down": {"uv": [11.5, 13.5, 11, 14], "texture": "#15"}
			}
		},
		{
			"from": [6.235, 3.65, 8.85],
			"to": [6.71, 4.7, 9.45],
			"rotation": {"angle": 0, "axis": "y", "origin": [6, 0, 0]},
			"faces": {
				"north": {"uv": [13.5, 11, 14, 11.5], "texture": "#15"},
				"east": {"uv": [11.5, 13.5, 12, 14], "texture": "#15"},
				"south": {"uv": [13.5, 11.5, 14, 12], "texture": "#15"},
				"west": {"uv": [12, 13.5, 12.5, 14], "texture": "#15"},
				"up": {"uv": [14, 12.5, 13.5, 12], "texture": "#15"},
				"down": {"uv": [13, 13.5, 12.5, 14], "texture": "#15"}
			}
		},
		{
			"from": [6.31, 4.775, 8.45],
			"to": [6.635, 4.825, 8.875],
			"rotation": {"angle": 0, "axis": "y", "origin": [6, -2.5, -5.1]},
			"faces": {
				"north": {"uv": [13.5, 12.5, 14, 13], "texture": "#15"},
				"east": {"uv": [13, 13.5, 13.5, 14], "texture": "#15"},
				"south": {"uv": [13.5, 13, 14, 13.5], "texture": "#15"},
				"west": {"uv": [13.5, 13.5, 14, 14], "texture": "#15"},
				"up": {"uv": [0.5, 14.5, 0, 14], "texture": "#15"},
				"down": {"uv": [14.5, 0, 14, 0.5], "texture": "#15"}
			}
		},
		{
			"from": [6.26, 3.975, 7.025],
			"to": [6.385, 4.975, 7.1],
			"rotation": {"angle": 0, "axis": "y", "origin": [6, 0, 0]},
			"faces": {
				"north": {"uv": [0.5, 14, 1, 14.5], "texture": "#15"},
				"east": {"uv": [14, 0.5, 14.5, 1], "texture": "#15"},
				"south": {"uv": [1, 14, 1.5, 14.5], "texture": "#15"},
				"west": {"uv": [14, 1, 14.5, 1.5], "texture": "#15"},
				"up": {"uv": [2, 14.5, 1.5, 14], "texture": "#15"},
				"down": {"uv": [14.5, 1.5, 14, 2], "texture": "#15"}
			}
		},
		{
			"from": [6.26, 3.975, 8.57],
			"to": [6.36, 4.975, 8.895],
			"rotation": {"angle": 0, "axis": "y", "origin": [6, 0.5, -5.1]},
			"faces": {
				"north": {"uv": [2, 14, 2.5, 14.5], "texture": "#15"},
				"east": {"uv": [14, 2, 14.5, 2.5], "texture": "#15"},
				"south": {"uv": [2.5, 14, 3, 14.5], "texture": "#15"},
				"west": {"uv": [14, 2.5, 14.5, 3], "texture": "#15"},
				"up": {"uv": [3.5, 14.5, 3, 14], "texture": "#15"},
				"down": {"uv": [14.5, 3, 14, 3.5], "texture": "#15"}
			}
		},
		{
			"from": [6.61, 3.975, 8.57],
			"to": [6.71, 4.975, 8.895],
			"rotation": {"angle": 0, "axis": "y", "origin": [6, 0.5, -5.1]},
			"faces": {
				"north": {"uv": [3.5, 14, 4, 14.5], "texture": "#15"},
				"east": {"uv": [14, 3.5, 14.5, 4], "texture": "#15"},
				"south": {"uv": [4, 14, 4.5, 14.5], "texture": "#15"},
				"west": {"uv": [14, 4, 14.5, 4.5], "texture": "#15"},
				"up": {"uv": [5, 14.5, 4.5, 14], "texture": "#15"},
				"down": {"uv": [14.5, 4.5, 14, 5], "texture": "#15"}
			}
		},
		{
			"from": [6.26, 12.33, 1.4],
			"to": [6.36, 13.33, 1.75],
			"rotation": {"angle": 45, "axis": "x", "origin": [6, 0.5, -5.1]},
			"faces": {
				"north": {"uv": [5, 14, 5.5, 14.5], "texture": "#15"},
				"east": {"uv": [14, 5, 14.5, 5.5], "texture": "#15"},
				"south": {"uv": [5.5, 14, 6, 14.5], "texture": "#15"},
				"west": {"uv": [14, 5.5, 14.5, 6], "texture": "#15"},
				"up": {"uv": [6.5, 14.5, 6, 14], "texture": "#15"},
				"down": {"uv": [14.5, 6, 14, 6.5], "texture": "#15"}
			}
		},
		{
			"from": [6.61, 12.33, 1.4],
			"to": [6.71, 13.33, 1.75],
			"rotation": {"angle": 45, "axis": "x", "origin": [6, 0.5, -5.1]},
			"faces": {
				"north": {"uv": [6.5, 14, 7, 14.5], "texture": "#15"},
				"east": {"uv": [14, 6.5, 14.5, 7], "texture": "#15"},
				"south": {"uv": [7, 14, 7.5, 14.5], "texture": "#15"},
				"west": {"uv": [14, 7, 14.5, 7.5], "texture": "#15"},
				"up": {"uv": [8, 14.5, 7.5, 14], "texture": "#15"},
				"down": {"uv": [14.5, 7.5, 14, 8], "texture": "#15"}
			}
		},
		{
			"from": [6.56, 3.975, 7.025],
			"to": [6.685, 4.975, 7.1],
			"rotation": {"angle": 0, "axis": "y", "origin": [6, 0, 0]},
			"faces": {
				"north": {"uv": [8, 14, 8.5, 14.5], "texture": "#15"},
				"east": {"uv": [14, 8, 14.5, 8.5], "texture": "#15"},
				"south": {"uv": [8.5, 14, 9, 14.5], "texture": "#15"},
				"west": {"uv": [14, 8.5, 14.5, 9], "texture": "#15"},
				"up": {"uv": [9.5, 14.5, 9, 14], "texture": "#15"},
				"down": {"uv": [14.5, 9, 14, 9.5], "texture": "#15"}
			}
		},
		{
			"from": [6.274, -4.276, 12.449],
			"to": [6.676, -4.074, 13.301],
			"rotation": {"angle": -22.5, "axis": "x", "origin": [6, 0, 0]},
			"faces": {
				"north": {"uv": [9.5, 14, 10, 14.5], "texture": "#15"},
				"east": {"uv": [14, 9.5, 14.5, 10], "texture": "#15"},
				"south": {"uv": [10, 14, 10.5, 14.5], "texture": "#15"},
				"west": {"uv": [14, 10, 14.5, 10.5], "texture": "#15"},
				"up": {"uv": [11, 14.5, 10.5, 14], "texture": "#15"},
				"down": {"uv": [14.5, 10.5, 14, 11], "texture": "#15"}
			}
		},
		{
			"from": [6.06, 3.025, 11.025],
			"to": [6.885, 4.225, 14.475],
			"rotation": {"angle": 0, "axis": "y", "origin": [6, 0, 0]},
			"faces": {
				"north": {"uv": [11, 14, 11.5, 14.5], "texture": "#15"},
				"east": {"uv": [8.5, 7.5, 10.5, 8], "texture": "#15"},
				"south": {"uv": [14, 11, 14.5, 11.5], "texture": "#15"},
				"west": {"uv": [8.5, 8, 10.5, 8.5], "texture": "#15"},
				"up": {"uv": [7.5, 10.5, 7, 8.5], "texture": "#15"},
				"down": {"uv": [9, 8.5, 8.5, 10.5], "texture": "#15"}
			}
		},
		{
			"from": [5.985, 2.45, 10.625],
			"to": [6.96, 3.55, 13.05],
			"rotation": {"angle": 0, "axis": "y", "origin": [6, 0, 0]},
			"faces": {
				"north": {"uv": [11.5, 14, 12, 14.5], "texture": "#15"},
				"east": {"uv": [11, 11, 12, 11.5], "texture": "#15"},
				"south": {"uv": [14, 11.5, 14.5, 12], "texture": "#15"},
				"west": {"uv": [11.5, 0, 12.5, 0.5], "texture": "#15"},
				"up": {"uv": [12, 1.5, 11.5, 0.5], "texture": "#15"},
				"down": {"uv": [2, 11.5, 1.5, 12.5], "texture": "#15"}
			}
		},
		{
			"from": [5.984, 2.449, 12.249],
			"to": [6.961, 3.551, 12.401],
			"rotation": {"angle": 0, "axis": "y", "origin": [6, 0, 0]},
			"faces": {
				"north": {"uv": [12, 14, 12.5, 14.5], "texture": "#15"},
				"east": {"uv": [14, 12, 14.5, 12.5], "texture": "#15"},
				"south": {"uv": [12.5, 14, 13, 14.5], "texture": "#15"},
				"west": {"uv": [14, 12.5, 14.5, 13], "texture": "#15"},
				"up": {"uv": [13.5, 14.5, 13, 14], "texture": "#15"},
				"down": {"uv": [14.5, 13, 14, 13.5], "texture": "#15"}
			}
		},
		{
			"from": [6.335, 1.825, 11.335],
			"to": [6.61, 1.825, 12.16],
			"rotation": {"angle": 0, "axis": "y", "origin": [6, 0, -0.25]},
			"faces": {
				"north": {"uv": [0, 0, 0.5, 0], "texture": "#15"},
				"east": {"uv": [0, 0, 0.5, 0], "texture": "#15"},
				"south": {"uv": [0, 0, 0.5, 0], "texture": "#15"},
				"west": {"uv": [0, 0, 0.5, 0], "texture": "#15"},
				"up": {"uv": [14, 14.5, 13.5, 14], "texture": "#15"},
				"down": {"uv": [14.5, 13.5, 14, 14], "texture": "#15"}
			}
		},
		{
			"from": [6.335, -2.745, 11.15],
			"to": [6.61, -1.42, 11.15],
			"rotation": {"angle": -22.5, "axis": "x", "origin": [6, 0, -0.25]},
			"faces": {
				"north": {"uv": [14, 14, 14.5, 14.5], "texture": "#15"},
				"east": {"uv": [0, 0, 0, 0.5], "texture": "#15"},
				"south": {"uv": [0, 14.5, 0.5, 15], "texture": "#15"},
				"west": {"uv": [0, 0, 0, 0.5], "texture": "#15"},
				"up": {"uv": [0.5, 0, 0, 0], "texture": "#15"},
				"down": {"uv": [0.5, 0, 0, 0], "texture": "#15"}
			}
		},
		{
			"from": [6.335, 6.435, 10.515],
			"to": [6.6, 7.76, 10.515],
			"rotation": {"angle": 22.5, "axis": "x", "origin": [6, 0, -0.25]},
			"faces": {
				"north": {"uv": [14.5, 0, 15, 0.5], "texture": "#15"},
				"east": {"uv": [0, 0, 0, 0.5], "texture": "#15"},
				"south": {"uv": [0.5, 14.5, 1, 15], "texture": "#15"},
				"west": {"uv": [0, 0, 0, 0.5], "texture": "#15"},
				"up": {"uv": [0.5, 0, 0, 0], "texture": "#15"},
				"down": {"uv": [0.5, 0, 0, 0], "texture": "#15"}
			}
		},
		{
			"from": [6.275, -5.05, 12.45],
			"to": [6.675, -2.2, 13.3],
			"rotation": {"angle": -22.5, "axis": "x", "origin": [6, 0, 0]},
			"faces": {
				"north": {"uv": [9.5, 10, 10, 11.5], "texture": "#15"},
				"east": {"uv": [10, 10, 10.5, 11.5], "texture": "#15"},
				"south": {"uv": [0, 10.5, 0.5, 12], "texture": "#15"},
				"west": {"uv": [10.5, 0, 11, 1.5], "texture": "#15"},
				"up": {"uv": [15, 1, 14.5, 0.5], "texture": "#15"},
				"down": {"uv": [1.5, 14.5, 1, 15], "texture": "#15"}
			}
		},
		{
			"from": [6.265, 2.24, 12.44],
			"to": [6.685, 3.11, 13.81],
			"rotation": {"angle": 0, "axis": "x", "origin": [6, 0, 0]},
			"faces": {
				"north": {"uv": [14.5, 1, 15, 1.5], "texture": "#15"},
				"east": {"uv": [1.5, 14.5, 2, 15], "texture": "#15"},
				"south": {"uv": [14.5, 1.5, 15, 2], "texture": "#15"},
				"west": {"uv": [2, 14.5, 2.5, 15], "texture": "#15"},
				"up": {"uv": [15, 2.5, 14.5, 2], "texture": "#15"},
				"down": {"uv": [3, 14.5, 2.5, 15], "texture": "#15"}
			}
		},
		{
			"from": [6.265, 2.54, 13.79],
			"to": [6.685, 3.41, 14.51],
			"rotation": {"angle": 0, "axis": "x", "origin": [6, 0, 0]},
			"faces": {
				"north": {"uv": [14.5, 2.5, 15, 3], "texture": "#15"},
				"east": {"uv": [3, 14.5, 3.5, 15], "texture": "#15"},
				"south": {"uv": [14.5, 3, 15, 3.5], "texture": "#15"},
				"west": {"uv": [3.5, 14.5, 4, 15], "texture": "#15"},
				"up": {"uv": [15, 4, 14.5, 3.5], "texture": "#15"},
				"down": {"uv": [4.5, 14.5, 4, 15], "texture": "#15"}
			}
		},
		{
			"from": [6.265, 1.89, 10.765],
			"to": [6.685, 2.76, 11.235],
			"rotation": {"angle": 0, "axis": "x", "origin": [6, 0, 0]},
			"faces": {
				"north": {"uv": [14.5, 4, 15, 4.5], "texture": "#15"},
				"east": {"uv": [4.5, 14.5, 5, 15], "texture": "#15"},
				"south": {"uv": [14.5, 4.5, 15, 5], "texture": "#15"},
				"west": {"uv": [5, 14.5, 5.5, 15], "texture": "#15"},
				"up": {"uv": [15, 5.5, 14.5, 5], "texture": "#15"},
				"down": {"uv": [6, 14.5, 5.5, 15], "texture": "#15"}
			}
		},
		{
			"from": [6.225, 3.625, 7.775],
			"to": [6.725, 6.875, 8.975],
			"rotation": {"angle": 22.5, "axis": "x", "origin": [5.9, 0, 1]},
			"faces": {
				"north": {"uv": [0.5, 10.5, 1, 12], "texture": "#15"},
				"east": {"uv": [1, 10.5, 1.5, 12], "texture": "#15"},
				"south": {"uv": [3, 10.5, 3.5, 12], "texture": "#15"},
				"west": {"uv": [3.5, 10.5, 4, 12], "texture": "#15"},
				"up": {"uv": [15, 6, 14.5, 5.5], "texture": "#15"},
				"down": {"uv": [6.5, 14.5, 6, 15], "texture": "#15"}
			}
		},
		{
			"from": [6.225, 4.175, 5.775],
			"to": [6.725, 6.425, 6.975],
			"rotation": {"angle": 45, "axis": "x", "origin": [5.9, 0, 1]},
			"faces": {
				"north": {"uv": [2, 11.5, 2.5, 12.5], "texture": "#15"},
				"east": {"uv": [11.5, 2.5, 12, 3.5], "texture": "#15"},
				"south": {"uv": [11.5, 3.5, 12, 4.5], "texture": "#15"},
				"west": {"uv": [4, 11.5, 4.5, 12.5], "texture": "#15"},
				"up": {"uv": [15, 6.5, 14.5, 6], "texture": "#15"},
				"down": {"uv": [7, 14.5, 6.5, 15], "texture": "#15"}
			}
		},
		{
			"from": [6.375, 8.05, 5.675],
			"to": [6.575, 8.7, 6.275],
			"rotation": {"angle": 45, "axis": "x", "origin": [6, 0, 1]},
			"faces": {
				"north": {"uv": [14.5, 6.5, 15, 7], "texture": "#15"},
				"east": {"uv": [7, 14.5, 7.5, 15], "texture": "#15"},
				"south": {"uv": [14.5, 7, 15, 7.5], "texture": "#15"},
				"west": {"uv": [7.5, 14.5, 8, 15], "texture": "#15"},
				"up": {"uv": [15, 8, 14.5, 7.5], "texture": "#15"},
				"down": {"uv": [8.5, 14.5, 8, 15], "texture": "#15"}
			}
		},
		{
			"from": [5.985, 2.7, 13.05],
			"to": [6.96, 3.55, 13.9],
			"rotation": {"angle": 0, "axis": "y", "origin": [6, 0, 0]},
			"faces": {
				"north": {"uv": [14.5, 8, 15, 8.5], "texture": "#15"},
				"east": {"uv": [8.5, 14.5, 9, 15], "texture": "#15"},
				"south": {"uv": [14.5, 8.5, 15, 9], "texture": "#15"},
				"west": {"uv": [9, 14.5, 9.5, 15], "texture": "#15"},
				"up": {"uv": [15, 9.5, 14.5, 9], "texture": "#15"},
				"down": {"uv": [10, 14.5, 9.5, 15], "texture": "#15"}
			}
		}
	],
	"display": {
		"thirdperson_righthand": {
			"translation": [2, 7, -4],
			"scale": [1.25, 1.25, 1.25]
		},
		"thirdperson_lefthand": {
			"translation": [-2, 7, -4],
			"scale": [1.25, 1.25, 1.25]
		},
		"firstperson_righthand": {
			"rotation": [5, -10, 0],
			"translation": [12.75, 12, -4.5],
			"scale": [2, 2, 2]
		},
		"firstperson_lefthand": {
			"rotation": [5, -10, 0],
			"translation": [6.5, 12, -5.75],
			"scale": [2, 2, 2]
		},
		"ground": {
			"rotation": [0, 0, 90],
			"translation": [-6, 0, -2.5],
			"scale": [1.15, 1.15, 1.15]
		},
		"gui": {
			"rotation": [90, -45, 90],
			"translation": [-1.25, 4.75, 0],
			"scale": [0.8, 0.8, 0.8]
		},
		"head": {
			"rotation": [-90, -45, -90],
			"translation": [11.25, -14.25, 7.25],
			"scale": [2, 2, 2]
		},
		"fixed": {
			"rotation": [0, -90, 0],
			"translation": [4, 11.5, 2.25],
			"scale": [2, 2, 2]
		}
	},
	"groups": [
		{
			"name": "signalis_ak",
			"origin": [8, 8, 8],
			"color": 0,
			"children": [
				{
					"name": "stock",
					"origin": [8, 8, 8],
					"color": 0,
					"children": [0, 1, 2, 3, 4, 5, 6, 7, 8, 9, 10, 11, 12, 13, 14, 15, 16, 17, 18, 19, 20, 21, 22, 23]
				},
				{
					"name": "barrel",
					"origin": [8, 8, 8],
					"color": 0,
					"children": [24, 25, 26, 27, 28, 29, 30, 31, 32, 33, 34, 35, 36, 37, 38, 39, 40, 41, 42, 43, 44, 45, 46, 47, 48, 49, 50, 51, 52, 53, 54, 55, 56, 57, 58, 59, 60, 61, 62, 63, 64]
				},
				{
					"name": "frame",
					"origin": [8, 8, 8],
					"color": 0,
					"children": [65, 66, 67, 68, 69, 70, 71, 72, 73, 74, 75, 76, 77, 78]
				}
			]
		}
	]
}