{
	"credit": "Made with Blockbench",
	"textures": {
		"5": "custom/signalis_stun_prod",
		"particle": "custom/signalis_stun_prod"
	},
	"elements": [
		{
			"from": [-0.001, 2.999, 9.999],
			"to": [0.851, 6.001, 10.251],
			"faces": {
				"north": {"uv": [0, 0, 1, 3], "texture": "#5"},
				"east": {"uv": [1, 0, 2, 3], "texture": "#5"},
				"south": {"uv": [2, 0, 3, 3], "texture": "#5"},
				"west": {"uv": [0, 3, 1, 6], "texture": "#5"},
				"up": {"uv": [4, 1, 3, 0], "texture": "#5"},
				"down": {"uv": [2, 3, 1, 4], "texture": "#5"}
			}
		},
		{
			"from": [-0.01, 2.99, 9.99],
			"to": [0.86, 3.26, 10.26],
			"faces": {
				"north": {"uv": [3, 1, 4, 2], "texture": "#5"},
				"east": {"uv": [2, 3, 3, 4], "texture": "#5"},
				"south": {"uv": [3, 2, 4, 3], "texture": "#5"},
				"west": {"uv": [3, 3, 4, 4], "texture": "#5"},
				"up": {"uv": [5, 1, 4, 0], "texture": "#5"},
				"down": {"uv": [2, 4, 1, 5], "texture": "#5"}
			}
		},
		{
			"from": [-0.01, 4.815, 9.99],
			"to": [0.86, 5.085, 10.26],
			"faces": {
				"north": {"uv": [4, 1, 5, 2], "texture": "#5"},
				"east": {"uv": [2, 4, 3, 5], "texture": "#5"},
				"south": {"uv": [4, 2, 5, 3], "texture": "#5"},
				"west": {"uv": [3, 4, 4, 5], "texture": "#5"},
				"up": {"uv": [5, 4, 4, 3], "texture": "#5"},
				"down": {"uv": [5, 4, 4, 5], "texture": "#5"}
			}
		},
		{
			"from": [0, 6, 10],
			"to": [0.85, 6.5, 10.25],
			"faces": {
				"north": {"uv": [5, 0, 6, 1], "texture": "#5"},
				"east": {"uv": [1, 5, 2, 6], "texture": "#5"},
				"south": {"uv": [5, 1, 6, 2], "texture": "#5"},
				"west": {"uv": [2, 5, 3, 6], "texture": "#5"},
				"up": {"uv": [6, 3, 5, 2], "texture": "#5"},
				"down": {"uv": [4, 5, 3, 6], "texture": "#5"}
			}
		},
		{
			"from": [-0.27, 6.24, 9.836],
			"to": [1.113, 7.723, 10.416],
			"rotation": {"angle": 0, "axis": "y", "origin": [0, -0.125, 0]},
			"faces": {
				"north": {"uv": [5, 3, 6, 4], "texture": "#5"},
				"east": {"uv": [4, 5, 5, 6], "texture": "#5"},
				"south": {"uv": [5, 4, 6, 5], "texture": "#5"},
				"west": {"uv": [5, 5, 6, 6], "texture": "#5"},
				"up": {"uv": [1, 7, 0, 6], "texture": "#5"},
				"down": {"uv": [7, 0, 6, 1], "texture": "#5"}
			}
		},
		{
			"from": [0.3725, 6.6825, 9.8285],
			"to": [0.4455, 7.3805, 10.4235],
			"rotation": {"angle": 0, "axis": "y", "origin": [0, -0.125, 0]},
			"faces": {
				"north": {"uv": [1, 6, 2, 7], "texture": "#5"},
				"east": {"uv": [6, 1, 7, 2], "texture": "#5"},
				"south": {"uv": [2, 6, 3, 7], "texture": "#5"},
				"west": {"uv": [6, 2, 7, 3], "texture": "#5"},
				"up": {"uv": [4, 7, 3, 6], "texture": "#5"},
				"down": {"uv": [7, 3, 6, 4], "texture": "#5"}
			}
		},
		{
			"from": [5.0552, 4.3745, 9.8285],
			"to": [5.1282, 4.6895, 10.4235],
			"rotation": {"angle": 45, "axis": "z", "origin": [0, -0.125, 0]},
			"faces": {
				"north": {"uv": [4, 6, 5, 7], "texture": "#5"},
				"east": {"uv": [6, 4, 7, 5], "texture": "#5"},
				"south": {"uv": [5, 6, 6, 7], "texture": "#5"},
				"west": {"uv": [6, 5, 7, 6], "texture": "#5"},
				"up": {"uv": [7, 7, 6, 6], "texture": "#5"},
				"down": {"uv": [1, 7, 0, 8], "texture": "#5"}
			}
		},
		{
			"from": [5.5745, 4.6035, 9.8285],
			"to": [5.6475, 4.9185, 10.4235],
			"rotation": {"angle": 45, "axis": "z", "origin": [0, -0.125, 0]},
			"faces": {
				"north": {"uv": [7, 0, 8, 1], "texture": "#5"},
				"east": {"uv": [1, 7, 2, 8], "texture": "#5"},
				"south": {"uv": [7, 1, 8, 2], "texture": "#5"},
				"west": {"uv": [2, 7, 3, 8], "texture": "#5"},
				"up": {"uv": [8, 3, 7, 2], "texture": "#5"},
				"down": {"uv": [4, 7, 3, 8], "texture": "#5"}
			}
		},
		{
			"from": [-0.095, 7.915, 9.986],
			"to": [0.938, 8.865, 10.266],
			"faces": {
				"north": {"uv": [7, 3, 8, 4], "texture": "#5"},
				"east": {"uv": [4, 7, 5, 8], "texture": "#5"},
				"south": {"uv": [7, 4, 8, 5], "texture": "#5"},
				"west": {"uv": [5, 7, 6, 8], "texture": "#5"},
				"up": {"uv": [8, 6, 7, 5], "texture": "#5"},
				"down": {"uv": [7, 7, 6, 8], "texture": "#5"}
			}
		},
		{
			"from": [-0.07, 8.865, 10.011],
			"to": [0.913, 9.815, 10.241],
			"faces": {
				"north": {"uv": [7, 6, 8, 7], "texture": "#5"},
				"east": {"uv": [7, 7, 8, 8], "texture": "#5"},
				"south": {"uv": [0, 8, 1, 9], "texture": "#5"},
				"west": {"uv": [8, 0, 9, 1], "texture": "#5"},
				"up": {"uv": [2, 9, 1, 8], "texture": "#5"},
				"down": {"uv": [9, 1, 8, 2], "texture": "#5"}
			}
		},
		{
			"from": [-0.045, 9.815, 10.036],
			"to": [0.888, 10.765, 10.216],
			"faces": {
				"north": {"uv": [2, 8, 3, 9], "texture": "#5"},
				"east": {"uv": [8, 2, 9, 3], "texture": "#5"},
				"south": {"uv": [3, 8, 4, 9], "texture": "#5"},
				"west": {"uv": [8, 3, 9, 4], "texture": "#5"},
				"up": {"uv": [5, 9, 4, 8], "texture": "#5"},
				"down": {"uv": [9, 4, 8, 5], "texture": "#5"}
			}
		},
		{
			"from": [-0.02, 10.765, 10.061],
			"to": [0.863, 11.715, 10.191],
			"faces": {
				"north": {"uv": [5, 8, 6, 9], "texture": "#5"},
				"east": {"uv": [8, 5, 9, 6], "texture": "#5"},
				"south": {"uv": [6, 8, 7, 9], "texture": "#5"},
				"west": {"uv": [8, 6, 9, 7], "texture": "#5"},
				"up": {"uv": [8, 9, 7, 8], "texture": "#5"},
				"down": {"uv": [9, 7, 8, 8], "texture": "#5"}
			}
		},
		{
			"from": [-0.02, 11.715, 10.061],
			"to": [0.213, 11.94, 10.191],
			"faces": {
				"north": {"uv": [8, 8, 9, 9], "texture": "#5"},
				"east": {"uv": [0, 9, 1, 10], "texture": "#5"},
				"south": {"uv": [9, 0, 10, 1], "texture": "#5"},
				"west": {"uv": [1, 9, 2, 10], "texture": "#5"},
				"up": {"uv": [10, 2, 9, 1], "texture": "#5"},
				"down": {"uv": [3, 9, 2, 10], "texture": "#5"}
			}
		},
		{
			"from": [-0.02, 11.94, 10.061],
			"to": [0.213, 12.165, 10.191],
			"faces": {
				"north": {"uv": [1, 12, 2, 13], "texture": "#5"},
				"east": {"uv": [12, 1, 13, 2], "texture": "#5"},
				"south": {"uv": [2, 12, 3, 13], "texture": "#5"},
				"west": {"uv": [12, 2, 13, 3], "texture": "#5"},
				"up": {"uv": [4, 13, 3, 12], "texture": "#5"},
				"down": {"uv": [13, 3, 12, 4], "texture": "#5"}
			}
		},
		{
			"from": [0.63, 11.715, 10.061],
			"to": [0.863, 11.94, 10.191],
			"faces": {
				"north": {"uv": [9, 2, 10, 3], "texture": "#5"},
				"east": {"uv": [3, 9, 4, 10], "texture": "#5"},
				"south": {"uv": [9, 3, 10, 4], "texture": "#5"},
				"west": {"uv": [4, 9, 5, 10], "texture": "#5"},
				"up": {"uv": [10, 5, 9, 4], "texture": "#5"},
				"down": {"uv": [6, 9, 5, 10], "texture": "#5"}
			}
		},
		{
			"from": [0.63, 11.94, 10.061],
			"to": [0.863, 12.165, 10.191],
			"faces": {
				"north": {"uv": [11, 9, 12, 10], "texture": "#5"},
				"east": {"uv": [10, 11, 11, 12], "texture": "#5"},
				"south": {"uv": [11, 10, 12, 11], "texture": "#5"},
				"west": {"uv": [11, 11, 12, 12], "texture": "#5"},
				"up": {"uv": [1, 13, 0, 12], "texture": "#5"},
				"down": {"uv": [13, 0, 12, 1], "texture": "#5"}
			}
		},
		{
			"from": [-0.195, 7.615, 9.861],
			"to": [1.0465, 7.865, 10.391],
			"faces": {
				"north": {"uv": [9, 5, 10, 6], "texture": "#5"},
				"east": {"uv": [6, 9, 7, 10], "texture": "#5"},
				"south": {"uv": [9, 6, 10, 7], "texture": "#5"},
				"west": {"uv": [7, 9, 8, 10], "texture": "#5"},
				"up": {"uv": [10, 8, 9, 7], "texture": "#5"},
				"down": {"uv": [9, 9, 8, 10], "texture": "#5"}
			}
		},
		{
			"from": [-0.145, 7.765, 9.911],
			"to": [0.9965, 7.915, 10.341],
			"faces": {
				"north": {"uv": [9, 8, 10, 9], "texture": "#5"},
				"east": {"uv": [9, 9, 10, 10], "texture": "#5"},
				"south": {"uv": [0, 10, 1, 11], "texture": "#5"},
				"west": {"uv": [10, 0, 11, 1], "texture": "#5"},
				"up": {"uv": [2, 11, 1, 10], "texture": "#5"},
				"down": {"uv": [11, 1, 10, 2], "texture": "#5"}
			}
		},
		{
			"from": [0, 9.4, 6.975],
			"to": [0.85, 9.8, 7.2],
			"rotation": {"angle": 22.5, "axis": "x", "origin": [0, 0, 0]},
			"faces": {
				"north": {"uv": [2, 10, 3, 11], "texture": "#5"},
				"east": {"uv": [10, 2, 11, 3], "texture": "#5"},
				"south": {"uv": [3, 10, 4, 11], "texture": "#5"},
				"west": {"uv": [10, 3, 11, 4], "texture": "#5"},
				"up": {"uv": [5, 11, 4, 10], "texture": "#5"},
				"down": {"uv": [11, 4, 10, 5], "texture": "#5"}
			}
		},
		{
			"from": [0.2, 9.325, 7.125],
			"to": [0.65, 9.75, 7.225],
			"rotation": {"angle": 22.5, "axis": "x", "origin": [0, 0, 0]},
			"faces": {
				"north": {"uv": [5, 10, 6, 11], "texture": "#5"},
				"east": {"uv": [10, 5, 11, 6], "texture": "#5"},
				"south": {"uv": [6, 10, 7, 11], "texture": "#5"},
				"west": {"uv": [10, 6, 11, 7], "texture": "#5"},
				"up": {"uv": [8, 11, 7, 10], "texture": "#5"},
				"down": {"uv": [11, 7, 10, 8], "texture": "#5"}
			}
		},
		{
			"from": [0, 1.65, 11.5075],
			"to": [0.85, 2.05, 11.7325],
			"rotation": {"angle": -22.5, "axis": "x", "origin": [0, 0, 0]},
			"faces": {
				"north": {"uv": [8, 10, 9, 11], "texture": "#5"},
				"east": {"uv": [10, 8, 11, 9], "texture": "#5"},
				"south": {"uv": [9, 10, 10, 11], "texture": "#5"},
				"west": {"uv": [10, 9, 11, 10], "texture": "#5"},
				"up": {"uv": [11, 11, 10, 10], "texture": "#5"},
				"down": {"uv": [1, 11, 0, 12], "texture": "#5"}
			}
		},
		{
			"from": [0.2, 1.575, 11.4825],
			"to": [0.65, 2, 11.7075],
			"rotation": {"angle": -22.5, "axis": "x", "origin": [0, 0, 0]},
			"faces": {
				"north": {"uv": [11, 0, 12, 1], "texture": "#5"},
				"east": {"uv": [1, 11, 2, 12], "texture": "#5"},
				"south": {"uv": [11, 1, 12, 2], "texture": "#5"},
				"west": {"uv": [2, 11, 3, 12], "texture": "#5"},
				"up": {"uv": [12, 3, 11, 2], "texture": "#5"},
				"down": {"uv": [4, 11, 3, 12], "texture": "#5"}
			}
		},
		{
			"from": [0.2, 6.235, 9.8325],
			"to": [0.65, 6.385, 10.42],
			"faces": {
				"north": {"uv": [11, 0, 12, 1], "texture": "#5"},
				"east": {"uv": [1, 11, 2, 12], "texture": "#5"},
				"south": {"uv": [11, 1, 12, 2], "texture": "#5"},
				"west": {"uv": [2, 11, 3, 12], "texture": "#5"},
				"up": {"uv": [12, 3, 11, 2], "texture": "#5"},
				"down": {"uv": [4, 11, 3, 12], "texture": "#5"}
			}
		},
		{
			"from": [0.2, 5.665, 9.99],
			"to": [0.65, 6.11, 10.26],
			"faces": {
				"north": {"uv": [11, 0, 12, 1], "texture": "#5"},
				"east": {"uv": [1, 11, 2, 12], "texture": "#5"},
				"south": {"uv": [11, 1, 12, 2], "texture": "#5"},
				"west": {"uv": [2, 11, 3, 12], "texture": "#5"},
				"up": {"uv": [12, 3, 11, 2], "texture": "#5"},
				"down": {"uv": [4, 11, 3, 12], "texture": "#5"}
			}
		},
		{
			"from": [4.225, 4, 10],
			"to": [4.475, 4.6, 10.25],
			"rotation": {"angle": 45, "axis": "z", "origin": [0, 0, 0]},
			"faces": {
				"north": {"uv": [11, 3, 12, 4], "texture": "#5"},
				"east": {"uv": [4, 11, 5, 12], "texture": "#5"},
				"south": {"uv": [11, 4, 12, 5], "texture": "#5"},
				"west": {"uv": [5, 11, 6, 12], "texture": "#5"},
				"up": {"uv": [12, 6, 11, 5], "texture": "#5"},
				"down": {"uv": [7, 11, 6, 12], "texture": "#5"}
			}
		},
		{
			"from": [-3.875, 4.6, 10],
			"to": [-3.625, 5.2, 10.25],
			"rotation": {"angle": -45, "axis": "z", "origin": [0, 0, 0]},
			"faces": {
				"north": {"uv": [11, 6, 12, 7], "texture": "#5"},
				"east": {"uv": [7, 11, 8, 12], "texture": "#5"},
				"south": {"uv": [11, 7, 12, 8], "texture": "#5"},
				"west": {"uv": [8, 11, 9, 12], "texture": "#5"},
				"up": {"uv": [12, 9, 11, 8], "texture": "#5"},
				"down": {"uv": [10, 11, 9, 12], "texture": "#5"}
			}
		}
	],
	"display": {
		"thirdperson_righthand": {
			"rotation": [0, 90, 0],
			"translation": [-3.25, 3.25, -11],
			"scale": [1.5, 1.5, 1.5]
		},
		"thirdperson_lefthand": {
			"rotation": [0, 90, 0],
			"translation": [-3.25, 3.25, 11],
			"scale": [1.5, 1.5, 1.5]
		},
		"firstperson_righthand": {
			"rotation": [-75, -90, 0],
			"translation": [-1.5, 16, 6.5],
			"scale": [1.5, 1.5, 1.5]
		},
		"firstperson_lefthand": {
			"rotation": [-75, 90, 0],
			"translation": [-8, 16, 6.5],
			"scale": [1.5, 1.5, 1.5]
		},
		"ground": {
			"rotation": [90, 0, 0],
			"translation": [15, 1.5, 1],
			"scale": [2, 2, 2]
		},
		"gui": {
			"rotation": [0, 0, -45],
			"translation": [11.25, -10, 0],
			"scale": [2, 2, 2]
		},
		"head": {
			"rotation": [0, 0, 123],
			"translation": [-9.25, -13.25, -1],
			"scale": [2.5, 2.5, 2.5]
		},
		"fixed": {
			"rotation": [0, 0, 45],
			"translation": [19, 21.25, -9],
			"scale": [3.75, 3.75, 3.75]
		}
	},
	"groups": [
		{
			"name": "prod",
			"origin": [8, 8, 8],
			"color": 0,
			"children": [0, 1, 2, 3, 4, 5, 6, 7, 8, 9, 10, 11, 12, 13, 14, 15, 16, 17, 18, 19, 20, 21, 22, 23, 24, 25]
		}
	]
}