{
	"credit": "Made with Blockbench",
	"texture_size": [32, 32],
	"textures": {
		"5": "custom/signalis_machete",
		"particle": "custom/signalis_machete"
	},
	"elements": [
		{
			"from": [0.026, 1.251, 8.001],
			"to": [0.574, 3.749, 8.599],
			"rotation": {"angle": 0, "axis": "y", "origin": [0.025, 0, 0]},
			"faces": {
				"north": {"uv": [1.5, 0, 2, 1.5], "texture": "#5"},
				"east": {"uv": [0.5, 1.5, 1, 3], "texture": "#5"},
				"south": {"uv": [1, 1.5, 1.5, 3], "texture": "#5"},
				"west": {"uv": [1.5, 1.5, 2, 3], "texture": "#5"},
				"up": {"uv": [2.5, 1.5, 2, 1], "texture": "#5"},
				"down": {"uv": [2.5, 1.5, 2, 2], "texture": "#5"}
			}
		},
		{
			"from": [0.0249, 1.4999, 7.9499],
			"to": [0.5751, 1.9001, 8.3001],
			"rotation": {"angle": 0, "axis": "y", "origin": [0.025, 0, 0]},
			"faces": {
				"north": {"uv": [2, 2, 2.5, 2.5], "texture": "#5"},
				"east": {"uv": [2.5, 0, 3, 0.5], "texture": "#5"},
				"south": {"uv": [2.5, 0.5, 3, 1], "texture": "#5"},
				"west": {"uv": [2.5, 1, 3, 1.5], "texture": "#5"},
				"up": {"uv": [3, 2, 2.5, 1.5], "texture": "#5"},
				"down": {"uv": [2.5, 2.5, 2, 3], "texture": "#5"}
			}
		},
		{
			"from": [0.0249, 1.8999, 7.8999],
			"to": [0.5751, 2.3001, 8.2501],
			"rotation": {"angle": 0, "axis": "y", "origin": [0.025, 0, 0]},
			"faces": {
				"north": {"uv": [2.5, 2, 3, 2.5], "texture": "#5"},
				"east": {"uv": [2.5, 2.5, 3, 3], "texture": "#5"},
				"south": {"uv": [0, 3, 0.5, 3.5], "texture": "#5"},
				"west": {"uv": [3, 0, 3.5, 0.5], "texture": "#5"},
				"up": {"uv": [1, 3.5, 0.5, 3], "texture": "#5"},
				"down": {"uv": [3.5, 0.5, 3, 1], "texture": "#5"}
			}
		},
		{
			"from": [0.0249, 2.2999, 7.8499],
			"to": [0.5751, 2.7001, 8.2001],
			"rotation": {"angle": 0, "axis": "y", "origin": [0.025, 0, 0]},
			"faces": {
				"north": {"uv": [1, 3, 1.5, 3.5], "texture": "#5"},
				"east": {"uv": [3, 1, 3.5, 1.5], "texture": "#5"},
				"south": {"uv": [1.5, 3, 2, 3.5], "texture": "#5"},
				"west": {"uv": [3, 1.5, 3.5, 2], "texture": "#5"},
				"up": {"uv": [2.5, 3.5, 2, 3], "texture": "#5"},
				"down": {"uv": [3.5, 2, 3, 2.5], "texture": "#5"}
			}
		},
		{
			"from": [0.0249, 2.6999, 7.7999],
			"to": [0.5751, 3.1001, 8.1501],
			"rotation": {"angle": 0, "axis": "y", "origin": [0.025, 0, 0]},
			"faces": {
				"north": {"uv": [2.5, 3, 3, 3.5], "texture": "#5"},
				"east": {"uv": [3, 2.5, 3.5, 3], "texture": "#5"},
				"south": {"uv": [3, 3, 3.5, 3.5], "texture": "#5"},
				"west": {"uv": [0, 3.5, 0.5, 4], "texture": "#5"},
				"up": {"uv": [4, 0.5, 3.5, 0], "texture": "#5"},
				"down": {"uv": [1, 3.5, 0.5, 4], "texture": "#5"}
			}
		},
		{
			"from": [0.0249, 3.0999, 7.8499],
			"to": [0.5751, 3.3501, 8.2001],
			"rotation": {"angle": 0, "axis": "y", "origin": [0.025, 0, 0]},
			"faces": {
				"north": {"uv": [3.5, 0.5, 4, 1], "texture": "#5"},
				"east": {"uv": [1, 3.5, 1.5, 4], "texture": "#5"},
				"south": {"uv": [3.5, 1, 4, 1.5], "texture": "#5"},
				"west": {"uv": [1.5, 3.5, 2, 4], "texture": "#5"},
				"up": {"uv": [4, 2, 3.5, 1.5], "texture": "#5"},
				"down": {"uv": [2.5, 3.5, 2, 4], "texture": "#5"}
			}
		},
		{
			"from": [0.0249, 3.3499, 7.8999],
			"to": [0.5751, 3.6001, 8.2501],
			"rotation": {"angle": 0, "axis": "y", "origin": [0.025, 0, 0]},
			"faces": {
				"north": {"uv": [3.5, 2, 4, 2.5], "texture": "#5"},
				"east": {"uv": [2.5, 3.5, 3, 4], "texture": "#5"},
				"south": {"uv": [3.5, 2.5, 4, 3], "texture": "#5"},
				"west": {"uv": [3, 3.5, 3.5, 4], "texture": "#5"},
				"up": {"uv": [4, 3.5, 3.5, 3], "texture": "#5"},
				"down": {"uv": [4, 3.5, 3.5, 4], "texture": "#5"}
			}
		},
		{
			"from": [0.026, 4.101, 6.841],
			"to": [0.574, 4.449, 7.464],
			"rotation": {"angle": 22.5, "axis": "x", "origin": [0.025, 0, 0]},
			"faces": {
				"north": {"uv": [0, 4, 0.5, 4.5], "texture": "#5"},
				"east": {"uv": [4, 0, 4.5, 0.5], "texture": "#5"},
				"south": {"uv": [0.5, 4, 1, 4.5], "texture": "#5"},
				"west": {"uv": [4, 0.5, 4.5, 1], "texture": "#5"},
				"up": {"uv": [1.5, 4.5, 1, 4], "texture": "#5"},
				"down": {"uv": [4.5, 1, 4, 1.5], "texture": "#5"}
			}
		},
		{
			"from": [0.022, 4.222, 7.162],
			"to": [0.578, 4.378, 7.318],
			"rotation": {"angle": 22.5, "axis": "x", "origin": [0.025, 0, 0]},
			"faces": {
				"north": {"uv": [1.5, 4, 2, 4.5], "texture": "#5"},
				"east": {"uv": [4, 1.5, 4.5, 2], "texture": "#5"},
				"south": {"uv": [2, 4, 2.5, 4.5], "texture": "#5"},
				"west": {"uv": [4, 2, 4.5, 2.5], "texture": "#5"},
				"up": {"uv": [3, 4.5, 2.5, 4], "texture": "#5"},
				"down": {"uv": [4.5, 2.5, 4, 3], "texture": "#5"}
			}
		},
		{
			"from": [0.025, 6.405, 4.55],
			"to": [0.575, 6.755, 4.75],
			"rotation": {"angle": 45, "axis": "x", "origin": [0.025, 0, 0]},
			"faces": {
				"north": {"uv": [3, 4, 3.5, 4.5], "texture": "#5"},
				"east": {"uv": [4, 3, 4.5, 3.5], "texture": "#5"},
				"south": {"uv": [3.5, 4, 4, 4.5], "texture": "#5"},
				"west": {"uv": [4, 3.5, 4.5, 4], "texture": "#5"},
				"up": {"uv": [4.5, 4.5, 4, 4], "texture": "#5"},
				"down": {"uv": [0.5, 4.5, 0, 5], "texture": "#5"}
			}
		},
		{
			"from": [0.025, 3.65, 7.75],
			"to": [0.575, 3.7, 8.75],
			"rotation": {"angle": 0, "axis": "y", "origin": [0.025, 0, 0]},
			"faces": {
				"north": {"uv": [4.5, 0, 5, 0.5], "texture": "#5"},
				"east": {"uv": [0.5, 4.5, 1, 5], "texture": "#5"},
				"south": {"uv": [4.5, 0.5, 5, 1], "texture": "#5"},
				"west": {"uv": [1, 4.5, 1.5, 5], "texture": "#5"},
				"up": {"uv": [5, 1.5, 4.5, 1], "texture": "#5"},
				"down": {"uv": [2, 4.5, 1.5, 5], "texture": "#5"}
			}
		},
		{
			"from": [0.025, 3.6, 7.8],
			"to": [0.575, 3.65, 8.7],
			"rotation": {"angle": 0, "axis": "y", "origin": [0.025, 0, 0]},
			"faces": {
				"north": {"uv": [4.5, 1.5, 5, 2], "texture": "#5"},
				"east": {"uv": [2, 4.5, 2.5, 5], "texture": "#5"},
				"south": {"uv": [4.5, 2, 5, 2.5], "texture": "#5"},
				"west": {"uv": [2.5, 4.5, 3, 5], "texture": "#5"},
				"up": {"uv": [5, 3, 4.5, 2.5], "texture": "#5"},
				"down": {"uv": [3.5, 4.5, 3, 5], "texture": "#5"}
			}
		},
		{
			"from": [0.025, 3.7, 7.725],
			"to": [0.575, 3.75, 8.775],
			"rotation": {"angle": 0, "axis": "y", "origin": [0.025, 0, 0]},
			"faces": {
				"north": {"uv": [4.5, 3, 5, 3.5], "texture": "#5"},
				"east": {"uv": [3.5, 4.5, 4, 5], "texture": "#5"},
				"south": {"uv": [4.5, 3.5, 5, 4], "texture": "#5"},
				"west": {"uv": [4, 4.5, 4.5, 5], "texture": "#5"},
				"up": {"uv": [5, 4.5, 4.5, 4], "texture": "#5"},
				"down": {"uv": [5, 4.5, 4.5, 5], "texture": "#5"}
			}
		},
		{
			"from": [0.025, 3.75, 7.7],
			"to": [0.575, 3.8, 8.8],
			"rotation": {"angle": 0, "axis": "y", "origin": [0.025, 0, 0]},
			"faces": {
				"north": {"uv": [0, 5, 0.5, 5.5], "texture": "#5"},
				"east": {"uv": [5, 0, 5.5, 0.5], "texture": "#5"},
				"south": {"uv": [0.5, 5, 1, 5.5], "texture": "#5"},
				"west": {"uv": [5, 0.5, 5.5, 1], "texture": "#5"},
				"up": {"uv": [1.5, 5.5, 1, 5], "texture": "#5"},
				"down": {"uv": [5.5, 1, 5, 1.5], "texture": "#5"}
			}
		},
		{
			"from": [0.251, 4.851, 7.826],
			"to": [0.349, 5.674, 8.699],
			"rotation": {"angle": 0, "axis": "y", "origin": [0, 0, 0.025]},
			"faces": {
				"north": {"uv": [3, 5, 3.5, 5.5], "texture": "#5"},
				"east": {"uv": [5, 3, 5.5, 3.5], "texture": "#5"},
				"south": {"uv": [3.5, 5, 4, 5.5], "texture": "#5"},
				"west": {"uv": [5, 3.5, 5.5, 4], "texture": "#5"},
				"up": {"uv": [4.5, 5.5, 4, 5], "texture": "#5"},
				"down": {"uv": [5.5, 4, 5, 4.5], "texture": "#5"}
			}
		},
		{
			"from": [0.251, 5.651, 7.751],
			"to": [0.349, 6.724, 8.699],
			"rotation": {"angle": 0, "axis": "y", "origin": [0, -1.75, 0.025]},
			"faces": {
				"north": {"uv": [4.5, 5, 5, 5.5], "texture": "#5"},
				"east": {"uv": [5, 4.5, 5.5, 5], "texture": "#5"},
				"south": {"uv": [5, 5, 5.5, 5.5], "texture": "#5"},
				"west": {"uv": [0, 5.5, 0.5, 6], "texture": "#5"},
				"up": {"uv": [6, 0.5, 5.5, 0], "texture": "#5"},
				"down": {"uv": [1, 5.5, 0.5, 6], "texture": "#5"}
			}
		},
		{
			"from": [0.249, 5.699, 8.224],
			"to": [0.351, 6.351, 8.626],
			"rotation": {"angle": 0, "axis": "y", "origin": [0, -1.75, 0.025]},
			"faces": {
				"north": {"uv": [5.5, 0.5, 6, 1], "texture": "#5"},
				"east": {"uv": [1, 5.5, 1.5, 6], "texture": "#5"},
				"south": {"uv": [5.5, 1, 6, 1.5], "texture": "#5"},
				"west": {"uv": [1.5, 5.5, 2, 6], "texture": "#5"},
				"up": {"uv": [6, 2, 5.5, 1.5], "texture": "#5"},
				"down": {"uv": [2.5, 5.5, 2, 6], "texture": "#5"}
			}
		},
		{
			"from": [0.249, 5.049, 8.224],
			"to": [0.351, 5.701, 8.626],
			"rotation": {"angle": 0, "axis": "y", "origin": [0, -1.75, 0.025]},
			"faces": {
				"north": {"uv": [5.5, 2, 6, 2.5], "texture": "#5"},
				"east": {"uv": [2.5, 5.5, 3, 6], "texture": "#5"},
				"south": {"uv": [5.5, 2.5, 6, 3], "texture": "#5"},
				"west": {"uv": [3, 5.5, 3.5, 6], "texture": "#5"},
				"up": {"uv": [6, 3.5, 5.5, 3], "texture": "#5"},
				"down": {"uv": [4, 5.5, 3.5, 6], "texture": "#5"}
			}
		},
		{
			"from": [0.251, 7.751, 7.701],
			"to": [0.349, 8.824, 8.699],
			"rotation": {"angle": 0, "axis": "y", "origin": [0, -1.5, 0.025]},
			"faces": {
				"north": {"uv": [5.5, 3.5, 6, 4], "texture": "#5"},
				"east": {"uv": [4, 5.5, 4.5, 6], "texture": "#5"},
				"south": {"uv": [5.5, 4, 6, 4.5], "texture": "#5"},
				"west": {"uv": [4.5, 5.5, 5, 6], "texture": "#5"},
				"up": {"uv": [6, 5, 5.5, 4.5], "texture": "#5"},
				"down": {"uv": [5.5, 5.5, 5, 6], "texture": "#5"}
			}
		},
		{
			"from": [0.251, 9.601, 7.776],
			"to": [0.349, 10.099, 8.699],
			"rotation": {"angle": 0, "axis": "y", "origin": [0, 1.3, -0.075]},
			"faces": {
				"north": {"uv": [5.5, 5, 6, 5.5], "texture": "#5"},
				"east": {"uv": [5.5, 5.5, 6, 6], "texture": "#5"},
				"south": {"uv": [0, 6, 0.5, 6.5], "texture": "#5"},
				"west": {"uv": [6, 0, 6.5, 0.5], "texture": "#5"},
				"up": {"uv": [1, 6.5, 0.5, 6], "texture": "#5"},
				"down": {"uv": [6.5, 0.5, 6, 1], "texture": "#5"}
			}
		},
		{
			"from": [0.251, 10.076, 8.026],
			"to": [0.349, 10.574, 8.749],
			"rotation": {"angle": 0, "axis": "y", "origin": [0, 1.3, -0.075]},
			"faces": {
				"north": {"uv": [1, 6, 1.5, 6.5], "texture": "#5"},
				"east": {"uv": [6, 1, 6.5, 1.5], "texture": "#5"},
				"south": {"uv": [1.5, 6, 2, 6.5], "texture": "#5"},
				"west": {"uv": [6, 1.5, 6.5, 2], "texture": "#5"},
				"up": {"uv": [2.5, 6.5, 2, 6], "texture": "#5"},
				"down": {"uv": [6.5, 2, 6, 2.5], "texture": "#5"}
			}
		},
		{
			"from": [0.251, 10.001, 8.076],
			"to": [0.349, 10.499, 8.749],
			"rotation": {"angle": 0, "axis": "y", "origin": [0, 1.3, -0.075]},
			"faces": {
				"north": {"uv": [2.5, 6, 3, 6.5], "texture": "#5"},
				"east": {"uv": [6, 2.5, 6.5, 3], "texture": "#5"},
				"south": {"uv": [3, 6, 3.5, 6.5], "texture": "#5"},
				"west": {"uv": [6, 3, 6.5, 3.5], "texture": "#5"},
				"up": {"uv": [4, 6.5, 3.5, 6], "texture": "#5"},
				"down": {"uv": [6.5, 3.5, 6, 4], "texture": "#5"}
			}
		},
		{
			"from": [0.251, 9.751, 8.051],
			"to": [0.349, 10.249, 8.724],
			"rotation": {"angle": 0, "axis": "y", "origin": [0, 1.3, -0.075]},
			"faces": {
				"north": {"uv": [4, 6, 4.5, 6.5], "texture": "#5"},
				"east": {"uv": [6, 4, 6.5, 4.5], "texture": "#5"},
				"south": {"uv": [4.5, 6, 5, 6.5], "texture": "#5"},
				"west": {"uv": [6, 4.5, 6.5, 5], "texture": "#5"},
				"up": {"uv": [5.5, 6.5, 5, 6], "texture": "#5"},
				"down": {"uv": [6.5, 5, 6, 5.5], "texture": "#5"}
			}
		},
		{
			"from": [0.25, 7.75, 7.61],
			"to": [0.35, 8.825, 7.935],
			"rotation": {"angle": 0, "axis": "y", "origin": [0, -1.5, 0.025]},
			"faces": {
				"north": {"uv": [5.5, 6, 6, 6.5], "texture": "#5"},
				"east": {"uv": [6, 5.5, 6.5, 6], "texture": "#5"},
				"south": {"uv": [6, 6, 6.5, 6.5], "texture": "#5"},
				"west": {"uv": [0, 6.5, 0.5, 7], "texture": "#5"},
				"up": {"uv": [7, 0.5, 6.5, 0], "texture": "#5"},
				"down": {"uv": [1, 6.5, 0.5, 7], "texture": "#5"}
			}
		},
		{
			"from": [0.251, 8.801, 7.676],
			"to": [0.349, 9.624, 8.699],
			"rotation": {"angle": 0, "axis": "y", "origin": [0, -1.5, 0.025]},
			"faces": {
				"north": {"uv": [6.5, 0.5, 7, 1], "texture": "#5"},
				"east": {"uv": [1, 6.5, 1.5, 7], "texture": "#5"},
				"south": {"uv": [6.5, 1, 7, 1.5], "texture": "#5"},
				"west": {"uv": [1.5, 6.5, 2, 7], "texture": "#5"},
				"up": {"uv": [7, 2, 6.5, 1.5], "texture": "#5"},
				"down": {"uv": [2.5, 6.5, 2, 7], "texture": "#5"}
			}
		},
		{
			"from": [0.25, 8.8, 7.585],
			"to": [0.35, 9.625, 7.935],
			"rotation": {"angle": 0, "axis": "y", "origin": [0, -1.5, 0.025]},
			"faces": {
				"north": {"uv": [6.5, 2, 7, 2.5], "texture": "#5"},
				"east": {"uv": [2.5, 6.5, 3, 7], "texture": "#5"},
				"south": {"uv": [6.5, 2.5, 7, 3], "texture": "#5"},
				"west": {"uv": [3, 6.5, 3.5, 7], "texture": "#5"},
				"up": {"uv": [7, 3.5, 6.5, 3], "texture": "#5"},
				"down": {"uv": [4, 6.5, 3.5, 7], "texture": "#5"}
			}
		},
		{
			"from": [0.3, 8.8, 7.535],
			"to": [0.3, 9.65, 7.885],
			"rotation": {"angle": 0, "axis": "y", "origin": [0, -1.5, 0.025]},
			"faces": {
				"north": {"uv": [0, 0, 0, 0.5], "texture": "#5"},
				"east": {"uv": [6.5, 3.5, 7, 4], "texture": "#5"},
				"south": {"uv": [0, 0, 0, 0.5], "texture": "#5"},
				"west": {"uv": [4, 6.5, 4.5, 7], "texture": "#5"},
				"up": {"uv": [0, 0.5, 0, 0], "texture": "#5"},
				"down": {"uv": [0, 0, 0, 0.5], "texture": "#5"}
			}
		},
		{
			"from": [0.3, 7.75, 7.56],
			"to": [0.3, 8.825, 7.91],
			"rotation": {"angle": 0, "axis": "y", "origin": [0, -1.5, 0.025]},
			"faces": {
				"north": {"uv": [0, 0, 0, 0.5], "texture": "#5"},
				"east": {"uv": [6.5, 4, 7, 4.5], "texture": "#5"},
				"south": {"uv": [0, 0, 0, 0.5], "texture": "#5"},
				"west": {"uv": [4.5, 6.5, 5, 7], "texture": "#5"},
				"up": {"uv": [0, 0.5, 0, 0], "texture": "#5"},
				"down": {"uv": [0, 0, 0, 0.5], "texture": "#5"}
			}
		},
		{
			"from": [0.3, 6.7, 7.61],
			"to": [0.3, 7.775, 7.96],
			"rotation": {"angle": 0, "axis": "y", "origin": [0, -1.5, 0.025]},
			"faces": {
				"north": {"uv": [0, 0, 0, 0.5], "texture": "#5"},
				"east": {"uv": [6.5, 4.5, 7, 5], "texture": "#5"},
				"south": {"uv": [0, 0, 0, 0.5], "texture": "#5"},
				"west": {"uv": [5, 6.5, 5.5, 7], "texture": "#5"},
				"up": {"uv": [0, 0.5, 0, 0], "texture": "#5"},
				"down": {"uv": [0, 0, 0, 0.5], "texture": "#5"}
			}
		},
		{
			"from": [0.3, 5.65, 7.66],
			"to": [0.3, 6.725, 8.01],
			"rotation": {"angle": 0, "axis": "y", "origin": [0, -1.5, 0.025]},
			"faces": {
				"north": {"uv": [0, 0, 0, 0.5], "texture": "#5"},
				"east": {"uv": [6.5, 5, 7, 5.5], "texture": "#5"},
				"south": {"uv": [0, 0, 0, 0.5], "texture": "#5"},
				"west": {"uv": [5.5, 6.5, 6, 7], "texture": "#5"},
				"up": {"uv": [0, 0.5, 0, 0], "texture": "#5"},
				"down": {"uv": [0, 0, 0, 0.5], "texture": "#5"}
			}
		},
		{
			"from": [0.3, 4.85, 7.71],
			"to": [0.3, 5.675, 8.06],
			"rotation": {"angle": 0, "axis": "y", "origin": [0, -1.5, 0.025]},
			"faces": {
				"north": {"uv": [0, 0, 0, 0.5], "texture": "#5"},
				"east": {"uv": [6.5, 5.5, 7, 6], "texture": "#5"},
				"south": {"uv": [0, 0, 0, 0.5], "texture": "#5"},
				"west": {"uv": [6, 6.5, 6.5, 7], "texture": "#5"},
				"up": {"uv": [0, 0.5, 0, 0], "texture": "#5"},
				"down": {"uv": [0, 0, 0, 0.5], "texture": "#5"}
			}
		},
		{
			"from": [0.3, 3.8, 7.76],
			"to": [0.3, 4.875, 8.11],
			"rotation": {"angle": 0, "axis": "y", "origin": [0, -1.5, 0.025]},
			"faces": {
				"north": {"uv": [0, 0, 0, 0.5], "texture": "#5"},
				"east": {"uv": [6.5, 6, 7, 6.5], "texture": "#5"},
				"south": {"uv": [0, 0, 0, 0.5], "texture": "#5"},
				"west": {"uv": [6.5, 6.5, 7, 7], "texture": "#5"},
				"up": {"uv": [0, 0.5, 0, 0], "texture": "#5"},
				"down": {"uv": [0, 0, 0, 0.5], "texture": "#5"}
			}
		},
		{
			"from": [0.25, 6.7, 7.66],
			"to": [0.35, 7.775, 7.985],
			"rotation": {"angle": 0, "axis": "y", "origin": [0, -2.5, 0.025]},
			"faces": {
				"north": {"uv": [0, 7, 0.5, 7.5], "texture": "#5"},
				"east": {"uv": [7, 0, 7.5, 0.5], "texture": "#5"},
				"south": {"uv": [0.5, 7, 1, 7.5], "texture": "#5"},
				"west": {"uv": [7, 0.5, 7.5, 1], "texture": "#5"},
				"up": {"uv": [1.5, 7.5, 1, 7], "texture": "#5"},
				"down": {"uv": [7.5, 1, 7, 1.5], "texture": "#5"}
			}
		},
		{
			"from": [0.25, 5.65, 7.71],
			"to": [0.35, 6.725, 8.035],
			"rotation": {"angle": 0, "axis": "y", "origin": [0, -1.75, 0.025]},
			"faces": {
				"north": {"uv": [1.5, 7, 2, 7.5], "texture": "#5"},
				"east": {"uv": [7, 1.5, 7.5, 2], "texture": "#5"},
				"south": {"uv": [2, 7, 2.5, 7.5], "texture": "#5"},
				"west": {"uv": [7, 2, 7.5, 2.5], "texture": "#5"},
				"up": {"uv": [3, 7.5, 2.5, 7], "texture": "#5"},
				"down": {"uv": [7.5, 2.5, 7, 3], "texture": "#5"}
			}
		},
		{
			"from": [0.25, 4.85, 7.76],
			"to": [0.35, 5.675, 8.085],
			"rotation": {"angle": 0, "axis": "y", "origin": [0, 0, 0.025]},
			"faces": {
				"north": {"uv": [3, 7, 3.5, 7.5], "texture": "#5"},
				"east": {"uv": [7, 3, 7.5, 3.5], "texture": "#5"},
				"south": {"uv": [3.5, 7, 4, 7.5], "texture": "#5"},
				"west": {"uv": [7, 3.5, 7.5, 4], "texture": "#5"},
				"up": {"uv": [4.5, 7.5, 4, 7], "texture": "#5"},
				"down": {"uv": [7.5, 4, 7, 4.5], "texture": "#5"}
			}
		},
		{
			"from": [0.251, 3.801, 7.876],
			"to": [0.349, 4.874, 8.699],
			"rotation": {"angle": 0, "axis": "y", "origin": [0, 0, 0.025]},
			"faces": {
				"north": {"uv": [6, 7, 6.5, 7.5], "texture": "#5"},
				"east": {"uv": [7, 6, 7.5, 6.5], "texture": "#5"},
				"south": {"uv": [6.5, 7, 7, 7.5], "texture": "#5"},
				"west": {"uv": [7, 6.5, 7.5, 7], "texture": "#5"},
				"up": {"uv": [7.5, 7.5, 7, 7], "texture": "#5"},
				"down": {"uv": [0.5, 7.5, 0, 8], "texture": "#5"}
			}
		},
		{
			"from": [0.25, 3.8, 7.81],
			"to": [0.35, 4.875, 8.135],
			"rotation": {"angle": 0, "axis": "y", "origin": [0, 0, 0.025]},
			"faces": {
				"north": {"uv": [7.5, 0, 8, 0.5], "texture": "#5"},
				"east": {"uv": [0.5, 7.5, 1, 8], "texture": "#5"},
				"south": {"uv": [7.5, 0.5, 8, 1], "texture": "#5"},
				"west": {"uv": [1, 7.5, 1.5, 8], "texture": "#5"},
				"up": {"uv": [8, 1.5, 7.5, 1], "texture": "#5"},
				"down": {"uv": [2, 7.5, 1.5, 8], "texture": "#5"}
			}
		},
		{
			"from": [0.25, 11.9, 3.8085],
			"to": [0.35, 12.9, 4.1335],
			"rotation": {"angle": 22.5, "axis": "x", "origin": [0, 1.3, -0.075]},
			"faces": {
				"north": {"uv": [7.5, 1.5, 8, 2], "texture": "#5"},
				"east": {"uv": [2, 7.5, 2.5, 8], "texture": "#5"},
				"south": {"uv": [7.5, 2, 8, 2.5], "texture": "#5"},
				"west": {"uv": [2.5, 7.5, 3, 8], "texture": "#5"},
				"up": {"uv": [8, 3, 7.5, 2.5], "texture": "#5"},
				"down": {"uv": [3.5, 7.5, 3, 8], "texture": "#5"}
			}
		},
		{
			"from": [0.25, 12.3, 3.7085],
			"to": [0.35, 13, 4.0335],
			"rotation": {"angle": 22.5, "axis": "x", "origin": [0, 1.3, -0.075]},
			"faces": {
				"north": {"uv": [7.5, 3, 8, 3.5], "texture": "#5"},
				"east": {"uv": [3.5, 7.5, 4, 8], "texture": "#5"},
				"south": {"uv": [7.5, 3.5, 8, 4], "texture": "#5"},
				"west": {"uv": [4, 7.5, 4.5, 8], "texture": "#5"},
				"up": {"uv": [8, 4.5, 7.5, 4], "texture": "#5"},
				"down": {"uv": [5, 7.5, 4.5, 8], "texture": "#5"}
			}
		},
		{
			"from": [0.3, 12.3, 3.6585],
			"to": [0.3, 13, 3.9835],
			"rotation": {"angle": 22.5, "axis": "x", "origin": [0, 1.3, -0.075]},
			"faces": {
				"north": {"uv": [0, 0, 0, 0.5], "texture": "#5"},
				"east": {"uv": [7.5, 4.5, 8, 5], "texture": "#5"},
				"south": {"uv": [0, 0, 0, 0.5], "texture": "#5"},
				"west": {"uv": [5, 7.5, 5.5, 8], "texture": "#5"},
				"up": {"uv": [0, 0.5, 0, 0], "texture": "#5"},
				"down": {"uv": [0, 0, 0, 0.5], "texture": "#5"}
			}
		},
		{
			"from": [0.3, 12.175, 3.6835],
			"to": [0.3, 12.375, 4.0085],
			"rotation": {"angle": 22.5, "axis": "x", "origin": [0, 1.3, -0.075]},
			"faces": {
				"north": {"uv": [0, 0, 0, 0.5], "texture": "#5"},
				"east": {"uv": [7.5, 5, 8, 5.5], "texture": "#5"},
				"south": {"uv": [0, 0, 0, 0.5], "texture": "#5"},
				"west": {"uv": [5.5, 7.5, 6, 8], "texture": "#5"},
				"up": {"uv": [0, 0.5, 0, 0], "texture": "#5"},
				"down": {"uv": [0, 0, 0, 0.5], "texture": "#5"}
			}
		},
		{
			"from": [0.3, 12.075, 3.7085],
			"to": [0.3, 12.275, 4.0335],
			"rotation": {"angle": 22.5, "axis": "x", "origin": [0, 1.3, -0.075]},
			"faces": {
				"north": {"uv": [0, 0, 0, 0.5], "texture": "#5"},
				"east": {"uv": [7.5, 5.5, 8, 6], "texture": "#5"},
				"south": {"uv": [0, 0, 0, 0.5], "texture": "#5"},
				"west": {"uv": [6, 7.5, 6.5, 8], "texture": "#5"},
				"up": {"uv": [0, 0.5, 0, 0], "texture": "#5"},
				"down": {"uv": [0, 0, 0, 0.5], "texture": "#5"}
			}
		},
		{
			"from": [0.3, 11.975, 3.7335],
			"to": [0.3, 12.175, 4.0585],
			"rotation": {"angle": 22.5, "axis": "x", "origin": [0, 1.3, -0.075]},
			"faces": {
				"north": {"uv": [0, 0, 0, 0.5], "texture": "#5"},
				"east": {"uv": [7.5, 6, 8, 6.5], "texture": "#5"},
				"south": {"uv": [0, 0, 0, 0.5], "texture": "#5"},
				"west": {"uv": [6.5, 7.5, 7, 8], "texture": "#5"},
				"up": {"uv": [0, 0.5, 0, 0], "texture": "#5"},
				"down": {"uv": [0, 0, 0, 0.5], "texture": "#5"}
			}
		},
		{
			"from": [0.3, 11.9, 3.7585],
			"to": [0.3, 12.1, 4.0835],
			"rotation": {"angle": 22.5, "axis": "x", "origin": [0, 1.3, -0.075]},
			"faces": {
				"north": {"uv": [0, 0, 0, 0.5], "texture": "#5"},
				"east": {"uv": [7.5, 6.5, 8, 7], "texture": "#5"},
				"south": {"uv": [0, 0, 0, 0.5], "texture": "#5"},
				"west": {"uv": [7, 7.5, 7.5, 8], "texture": "#5"},
				"up": {"uv": [0, 0.5, 0, 0], "texture": "#5"},
				"down": {"uv": [0, 0, 0, 0.5], "texture": "#5"}
			}
		},
		{
			"from": [0.25, 12.175, 3.7335],
			"to": [0.35, 12.35, 4.0585],
			"rotation": {"angle": 22.5, "axis": "x", "origin": [0, 1.3, -0.075]},
			"faces": {
				"north": {"uv": [7.5, 7, 8, 7.5], "texture": "#5"},
				"east": {"uv": [7.5, 7.5, 8, 8], "texture": "#5"},
				"south": {"uv": [0, 8, 0.5, 8.5], "texture": "#5"},
				"west": {"uv": [8, 0, 8.5, 0.5], "texture": "#5"},
				"up": {"uv": [1, 8.5, 0.5, 8], "texture": "#5"},
				"down": {"uv": [8.5, 0.5, 8, 1], "texture": "#5"}
			}
		},
		{
			"from": [0.25, 11.975, 3.7835],
			"to": [0.35, 12.15, 4.1085],
			"rotation": {"angle": 22.5, "axis": "x", "origin": [0, 1.3, -0.075]},
			"faces": {
				"north": {"uv": [1, 8, 1.5, 8.5], "texture": "#5"},
				"east": {"uv": [8, 1, 8.5, 1.5], "texture": "#5"},
				"south": {"uv": [1.5, 8, 2, 8.5], "texture": "#5"},
				"west": {"uv": [8, 1.5, 8.5, 2], "texture": "#5"},
				"up": {"uv": [2.5, 8.5, 2, 8], "texture": "#5"},
				"down": {"uv": [8.5, 2, 8, 2.5], "texture": "#5"}
			}
		},
		{
			"from": [0.25, 12.075, 3.7585],
			"to": [0.35, 12.25, 4.0835],
			"rotation": {"angle": 22.5, "axis": "x", "origin": [0, 1.3, -0.075]},
			"faces": {
				"north": {"uv": [2.5, 8, 3, 8.5], "texture": "#5"},
				"east": {"uv": [8, 2.5, 8.5, 3], "texture": "#5"},
				"south": {"uv": [3, 8, 3.5, 8.5], "texture": "#5"},
				"west": {"uv": [8, 3, 8.5, 3.5], "texture": "#5"},
				"up": {"uv": [4, 8.5, 3.5, 8], "texture": "#5"},
				"down": {"uv": [8.5, 3.5, 8, 4], "texture": "#5"}
			}
		},
		{
			"from": [0.25, 6.4415, 10.875],
			"to": [0.35, 6.7665, 11.625],
			"rotation": {"angle": -22.5, "axis": "x", "origin": [0, 1.3, -0.075]},
			"faces": {
				"north": {"uv": [4, 8, 4.5, 8.5], "texture": "#5"},
				"east": {"uv": [8, 4, 8.5, 4.5], "texture": "#5"},
				"south": {"uv": [4.5, 8, 5, 8.5], "texture": "#5"},
				"west": {"uv": [8, 4.5, 8.5, 5], "texture": "#5"},
				"up": {"uv": [5.5, 8.5, 5, 8], "texture": "#5"},
				"down": {"uv": [8.5, 5, 8, 5.5], "texture": "#5"}
			}
		},
		{
			"from": [0.25, 6.7665, 10.875],
			"to": [0.35, 6.8915, 11.625],
			"rotation": {"angle": -22.5, "axis": "x", "origin": [0, 1.3, -0.075]},
			"faces": {
				"north": {"uv": [5.5, 8, 6, 8.5], "texture": "#5"},
				"east": {"uv": [8, 5.5, 8.5, 6], "texture": "#5"},
				"south": {"uv": [6, 8, 6.5, 8.5], "texture": "#5"},
				"west": {"uv": [8, 6, 8.5, 6.5], "texture": "#5"},
				"up": {"uv": [7, 8.5, 6.5, 8], "texture": "#5"},
				"down": {"uv": [8.5, 6.5, 8, 7], "texture": "#5"}
			}
		},
		{
			"from": [0.3, 6.8165, 10.85],
			"to": [0.3, 6.9415, 11.625],
			"rotation": {"angle": -22.5, "axis": "x", "origin": [0, 1.3, -0.075]},
			"faces": {
				"north": {"uv": [0, 0, 0, 0.5], "texture": "#5"},
				"east": {"uv": [7, 8, 7.5, 8.5], "texture": "#5"},
				"south": {"uv": [0, 0, 0, 0.5], "texture": "#5"},
				"west": {"uv": [8, 7, 8.5, 7.5], "texture": "#5"},
				"up": {"uv": [0, 0.5, 0, 0], "texture": "#5"},
				"down": {"uv": [0, 0, 0, 0.5], "texture": "#5"}
			}
		},
		{
			"from": [0.251, 6.701, 7.676],
			"to": [0.349, 7.774, 8.699],
			"rotation": {"angle": 0, "axis": "y", "origin": [0, -2.5, 0.025]},
			"faces": {
				"north": {"uv": [7.5, 8, 8, 8.5], "texture": "#5"},
				"east": {"uv": [8, 7.5, 8.5, 8], "texture": "#5"},
				"south": {"uv": [8, 8, 8.5, 8.5], "texture": "#5"},
				"west": {"uv": [0, 8.5, 0.5, 9], "texture": "#5"},
				"up": {"uv": [9, 0.5, 8.5, 0], "texture": "#5"},
				"down": {"uv": [1, 8.5, 0.5, 9], "texture": "#5"}
			}
		}
	],
	"display": {
		"thirdperson_righthand": {
			"translation": [15.5, 8.75, -0.5],
			"scale": [2, 2, 2]
		},
		"thirdperson_lefthand": {
			"translation": [-15.5, 8.75, -0.5],
			"scale": [2, 2, 2]
		},
		"firstperson_righthand": {
			"rotation": [-25, -5, 5],
			"translation": [13, 12, 0],
			"scale": [2, 2, 2]
		},
		"firstperson_lefthand": {
			"rotation": [-25, -5, 5],
			"translation": [-18, 9, -0.5],
			"scale": [2, 2, 2]
		},
		"ground": {
			"rotation": [0, 0, -90],
			"translation": [3.5, -17.25, -0.5],
			"scale": [1.75, 1.75, 1.75]
		},
		"gui": {
			"rotation": [90, -135, 90],
			"translation": [3.25, 2.5, 0],
			"scale": [2, 2, 2]
		},
		"head": {
			"rotation": [120, -180, 0],
			"translation": [-26.25, -32.5, 6.25],
			"scale": [2.5, 2.5, 2.5]
		},
		"fixed": {
			"rotation": [-90, -45, -90],
			"translation": [6.75, 5.25, 29.75],
			"scale": [4, 4, 4]
		}
	},
	"groups": [
		{
			"name": "machete",
			"origin": [8, 8, 8],
			"color": 0,
			"children": [
				0,
				1,
				2,
				3,
				4,
				5,
				6,
				7,
				8,
				9,
				10,
				11,
				12,
				13,
				14,
				15,
				16,
				17,
				18,
				19,
				20,
				21,
				22,
				23,
				24,
				25,
				26,
				27,
				28,
				29,
				30,
				31,
				32,
				33,
				34,
				35,
				36,
				37,
				38,
				39,
				40,
				41,
				42,
				43,
				44,
				45,
				46,
				47,
				48,
				49,
				50
			]
		}
	]
}