{
	"credit": "Made with Blockbench",
	"texture_size": [32, 32],
	"textures": {
		"5": "custom/signalis_shield",
		"particle": "custom/signalis_shield"
	},
	"elements": [
		{
			"from": [-1.55, 10.475, 4.925],
			"to": [2.2, 12.225, 5.075],
			"rotation": {"angle": 22.5, "axis": "y", "origin": [0, 0.75, 0]},
			"faces": {
				"north": {"uv": [0, 0, 2, 1], "texture": "#5"},
				"east": {"uv": [9, 2, 9.5, 3], "texture": "#5"},
				"south": {"uv": [0, 1, 2, 2], "texture": "#5"},
				"west": {"uv": [3, 9, 3.5, 10], "texture": "#5"},
				"up": {"uv": [8, 4.5, 6, 4], "texture": "#5"},
				"down": {"uv": [6.5, 6, 4.5, 6.5], "texture": "#5"}
			}
		},
		{
			"from": [0.875, 11.05, 5.1],
			"to": [2.125, 11.55, 6.25],
			"rotation": {"angle": 22.5, "axis": "y", "origin": [0, 0.75, 0]},
			"faces": {
				"north": {"uv": [9, 5.5, 9.5, 6], "texture": "#5"},
				"east": {"uv": [9, 9.5, 9.5, 10], "texture": "#5"},
				"south": {"uv": [9.5, 9, 10, 9.5], "texture": "#5"},
				"west": {"uv": [9.5, 9.5, 10, 10], "texture": "#5"},
				"up": {"uv": [10.5, 0.5, 10, 0], "texture": "#5"},
				"down": {"uv": [10.5, 0.5, 10, 1], "texture": "#5"}
			}
		},
		{
			"from": [-0.85, 5.825, 4.925],
			"to": [2.2, 7.375, 5.075],
			"rotation": {"angle": 22.5, "axis": "y", "origin": [0, -1.5, 0]},
			"faces": {
				"north": {"uv": [2, 1, 3.5, 2], "texture": "#5"},
				"east": {"uv": [9, 3, 9.5, 4], "texture": "#5"},
				"south": {"uv": [2, 2, 3.5, 3], "texture": "#5"},
				"west": {"uv": [3.5, 9, 4, 10], "texture": "#5"},
				"up": {"uv": [7.5, 6, 6, 5.5], "texture": "#5"},
				"down": {"uv": [6, 6.5, 4.5, 7], "texture": "#5"}
			}
		},
		{
			"from": [-0.85, 13.775, 4.925],
			"to": [2.2, 15.325, 5.075],
			"rotation": {"angle": 22.5, "axis": "y", "origin": [0, -1.5, 0]},
			"faces": {
				"north": {"uv": [0, 3, 1.5, 4], "texture": "#5"},
				"east": {"uv": [4, 9, 4.5, 10], "texture": "#5"},
				"south": {"uv": [1.5, 3, 3, 4], "texture": "#5"},
				"west": {"uv": [4.5, 9, 5, 10], "texture": "#5"},
				"up": {"uv": [7.5, 7, 6, 6.5], "texture": "#5"},
				"down": {"uv": [8, 6, 6.5, 6.5], "texture": "#5"}
			}
		},
		{
			"from": [-0.85, 4.275, 4.925],
			"to": [2.2, 5.825, 5.075],
			"rotation": {"angle": 22.5, "axis": "y", "origin": [0, -1.5, 0]},
			"faces": {
				"north": {"uv": [3, 3, 4.5, 4], "texture": "#5"},
				"east": {"uv": [5, 9, 5.5, 10], "texture": "#5"},
				"south": {"uv": [3.5, 1, 5, 2], "texture": "#5"},
				"west": {"uv": [5.5, 9, 6, 10], "texture": "#5"},
				"up": {"uv": [1.5, 7.5, 0, 7], "texture": "#5"},
				"down": {"uv": [8.5, 0, 7, 0.5], "texture": "#5"}
			}
		},
		{
			"from": [-1.2, 8.925, 4.925],
			"to": [2.2, 10.475, 5.075],
			"rotation": {"angle": 22.5, "axis": "y", "origin": [0, 0, 0]},
			"faces": {
				"north": {"uv": [3.5, 2, 5, 3], "texture": "#5"},
				"east": {"uv": [6, 9, 6.5, 10], "texture": "#5"},
				"south": {"uv": [0, 4, 1.5, 5], "texture": "#5"},
				"west": {"uv": [6.5, 9, 7, 10], "texture": "#5"},
				"up": {"uv": [8.5, 1, 7, 0.5], "texture": "#5"},
				"down": {"uv": [3, 7, 1.5, 7.5], "texture": "#5"}
			}
		},
		{
			"from": [-1.2, 12.225, 4.925],
			"to": [2.2, 13.775, 5.075],
			"rotation": {"angle": 22.5, "axis": "y", "origin": [0, 0, 0]},
			"faces": {
				"north": {"uv": [4, 0, 5.5, 1], "texture": "#5"},
				"east": {"uv": [9, 6.5, 9.5, 7.5], "texture": "#5"},
				"south": {"uv": [1.5, 4, 3, 5], "texture": "#5"},
				"west": {"uv": [7, 9, 7.5, 10], "texture": "#5"},
				"up": {"uv": [4.5, 7.5, 3, 7], "texture": "#5"},
				"down": {"uv": [6, 7, 4.5, 7.5], "texture": "#5"}
			}
		},
		{
			"from": [-1.201, 12.224, 4.924],
			"to": [2.201, 13.026, 5.076],
			"rotation": {"angle": 22.5, "axis": "y", "origin": [0, 0, 0]},
			"faces": {
				"north": {"uv": [6, 7, 7.5, 7.5], "texture": "#5"},
				"east": {"uv": [10, 2, 10.5, 2.5], "texture": "#5"},
				"south": {"uv": [0, 7.5, 1.5, 8], "texture": "#5"},
				"west": {"uv": [10, 2.5, 10.5, 3], "texture": "#5"},
				"up": {"uv": [9, 1.5, 7.5, 1], "texture": "#5"},
				"down": {"uv": [3, 7.5, 1.5, 8], "texture": "#5"}
			}
		},
		{
			"from": [1.6985, 10.5485, 4.9235],
			"to": [2.2015, 11.3515, 5.0765],
			"rotation": {"angle": 22.5, "axis": "y", "origin": [0, 0, 0]},
			"faces": {
				"north": {"uv": [3, 10, 3.5, 10.5], "texture": "#5"},
				"east": {"uv": [10, 3, 10.5, 3.5], "texture": "#5"},
				"south": {"uv": [3.5, 10, 4, 10.5], "texture": "#5"},
				"west": {"uv": [10, 3.5, 10.5, 4], "texture": "#5"},
				"up": {"uv": [4.5, 10.5, 4, 10], "texture": "#5"},
				"down": {"uv": [10.5, 4, 10, 4.5], "texture": "#5"}
			}
		},
		{
			"from": [0.8985, 11.3485, 4.9235],
			"to": [1.7015, 12.1515, 5.0765],
			"rotation": {"angle": 22.5, "axis": "y", "origin": [0, 0, 0]},
			"faces": {
				"north": {"uv": [4.5, 10, 5, 10.5], "texture": "#5"},
				"east": {"uv": [10, 4.5, 10.5, 5], "texture": "#5"},
				"south": {"uv": [5, 10, 5.5, 10.5], "texture": "#5"},
				"west": {"uv": [10, 5, 10.5, 5.5], "texture": "#5"},
				"up": {"uv": [6, 10.5, 5.5, 10], "texture": "#5"},
				"down": {"uv": [10.5, 5.5, 10, 6], "texture": "#5"}
			}
		},
		{
			"from": [-1.201, 9.674, 4.924],
			"to": [2.201, 10.476, 5.076],
			"rotation": {"angle": 22.5, "axis": "y", "origin": [0, 0, 0]},
			"faces": {
				"north": {"uv": [7.5, 1.5, 9, 2], "texture": "#5"},
				"east": {"uv": [6, 10, 6.5, 10.5], "texture": "#5"},
				"south": {"uv": [7.5, 2, 9, 2.5], "texture": "#5"},
				"west": {"uv": [10, 6, 10.5, 6.5], "texture": "#5"},
				"up": {"uv": [9, 3, 7.5, 2.5], "texture": "#5"},
				"down": {"uv": [4.5, 7.5, 3, 8], "texture": "#5"}
			}
		},
		{
			"from": [-0.851, 4.849, 4.924],
			"to": [2.201, 5.251, 5.076],
			"rotation": {"angle": 22.5, "axis": "y", "origin": [0, 0, 0]},
			"faces": {
				"north": {"uv": [7.5, 3, 9, 3.5], "texture": "#5"},
				"east": {"uv": [6.5, 10, 7, 10.5], "texture": "#5"},
				"south": {"uv": [7.5, 3.5, 9, 4], "texture": "#5"},
				"west": {"uv": [10, 6.5, 10.5, 7], "texture": "#5"},
				"up": {"uv": [6, 8, 4.5, 7.5], "texture": "#5"},
				"down": {"uv": [9, 5.5, 7.5, 6], "texture": "#5"}
			}
		},
		{
			"from": [-0.351, 8.724, 4.924],
			"to": [0.401, 9.476, 5.076],
			"rotation": {"angle": 22.5, "axis": "y", "origin": [0, 0, 0]},
			"faces": {
				"north": {"uv": [7, 10, 7.5, 10.5], "texture": "#5"},
				"east": {"uv": [7.5, 10, 8, 10.5], "texture": "#5"},
				"south": {"uv": [8, 10, 8.5, 10.5], "texture": "#5"},
				"west": {"uv": [8.5, 10, 9, 10.5], "texture": "#5"},
				"up": {"uv": [9.5, 10.5, 9, 10], "texture": "#5"},
				"down": {"uv": [10.5, 9, 10, 9.5], "texture": "#5"}
			}
		},
		{
			"from": [-0.351, 7.724, 4.924],
			"to": [0.401, 8.476, 5.076],
			"rotation": {"angle": 22.5, "axis": "y", "origin": [0, 0, 0]},
			"faces": {
				"north": {"uv": [9.5, 10, 10, 10.5], "texture": "#5"},
				"east": {"uv": [10, 9.5, 10.5, 10], "texture": "#5"},
				"south": {"uv": [10, 10, 10.5, 10.5], "texture": "#5"},
				"west": {"uv": [0, 10.5, 0.5, 11], "texture": "#5"},
				"up": {"uv": [11, 0.5, 10.5, 0], "texture": "#5"},
				"down": {"uv": [1, 10.5, 0.5, 11], "texture": "#5"}
			}
		},
		{
			"from": [-0.351, 5.724, 4.924],
			"to": [0.401, 6.476, 5.076],
			"rotation": {"angle": 22.5, "axis": "y", "origin": [0, 0, 0]},
			"faces": {
				"north": {"uv": [10.5, 0.5, 11, 1], "texture": "#5"},
				"east": {"uv": [1, 10.5, 1.5, 11], "texture": "#5"},
				"south": {"uv": [10.5, 1, 11, 1.5], "texture": "#5"},
				"west": {"uv": [1.5, 10.5, 2, 11], "texture": "#5"},
				"up": {"uv": [11, 2, 10.5, 1.5], "texture": "#5"},
				"down": {"uv": [2.5, 10.5, 2, 11], "texture": "#5"}
			}
		},
		{
			"from": [-0.351, 6.724, 4.924],
			"to": [0.401, 7.476, 5.076],
			"rotation": {"angle": 22.5, "axis": "y", "origin": [0, 0, 0]},
			"faces": {
				"north": {"uv": [10.5, 2, 11, 2.5], "texture": "#5"},
				"east": {"uv": [2.5, 10.5, 3, 11], "texture": "#5"},
				"south": {"uv": [10.5, 2.5, 11, 3], "texture": "#5"},
				"west": {"uv": [3, 10.5, 3.5, 11], "texture": "#5"},
				"up": {"uv": [11, 3.5, 10.5, 3], "texture": "#5"},
				"down": {"uv": [4, 10.5, 3.5, 11], "texture": "#5"}
			}
		},
		{
			"from": [0.649, 8.724, 4.924],
			"to": [1.401, 9.476, 5.076],
			"rotation": {"angle": 22.5, "axis": "y", "origin": [0, 0, 0]},
			"faces": {
				"north": {"uv": [10.5, 3.5, 11, 4], "texture": "#5"},
				"east": {"uv": [4, 10.5, 4.5, 11], "texture": "#5"},
				"south": {"uv": [10.5, 4, 11, 4.5], "texture": "#5"},
				"west": {"uv": [4.5, 10.5, 5, 11], "texture": "#5"},
				"up": {"uv": [11, 5, 10.5, 4.5], "texture": "#5"},
				"down": {"uv": [5.5, 10.5, 5, 11], "texture": "#5"}
			}
		},
		{
			"from": [0.649, 6.724, 4.924],
			"to": [1.401, 7.476, 5.076],
			"rotation": {"angle": 22.5, "axis": "y", "origin": [0, 0, 0]},
			"faces": {
				"north": {"uv": [10.5, 5, 11, 5.5], "texture": "#5"},
				"east": {"uv": [5.5, 10.5, 6, 11], "texture": "#5"},
				"south": {"uv": [10.5, 5.5, 11, 6], "texture": "#5"},
				"west": {"uv": [6, 10.5, 6.5, 11], "texture": "#5"},
				"up": {"uv": [11, 6.5, 10.5, 6], "texture": "#5"},
				"down": {"uv": [7, 10.5, 6.5, 11], "texture": "#5"}
			}
		},
		{
			"from": [0.649, 5.724, 4.924],
			"to": [1.401, 6.476, 5.076],
			"rotation": {"angle": 22.5, "axis": "y", "origin": [0, 0, 0]},
			"faces": {
				"north": {"uv": [10.5, 6.5, 11, 7], "texture": "#5"},
				"east": {"uv": [7, 10.5, 7.5, 11], "texture": "#5"},
				"south": {"uv": [10.5, 7, 11, 7.5], "texture": "#5"},
				"west": {"uv": [7.5, 10.5, 8, 11], "texture": "#5"},
				"up": {"uv": [11, 8, 10.5, 7.5], "texture": "#5"},
				"down": {"uv": [8.5, 10.5, 8, 11], "texture": "#5"}
			}
		},
		{
			"from": [0.649, 7.724, 4.924],
			"to": [1.401, 8.476, 5.076],
			"rotation": {"angle": 22.5, "axis": "y", "origin": [0, 0, 0]},
			"faces": {
				"north": {"uv": [10.5, 8, 11, 8.5], "texture": "#5"},
				"east": {"uv": [8.5, 10.5, 9, 11], "texture": "#5"},
				"south": {"uv": [10.5, 8.5, 11, 9], "texture": "#5"},
				"west": {"uv": [9, 10.5, 9.5, 11], "texture": "#5"},
				"up": {"uv": [11, 9.5, 10.5, 9], "texture": "#5"},
				"down": {"uv": [10, 10.5, 9.5, 11], "texture": "#5"}
			}
		},
		{
			"from": [-1.2, 7.375, 4.925],
			"to": [2.2, 8.925, 5.075],
			"rotation": {"angle": 22.5, "axis": "y", "origin": [0, -0.75, 0]},
			"faces": {
				"north": {"uv": [3, 4, 4.5, 5], "texture": "#5"},
				"east": {"uv": [7.5, 9, 8, 10], "texture": "#5"},
				"south": {"uv": [4.5, 3, 6, 4], "texture": "#5"},
				"west": {"uv": [9, 7.5, 9.5, 8.5], "texture": "#5"},
				"up": {"uv": [7.5, 8, 6, 7.5], "texture": "#5"},
				"down": {"uv": [9, 6.5, 7.5, 7], "texture": "#5"}
			}
		},
		{
			"from": [4.975, 5.825, 1.95],
			"to": [8.025, 7.375, 2.1],
			"rotation": {"angle": -22.5, "axis": "y", "origin": [0, -1.5, 0]},
			"faces": {
				"north": {"uv": [4.5, 4, 6, 5], "texture": "#5"},
				"east": {"uv": [8, 9, 8.5, 10], "texture": "#5"},
				"south": {"uv": [0, 5, 1.5, 6], "texture": "#5"},
				"west": {"uv": [8.5, 9, 9, 10], "texture": "#5"},
				"up": {"uv": [9, 7.5, 7.5, 7], "texture": "#5"},
				"down": {"uv": [9, 7.5, 7.5, 8], "texture": "#5"}
			}
		},
		{
			"from": [4.975, 13.775, 1.95],
			"to": [8.025, 15.325, 2.1],
			"rotation": {"angle": -22.5, "axis": "y", "origin": [0, -1.5, 0]},
			"faces": {
				"north": {"uv": [5, 1, 6.5, 2], "texture": "#5"},
				"east": {"uv": [9, 8.5, 9.5, 9.5], "texture": "#5"},
				"south": {"uv": [1.5, 5, 3, 6], "texture": "#5"},
				"west": {"uv": [0, 9.5, 0.5, 10.5], "texture": "#5"},
				"up": {"uv": [1.5, 8.5, 0, 8], "texture": "#5"},
				"down": {"uv": [3, 8, 1.5, 8.5], "texture": "#5"}
			}
		},
		{
			"from": [4.975, 4.275, 1.95],
			"to": [8.025, 5.825, 2.1],
			"rotation": {"angle": -22.5, "axis": "y", "origin": [0, -1.5, 0]},
			"faces": {
				"north": {"uv": [5, 2, 6.5, 3], "texture": "#5"},
				"east": {"uv": [0.5, 9.5, 1, 10.5], "texture": "#5"},
				"south": {"uv": [3, 5, 4.5, 6], "texture": "#5"},
				"west": {"uv": [1, 9.5, 1.5, 10.5], "texture": "#5"},
				"up": {"uv": [4.5, 8.5, 3, 8], "texture": "#5"},
				"down": {"uv": [9.5, 4, 8, 4.5], "texture": "#5"}
			}
		},
		{
			"from": [4.975, 8.925, 1.95],
			"to": [8.375, 10.475, 2.1],
			"rotation": {"angle": -22.5, "axis": "y", "origin": [0, 0, 0]},
			"faces": {
				"north": {"uv": [4.5, 5, 6, 6], "texture": "#5"},
				"east": {"uv": [1.5, 9.5, 2, 10.5], "texture": "#5"},
				"south": {"uv": [5.5, 0, 7, 1], "texture": "#5"},
				"west": {"uv": [2, 9.5, 2.5, 10.5], "texture": "#5"},
				"up": {"uv": [6, 8.5, 4.5, 8], "texture": "#5"},
				"down": {"uv": [9.5, 4.5, 8, 5], "texture": "#5"}
			}
		},
		{
			"from": [4.975, 12.225, 1.95],
			"to": [8.375, 13.775, 2.1],
			"rotation": {"angle": -22.5, "axis": "y", "origin": [0, 0, 0]},
			"faces": {
				"north": {"uv": [0, 6, 1.5, 7], "texture": "#5"},
				"east": {"uv": [9.5, 2, 10, 3], "texture": "#5"},
				"south": {"uv": [1.5, 6, 3, 7], "texture": "#5"},
				"west": {"uv": [2.5, 9.5, 3, 10.5], "texture": "#5"},
				"up": {"uv": [9.5, 5.5, 8, 5], "texture": "#5"},
				"down": {"uv": [7.5, 8, 6, 8.5], "texture": "#5"}
			}
		},
		{
			"from": [4.974, 12.224, 1.949],
			"to": [8.376, 13.026, 2.101],
			"rotation": {"angle": -22.5, "axis": "y", "origin": [0, 0, 0]},
			"faces": {
				"north": {"uv": [8, 6, 9.5, 6.5], "texture": "#5"},
				"east": {"uv": [10.5, 9.5, 11, 10], "texture": "#5"},
				"south": {"uv": [7.5, 8, 9, 8.5], "texture": "#5"},
				"west": {"uv": [10, 10.5, 10.5, 11], "texture": "#5"},
				"up": {"uv": [1.5, 9, 0, 8.5], "texture": "#5"},
				"down": {"uv": [10, 0, 8.5, 0.5], "texture": "#5"}
			}
		},
		{
			"from": [4.9735, 10.5485, 1.9485],
			"to": [5.4765, 11.3515, 2.1015],
			"rotation": {"angle": -22.5, "axis": "y", "origin": [0, 0, 0]},
			"faces": {
				"north": {"uv": [10.5, 10, 11, 10.5], "texture": "#5"},
				"east": {"uv": [10.5, 10.5, 11, 11], "texture": "#5"},
				"south": {"uv": [0, 11, 0.5, 11.5], "texture": "#5"},
				"west": {"uv": [11, 0, 11.5, 0.5], "texture": "#5"},
				"up": {"uv": [1, 11.5, 0.5, 11], "texture": "#5"},
				"down": {"uv": [11.5, 0.5, 11, 1], "texture": "#5"}
			}
		},
		{
			"from": [5.4735, 11.3485, 1.9485],
			"to": [6.2765, 12.1515, 2.1015],
			"rotation": {"angle": -22.5, "axis": "y", "origin": [0, 0, 0]},
			"faces": {
				"north": {"uv": [1, 11, 1.5, 11.5], "texture": "#5"},
				"east": {"uv": [11, 1, 11.5, 1.5], "texture": "#5"},
				"south": {"uv": [1.5, 11, 2, 11.5], "texture": "#5"},
				"west": {"uv": [11, 1.5, 11.5, 2], "texture": "#5"},
				"up": {"uv": [2.5, 11.5, 2, 11], "texture": "#5"},
				"down": {"uv": [11.5, 2, 11, 2.5], "texture": "#5"}
			}
		},
		{
			"from": [4.974, 9.674, 1.949],
			"to": [8.376, 10.476, 2.101],
			"rotation": {"angle": -22.5, "axis": "y", "origin": [0, 0, 0]},
			"faces": {
				"north": {"uv": [8.5, 0.5, 10, 1], "texture": "#5"},
				"east": {"uv": [2.5, 11, 3, 11.5], "texture": "#5"},
				"south": {"uv": [1.5, 8.5, 3, 9], "texture": "#5"},
				"west": {"uv": [11, 2.5, 11.5, 3], "texture": "#5"},
				"up": {"uv": [4.5, 9, 3, 8.5], "texture": "#5"},
				"down": {"uv": [6, 8.5, 4.5, 9], "texture": "#5"}
			}
		},
		{
			"from": [4.974, 4.849, 1.949],
			"to": [8.026, 5.251, 2.101],
			"rotation": {"angle": -22.5, "axis": "y", "origin": [0, 0, 0]},
			"faces": {
				"north": {"uv": [6, 8.5, 7.5, 9], "texture": "#5"},
				"east": {"uv": [3, 11, 3.5, 11.5], "texture": "#5"},
				"south": {"uv": [7.5, 8.5, 9, 9], "texture": "#5"},
				"west": {"uv": [11, 3, 11.5, 3.5], "texture": "#5"},
				"up": {"uv": [1.5, 9.5, 0, 9], "texture": "#5"},
				"down": {"uv": [10.5, 1, 9, 1.5], "texture": "#5"}
			}
		},
		{
			"from": [5.749, 5.724, 1.949],
			"to": [6.501, 6.476, 2.101],
			"rotation": {"angle": -22.5, "axis": "y", "origin": [0, 0, 0]},
			"faces": {
				"north": {"uv": [3.5, 11, 4, 11.5], "texture": "#5"},
				"east": {"uv": [11, 3.5, 11.5, 4], "texture": "#5"},
				"south": {"uv": [4, 11, 4.5, 11.5], "texture": "#5"},
				"west": {"uv": [11, 4, 11.5, 4.5], "texture": "#5"},
				"up": {"uv": [5, 11.5, 4.5, 11], "texture": "#5"},
				"down": {"uv": [11.5, 4.5, 11, 5], "texture": "#5"}
			}
		},
		{
			"from": [6.749, 5.724, 1.949],
			"to": [7.501, 6.476, 2.101],
			"rotation": {"angle": -22.5, "axis": "y", "origin": [0, 0, 0]},
			"faces": {
				"north": {"uv": [5, 11, 5.5, 11.5], "texture": "#5"},
				"east": {"uv": [11, 5, 11.5, 5.5], "texture": "#5"},
				"south": {"uv": [5.5, 11, 6, 11.5], "texture": "#5"},
				"west": {"uv": [11, 5.5, 11.5, 6], "texture": "#5"},
				"up": {"uv": [6.5, 11.5, 6, 11], "texture": "#5"},
				"down": {"uv": [11.5, 6, 11, 6.5], "texture": "#5"}
			}
		},
		{
			"from": [6.749, 6.724, 1.949],
			"to": [7.501, 7.476, 2.101],
			"rotation": {"angle": -22.5, "axis": "y", "origin": [0, 0, 0]},
			"faces": {
				"north": {"uv": [6.5, 11, 7, 11.5], "texture": "#5"},
				"east": {"uv": [11, 6.5, 11.5, 7], "texture": "#5"},
				"south": {"uv": [7, 11, 7.5, 11.5], "texture": "#5"},
				"west": {"uv": [11, 7, 11.5, 7.5], "texture": "#5"},
				"up": {"uv": [8, 11.5, 7.5, 11], "texture": "#5"},
				"down": {"uv": [11.5, 7.5, 11, 8], "texture": "#5"}
			}
		},
		{
			"from": [5.749, 6.724, 1.949],
			"to": [6.501, 7.476, 2.101],
			"rotation": {"angle": -22.5, "axis": "y", "origin": [0, 0, 0]},
			"faces": {
				"north": {"uv": [8, 11, 8.5, 11.5], "texture": "#5"},
				"east": {"uv": [11, 8, 11.5, 8.5], "texture": "#5"},
				"south": {"uv": [8.5, 11, 9, 11.5], "texture": "#5"},
				"west": {"uv": [11, 8.5, 11.5, 9], "texture": "#5"},
				"up": {"uv": [9.5, 11.5, 9, 11], "texture": "#5"},
				"down": {"uv": [11.5, 9, 11, 9.5], "texture": "#5"}
			}
		},
		{
			"from": [6.749, 7.724, 1.949],
			"to": [7.501, 8.476, 2.101],
			"rotation": {"angle": -22.5, "axis": "y", "origin": [0, 0, 0]},
			"faces": {
				"north": {"uv": [9.5, 11, 10, 11.5], "texture": "#5"},
				"east": {"uv": [11, 9.5, 11.5, 10], "texture": "#5"},
				"south": {"uv": [10, 11, 10.5, 11.5], "texture": "#5"},
				"west": {"uv": [11, 10, 11.5, 10.5], "texture": "#5"},
				"up": {"uv": [11, 11.5, 10.5, 11], "texture": "#5"},
				"down": {"uv": [11.5, 10.5, 11, 11], "texture": "#5"}
			}
		},
		{
			"from": [5.749, 7.724, 1.949],
			"to": [6.501, 8.476, 2.101],
			"rotation": {"angle": -22.5, "axis": "y", "origin": [0, 0, 0]},
			"faces": {
				"north": {"uv": [11, 11, 11.5, 11.5], "texture": "#5"},
				"east": {"uv": [0, 11.5, 0.5, 12], "texture": "#5"},
				"south": {"uv": [11.5, 0, 12, 0.5], "texture": "#5"},
				"west": {"uv": [0.5, 11.5, 1, 12], "texture": "#5"},
				"up": {"uv": [12, 1, 11.5, 0.5], "texture": "#5"},
				"down": {"uv": [1.5, 11.5, 1, 12], "texture": "#5"}
			}
		},
		{
			"from": [6.749, 8.724, 1.949],
			"to": [7.501, 9.476, 2.101],
			"rotation": {"angle": -22.5, "axis": "y", "origin": [0, 0, 0]},
			"faces": {
				"north": {"uv": [11.5, 1, 12, 1.5], "texture": "#5"},
				"east": {"uv": [1.5, 11.5, 2, 12], "texture": "#5"},
				"south": {"uv": [11.5, 1.5, 12, 2], "texture": "#5"},
				"west": {"uv": [2, 11.5, 2.5, 12], "texture": "#5"},
				"up": {"uv": [12, 2.5, 11.5, 2], "texture": "#5"},
				"down": {"uv": [3, 11.5, 2.5, 12], "texture": "#5"}
			}
		},
		{
			"from": [5.749, 8.724, 1.949],
			"to": [6.501, 9.476, 2.101],
			"rotation": {"angle": -22.5, "axis": "y", "origin": [0, 0, 0]},
			"faces": {
				"north": {"uv": [11.5, 2.5, 12, 3], "texture": "#5"},
				"east": {"uv": [3, 11.5, 3.5, 12], "texture": "#5"},
				"south": {"uv": [11.5, 3, 12, 3.5], "texture": "#5"},
				"west": {"uv": [3.5, 11.5, 4, 12], "texture": "#5"},
				"up": {"uv": [12, 4, 11.5, 3.5], "texture": "#5"},
				"down": {"uv": [4.5, 11.5, 4, 12], "texture": "#5"}
			}
		},
		{
			"from": [4.975, 7.375, 1.95],
			"to": [8.375, 8.925, 2.1],
			"rotation": {"angle": -22.5, "axis": "y", "origin": [0, -0.75, 0]},
			"faces": {
				"north": {"uv": [3, 6, 4.5, 7], "texture": "#5"},
				"east": {"uv": [9.5, 3, 10, 4], "texture": "#5"},
				"south": {"uv": [6, 3, 7.5, 4], "texture": "#5"},
				"west": {"uv": [9.5, 4, 10, 5], "texture": "#5"},
				"up": {"uv": [3, 9.5, 1.5, 9], "texture": "#5"},
				"down": {"uv": [10.5, 1.5, 9, 2], "texture": "#5"}
			}
		},
		{
			"from": [4.975, 10.475, 1.95],
			"to": [8.725, 12.225, 2.1],
			"rotation": {"angle": -22.5, "axis": "y", "origin": [0, 0.75, 0]},
			"faces": {
				"north": {"uv": [0, 2, 2, 3], "texture": "#5"},
				"east": {"uv": [9.5, 5, 10, 6], "texture": "#5"},
				"south": {"uv": [2, 0, 4, 1], "texture": "#5"},
				"west": {"uv": [9.5, 6, 10, 7], "texture": "#5"},
				"up": {"uv": [8, 5, 6, 4.5], "texture": "#5"},
				"down": {"uv": [8, 5, 6, 5.5], "texture": "#5"}
			}
		},
		{
			"from": [4.975, 11.05, 2.1],
			"to": [6.225, 11.55, 3.25],
			"rotation": {"angle": -22.5, "axis": "y", "origin": [0, 0.75, 0]},
			"faces": {
				"north": {"uv": [11.5, 4, 12, 4.5], "texture": "#5"},
				"east": {"uv": [4.5, 11.5, 5, 12], "texture": "#5"},
				"south": {"uv": [11.5, 4.5, 12, 5], "texture": "#5"},
				"west": {"uv": [5, 11.5, 5.5, 12], "texture": "#5"},
				"up": {"uv": [12, 5.5, 11.5, 5], "texture": "#5"},
				"down": {"uv": [6, 11.5, 5.5, 12], "texture": "#5"}
			}
		},
		{
			"from": [2.749, 11.049, 4.249],
			"to": [5.001, 11.551, 6.251],
			"faces": {
				"north": {"uv": [9.5, 7, 10.5, 7.5], "texture": "#5"},
				"east": {"uv": [9.5, 7.5, 10.5, 8], "texture": "#5"},
				"south": {"uv": [9.5, 8, 10.5, 8.5], "texture": "#5"},
				"west": {"uv": [9.5, 8.5, 10.5, 9], "texture": "#5"},
				"up": {"uv": [7.5, 2, 6.5, 1], "texture": "#5"},
				"down": {"uv": [7.5, 2, 6.5, 3], "texture": "#5"}
			}
		}
	],
	"display": {
		"thirdperson_righthand": {
			"rotation": [90, -90, 0],
			"translation": [-5.25, -10.25, -1.5],
			"scale": [2, 2, 2]
		},
		"thirdperson_lefthand": {
			"rotation": [90, -90, 0],
			"translation": [-5.25, 6.25, -1.5],
			"scale": [2, 2, 2]
		},
		"firstperson_righthand": {
			"rotation": [0, 0, -5],
			"translation": [-2, 0.25, 10]
		},
		"firstperson_lefthand": {
			"rotation": [0, 0, -5],
			"translation": [-10, 1, 10]
		},
		"ground": {
			"translation": [7.25, 2.75, 5],
			"scale": [1.75, 1.75, 1.75]
		},
		"gui": {
			"rotation": [15, 180, 30],
			"translation": [-6.75, 2, 0],
			"scale": [1.5, 1.5, 1.5]
		},
		"head": {
			"rotation": [0, 180, 0],
			"translation": [-12.25, -28.5, -5.25],
			"scale": [3, 3, 3]
		},
		"fixed": {
			"translation": [17, -5.75, 10],
			"scale": [4, 4, 4]
		}
	},
	"groups": [
		{
			"name": "shield",
			"origin": [8, 8, 8],
			"color": 0,
			"children": [0, 1, 2, 3, 4, 5, 6, 7, 8, 9, 10, 11, 12, 13, 14, 15, 16, 17, 18, 19, 20, 21, 22, 23, 24, 25, 26, 27, 28, 29, 30, 31, 32, 33, 34, 35, 36, 37, 38, 39, 40, 41, 42]
		}
	]
}