{
	"credit": "Made with Blockbench",
	"texture_size": [32, 32],
	"textures": {
		"512": "custom/signalis_knife",
		"particle": "custom/signalis_knife"
	},
	"elements": [
		{
			"from": [6.6, 0.475, 6.075],
			"to": [7.2, 3.175, 6.675],
			"rotation": {"angle": -45, "axis": "y", "origin": [0, 0.2, 0]},
			"faces": {
				"north": {"uv": [1, 2.5, 1.5, 4], "texture": "#512"},
				"east": {"uv": [1.5, 2.5, 2, 4], "texture": "#512"},
				"south": {"uv": [2, 2.5, 2.5, 4], "texture": "#512"},
				"west": {"uv": [2.5, 2.5, 3, 4], "texture": "#512"},
				"up": {"uv": [6, 2.5, 5.5, 2], "texture": "#512"},
				"down": {"uv": [3, 5.5, 2.5, 6], "texture": "#512"}
			}
		},
		{
			"from": [-0.025, 0.9, 9.285],
			"to": [0.775, 1.1, 9.485],
			"rotation": {"angle": 0, "axis": "y", "origin": [0, 0.2, 0]},
			"faces": {
				"north": {"uv": [5.5, 2.5, 6, 3], "texture": "#512"},
				"east": {"uv": [5.5, 3, 6, 3.5], "texture": "#512"},
				"south": {"uv": [5.5, 3.5, 6, 4], "texture": "#512"},
				"west": {"uv": [5.5, 4, 6, 4.5], "texture": "#512"},
				"up": {"uv": [6, 5, 5.5, 4.5], "texture": "#512"},
				"down": {"uv": [6, 5, 5.5, 5.5], "texture": "#512"}
			}
		},
		{
			"from": [6.525, 2.975, 6],
			"to": [7.125, 3.175, 6.6],
			"rotation": {"angle": -45, "axis": "y", "origin": [0, 0.2, 0]},
			"faces": {
				"north": {"uv": [5.5, 5.5, 6, 6], "texture": "#512"},
				"east": {"uv": [6, 0, 6.5, 0.5], "texture": "#512"},
				"south": {"uv": [6, 0.5, 6.5, 1], "texture": "#512"},
				"west": {"uv": [6, 1, 6.5, 1.5], "texture": "#512"},
				"up": {"uv": [6.5, 2, 6, 1.5], "texture": "#512"},
				"down": {"uv": [6.5, 2, 6, 2.5], "texture": "#512"}
			}
		},
		{
			"from": [6.525, 0.475, 6],
			"to": [7.125, 0.675, 6.6],
			"rotation": {"angle": -45, "axis": "y", "origin": [0, 0.2, 0]},
			"faces": {
				"north": {"uv": [2.5, 6, 3, 6.5], "texture": "#512"},
				"east": {"uv": [6, 2.5, 6.5, 3], "texture": "#512"},
				"south": {"uv": [3, 6, 3.5, 6.5], "texture": "#512"},
				"west": {"uv": [6, 3, 6.5, 3.5], "texture": "#512"},
				"up": {"uv": [4, 6.5, 3.5, 6], "texture": "#512"},
				"down": {"uv": [6.5, 3.5, 6, 4], "texture": "#512"}
			}
		},
		{
			"from": [0.351, 2.901, 9.151],
			"to": [0.399, 6.149, 9.649],
			"rotation": {"angle": 0, "axis": "y", "origin": [0, -0.1, 0.025]},
			"faces": {
				"north": {"uv": [3, 0, 3.5, 1.5], "texture": "#512"},
				"east": {"uv": [3, 1.5, 3.5, 3], "texture": "#512"},
				"south": {"uv": [3, 3, 3.5, 4.5], "texture": "#512"},
				"west": {"uv": [3.5, 0, 4, 1.5], "texture": "#512"},
				"up": {"uv": [4.5, 6.5, 4, 6], "texture": "#512"},
				"down": {"uv": [6.5, 4, 6, 4.5], "texture": "#512"}
			}
		},
		{
			"from": [0.351, 3.251, 9.301],
			"to": [0.399, 9.024, 10.049],
			"rotation": {"angle": 0, "axis": "y", "origin": [0, 0.5, 0.025]},
			"faces": {
				"north": {"uv": [0, 0, 0.5, 2.5], "texture": "#512"},
				"east": {"uv": [0.5, 0, 1, 2.5], "texture": "#512"},
				"south": {"uv": [1, 0, 1.5, 2.5], "texture": "#512"},
				"west": {"uv": [1.5, 0, 2, 2.5], "texture": "#512"},
				"up": {"uv": [5, 6.5, 4.5, 6], "texture": "#512"},
				"down": {"uv": [6.5, 4.5, 6, 5], "texture": "#512"}
			}
		},
		{
			"from": [0.35, 13.06, 0.56],
			"to": [0.4, 13.635, 1.06],
			"rotation": {"angle": 45, "axis": "x", "origin": [0, 0.5, 0.025]},
			"faces": {
				"north": {"uv": [6.5, 0, 7, 0.5], "texture": "#512"},
				"east": {"uv": [0.5, 6.5, 1, 7], "texture": "#512"},
				"south": {"uv": [6.5, 0.5, 7, 1], "texture": "#512"},
				"west": {"uv": [1, 6.5, 1.5, 7], "texture": "#512"},
				"up": {"uv": [7, 1.5, 6.5, 1], "texture": "#512"},
				"down": {"uv": [2, 6.5, 1.5, 7], "texture": "#512"}
			}
		},
		{
			"from": [0.35, 8.935, 9.81],
			"to": [0.4, 9.51, 10.049],
			"rotation": {"angle": 0, "axis": "x", "origin": [0, 0.5, 0.025]},
			"faces": {
				"north": {"uv": [6.5, 0, 7, 0.5], "texture": "#512"},
				"east": {"uv": [0.5, 6.5, 1, 7], "texture": "#512"},
				"south": {"uv": [6.5, 0.5, 7, 1], "texture": "#512"},
				"west": {"uv": [1, 6.5, 1.5, 7], "texture": "#512"},
				"up": {"uv": [7, 1.5, 6.5, 1], "texture": "#512"},
				"down": {"uv": [2, 6.5, 1.5, 7], "texture": "#512"}
			}
		},
		{
			"from": [0.349, 13.059, 0.559],
			"to": [0.401, 13.961, 0.736],
			"rotation": {"angle": 45, "axis": "x", "origin": [0, 0.5, 0.025]},
			"faces": {
				"north": {"uv": [1.5, 7.5, 2, 8], "texture": "#512"},
				"east": {"uv": [7.5, 1.5, 8, 2], "texture": "#512"},
				"south": {"uv": [2, 7.5, 2.5, 8], "texture": "#512"},
				"west": {"uv": [7.5, 2, 8, 2.5], "texture": "#512"},
				"up": {"uv": [3, 8, 2.5, 7.5], "texture": "#512"},
				"down": {"uv": [8, 2.5, 7.5, 3], "texture": "#512"}
			}
		},
		{
			"from": [0.35, 9.65, 5.325],
			"to": [0.4, 11.9, 6.075],
			"rotation": {"angle": 22.5, "axis": "x", "origin": [0, 0.5, 0.025]},
			"faces": {
				"north": {"uv": [5, 3, 5.5, 4], "texture": "#512"},
				"east": {"uv": [5, 4, 5.5, 5], "texture": "#512"},
				"south": {"uv": [5, 5, 5.5, 6], "texture": "#512"},
				"west": {"uv": [5.5, 0, 6, 1], "texture": "#512"},
				"up": {"uv": [7, 3.5, 6.5, 3], "texture": "#512"},
				"down": {"uv": [4, 6.5, 3.5, 7], "texture": "#512"}
			}
		},
		{
			"from": [0.349, 9.649, 5.324],
			"to": [0.401, 11.901, 5.501],
			"rotation": {"angle": 22.5, "axis": "x", "origin": [0, 0.5, 0.025]},
			"faces": {
				"north": {"uv": [7, 7, 7.5, 8], "texture": "#512"},
				"east": {"uv": [0, 7.5, 0.5, 8.5], "texture": "#512"},
				"south": {"uv": [7.5, 0, 8, 1], "texture": "#512"},
				"west": {"uv": [0.5, 7.5, 1, 8.5], "texture": "#512"},
				"up": {"uv": [1.5, 8, 1, 7.5], "texture": "#512"},
				"down": {"uv": [8, 1, 7.5, 1.5], "texture": "#512"}
			}
		},
		{
			"from": [0.352, 6.502, 6.377],
			"to": [0.398, 7.248, 7.373],
			"rotation": {"angle": 22.5, "axis": "x", "origin": [0, -0.1, 0.025]},
			"faces": {
				"north": {"uv": [3.5, 1.5, 4, 3], "texture": "#512"},
				"east": {"uv": [3.5, 3, 4, 4.5], "texture": "#512"},
				"south": {"uv": [4, 0, 4.5, 1.5], "texture": "#512"},
				"west": {"uv": [1, 4, 1.5, 5.5], "texture": "#512"},
				"up": {"uv": [7, 4, 6.5, 3.5], "texture": "#512"},
				"down": {"uv": [4.5, 6.5, 4, 7], "texture": "#512"}
			}
		},
		{
			"from": [0.35, 6.5, 6.375],
			"to": [0.4, 6.825, 7.2],
			"rotation": {"angle": 22.5, "axis": "x", "origin": [0, -0.1, 0.025]},
			"faces": {
				"north": {"uv": [5, 6, 5.5, 6.5], "texture": "#512"},
				"east": {"uv": [6, 5, 6.5, 5.5], "texture": "#512"},
				"south": {"uv": [5.5, 6, 6, 6.5], "texture": "#512"},
				"west": {"uv": [6, 5.5, 6.5, 6], "texture": "#512"},
				"up": {"uv": [6.5, 6.5, 6, 6], "texture": "#512"},
				"down": {"uv": [0.5, 6.5, 0, 7], "texture": "#512"}
			}
		},
		{
			"from": [0.349, 3.574, 8.424],
			"to": [0.401, 6.926, 8.601],
			"rotation": {"angle": 0, "axis": "x", "origin": [0, -0.1, 0.025]},
			"faces": {
				"north": {"uv": [5, 7, 5.5, 8.5], "texture": "#512"},
				"east": {"uv": [7, 5, 7.5, 6.5], "texture": "#512"},
				"south": {"uv": [5.5, 7, 6, 8.5], "texture": "#512"},
				"west": {"uv": [6, 7, 6.5, 8.5], "texture": "#512"},
				"up": {"uv": [7, 7.5, 6.5, 7], "texture": "#512"},
				"down": {"uv": [7.5, 6.5, 7, 7], "texture": "#512"}
			}
		},
		{
			"from": [0.35, 3.5, 8.575],
			"to": [0.4, 7.075, 9.3],
			"rotation": {"angle": 0, "axis": "x", "origin": [0, -0.1, 0.025]},
			"faces": {
				"north": {"uv": [1.5, 4, 2, 5.5], "texture": "#512"},
				"east": {"uv": [4, 1.5, 4.5, 3], "texture": "#512"},
				"south": {"uv": [2, 4, 2.5, 5.5], "texture": "#512"},
				"west": {"uv": [2.5, 4, 3, 5.5], "texture": "#512"},
				"up": {"uv": [7, 4.5, 6.5, 4], "texture": "#512"},
				"down": {"uv": [5, 6.5, 4.5, 7], "texture": "#512"}
			}
		},
		{
			"from": [0.375, 2.975, 9.15],
			"to": [0.375, 6.175, 9.6],
			"rotation": {"angle": 0, "axis": "y", "origin": [0, -0.05, 0]},
			"faces": {
				"north": {"uv": [4, 3, 4.5, 4.5], "texture": "#512"},
				"east": {"uv": [4.5, 0, 5, 1.5], "texture": "#512"},
				"south": {"uv": [4.5, 1.5, 5, 3], "texture": "#512"},
				"west": {"uv": [3, 4.5, 3.5, 6], "texture": "#512"},
				"up": {"uv": [7, 5, 6.5, 4.5], "texture": "#512"},
				"down": {"uv": [5.5, 6.5, 5, 7], "texture": "#512"}
			}
		},
		{
			"from": [0.375, 9.675, 5.315],
			"to": [0.375, 11.925, 6.015],
			"rotation": {"angle": 22.5, "axis": "x", "origin": [0, 0.55, 0]},
			"faces": {
				"north": {"uv": [1, 5.5, 1.5, 6.5], "texture": "#512"},
				"east": {"uv": [5.5, 1, 6, 2], "texture": "#512"},
				"south": {"uv": [1.5, 5.5, 2, 6.5], "texture": "#512"},
				"west": {"uv": [2, 5.5, 2.5, 6.5], "texture": "#512"},
				"up": {"uv": [7, 5.5, 6.5, 5], "texture": "#512"},
				"down": {"uv": [6, 6.5, 5.5, 7], "texture": "#512"}
			}
		},
		{
			"from": [0.375, 3.575, 8.4],
			"to": [0.375, 6.95, 9.35],
			"rotation": {"angle": 0, "axis": "x", "origin": [0, -0.05, 0]},
			"faces": {
				"north": {"uv": [4.5, 3, 5, 4.5], "texture": "#512"},
				"east": {"uv": [3.5, 4.5, 4, 6], "texture": "#512"},
				"south": {"uv": [4, 4.5, 4.5, 6], "texture": "#512"},
				"west": {"uv": [4.5, 4.5, 5, 6], "texture": "#512"},
				"up": {"uv": [7, 6, 6.5, 5.5], "texture": "#512"},
				"down": {"uv": [6.5, 6.5, 6, 7], "texture": "#512"}
			}
		},
		{
			"from": [0.375, 3.5, 8.675],
			"to": [0.375, 7.3, 9.625],
			"rotation": {"angle": 0, "axis": "x", "origin": [0, -0.05, 0]},
			"faces": {
				"north": {"uv": [0, 5, 0.5, 6.5], "texture": "#512"},
				"east": {"uv": [5, 0, 5.5, 1.5], "texture": "#512"},
				"south": {"uv": [0.5, 5, 1, 6.5], "texture": "#512"},
				"west": {"uv": [5, 1.5, 5.5, 3], "texture": "#512"},
				"up": {"uv": [7, 6.5, 6.5, 6], "texture": "#512"},
				"down": {"uv": [7, 6.5, 6.5, 7], "texture": "#512"}
			}
		},
		{
			"from": [0.375, 3.825, 9.3],
			"to": [0.375, 9.025, 10],
			"rotation": {"angle": 0, "axis": "y", "origin": [0, 0.55, 0]},
			"faces": {
				"north": {"uv": [2, 0, 2.5, 2.5], "texture": "#512"},
				"east": {"uv": [0, 2.5, 0.5, 5], "texture": "#512"},
				"south": {"uv": [2.5, 0, 3, 2.5], "texture": "#512"},
				"west": {"uv": [0.5, 2.5, 1, 5], "texture": "#512"},
				"up": {"uv": [0.5, 7.5, 0, 7], "texture": "#512"},
				"down": {"uv": [7.5, 0, 7, 0.5], "texture": "#512"}
			}
		},
		{
			"from": [0.375, 13.09, 0.5585],
			"to": [0.375, 14.015, 0.7585],
			"rotation": {"angle": 45, "axis": "x", "origin": [0, 0.55, 0]},
			"faces": {
				"north": {"uv": [0.5, 7, 1, 7.5], "texture": "#512"},
				"east": {"uv": [7, 0.5, 7.5, 1], "texture": "#512"},
				"south": {"uv": [1, 7, 1.5, 7.5], "texture": "#512"},
				"west": {"uv": [7, 1, 7.5, 1.5], "texture": "#512"},
				"up": {"uv": [2, 7.5, 1.5, 7], "texture": "#512"},
				"down": {"uv": [7.5, 1.5, 7, 2], "texture": "#512"}
			}
		}
	],
	"display": {
		"thirdperson_righthand": {
			"translation": [7.75, 5.25, -1.75]
		},
		"thirdperson_lefthand": {
			"rotation": [180, 0, 0],
			"translation": [-7.75, -9.25, 1]
		},
		"firstperson_righthand": {
			"rotation": [-30, 0, 0],
			"translation": [5.5, 7, 0.5]
		},
		"firstperson_lefthand": {
			"rotation": [-150, 0, 0],
			"translation": [-12, 0, 5.5]
		},
		"ground": {
			"rotation": [0, 0, -90],
			"translation": [3.5, -12.75, -1],
			"scale": [1.33333, 1.33333, 1.33333]
		},
		"gui": {
			"rotation": [90, -135, 90],
			"translation": [5.5, 1.75, 0],
			"scale": [1.75, 1.75, 1.75]
		},
		"head": {
			"rotation": [95, 180, -5],
			"translation": [-11, -4, -5.25],
			"scale": [1.75, 1.75, 1.75]
		},
		"fixed": {
			"rotation": [-90, 0, 90],
			"translation": [-6.25, -3, -15.5],
			"scale": [2, 2, 2]
		}
	},
	"groups": [
		{
			"name": "signalis_knife",
			"origin": [8, 8, 8],
			"color": 0,
			"children": [0, 1, 2, 3, 4, 5, 6, 7, 8, 9, 10, 11, 12, 13, 14, 15, 16, 17, 18, 19, 20]
		}
	]
}