{
	"credit": "Made with Blockbench",
	"texture_size": [32, 32],
	"textures": {
		"17": "custom/signalis_makarov",
		"particle": "custom/signalis_makarov"
	},
	"elements": [
		{
			"from": [7, 8.2, 1.8],
			"to": [8, 8.6, 9.9],
			"faces": {
				"north": {"uv": [8.5, 7.5, 9, 8], "texture": "#17"},
				"east": {"uv": [5, 0, 9, 0.5], "texture": "#17"},
				"south": {"uv": [8, 8.5, 8.5, 9], "texture": "#17"},
				"west": {"uv": [5, 0.5, 9, 1], "texture": "#17"},
				"up": {"uv": [5.5, 9, 5, 5], "texture": "#17"},
				"down": {"uv": [6, 5, 5.5, 9], "texture": "#17"}
			}
		},
		{
			"from": [7.1, 8.4, 0.7],
			"to": [7.9, 8.6, 1.8],
			"faces": {
				"north": {"uv": [0.5, 10, 1, 10.5], "texture": "#17"},
				"east": {"uv": [10, 0.5, 10.5, 1], "texture": "#17"},
				"south": {"uv": [1, 10, 1.5, 10.5], "texture": "#17"},
				"west": {"uv": [10, 1, 10.5, 1.5], "texture": "#17"},
				"up": {"uv": [2, 10.5, 1.5, 10], "texture": "#17"},
				"down": {"uv": [10.5, 1.5, 10, 2], "texture": "#17"}
			}
		},
		{
			"from": [7.2, 8.5, -0.1],
			"to": [7.8, 8.6, 0.7],
			"faces": {
				"north": {"uv": [2, 10, 2.5, 10.5], "texture": "#17"},
				"east": {"uv": [10, 2, 10.5, 2.5], "texture": "#17"},
				"south": {"uv": [2.5, 10, 3, 10.5], "texture": "#17"},
				"west": {"uv": [10, 2.5, 10.5, 3], "texture": "#17"},
				"up": {"uv": [3.5, 10.5, 3, 10], "texture": "#17"},
				"down": {"uv": [10.5, 3, 10, 3.5], "texture": "#17"}
			}
		},
		{
			"from": [7, 8, 3.8],
			"to": [8, 8.2, 9.9],
			"faces": {
				"north": {"uv": [8.5, 8.5, 9, 9], "texture": "#17"},
				"east": {"uv": [7, 5, 10, 5.5], "texture": "#17"},
				"south": {"uv": [9, 0, 9.5, 0.5], "texture": "#17"},
				"west": {"uv": [7, 5.5, 10, 6], "texture": "#17"},
				"up": {"uv": [6.5, 10, 6, 7], "texture": "#17"},
				"down": {"uv": [7.5, 6, 7, 9], "texture": "#17"}
			}
		},
		{
			"from": [6.9, 8.6, -0.3],
			"to": [8.1, 10, 9.3],
			"faces": {
				"north": {"uv": [8.5, 4.5, 9, 5], "texture": "#17"},
				"east": {"uv": [0, 0, 5, 0.5], "texture": "#17"},
				"south": {"uv": [8.5, 7, 9, 7.5], "texture": "#17"},
				"west": {"uv": [0, 0.5, 5, 1], "texture": "#17"},
				"up": {"uv": [0.5, 6, 0, 1], "texture": "#17"},
				"down": {"uv": [1, 1, 0.5, 6], "texture": "#17"}
			}
		},
		{
			"from": [11.55, 0.95, -0.4],
			"to": [12.25, 1.65, -0.3],
			"rotation": {"angle": 45, "axis": "z", "origin": [0, 0, 0]},
			"faces": {
				"north": {"uv": [2.5, 9.5, 3, 10], "texture": "#17"},
				"east": {"uv": [9.5, 2.5, 10, 3], "texture": "#17"},
				"south": {"uv": [3, 9.5, 3.5, 10], "texture": "#17"},
				"west": {"uv": [9.5, 3, 10, 3.5], "texture": "#17"},
				"up": {"uv": [4, 10, 3.5, 9.5], "texture": "#17"},
				"down": {"uv": [10, 3.5, 9.5, 4], "texture": "#17"}
			}
		},
		{
			"from": [7.1, 10, -0.3],
			"to": [7.9, 10.1, 9.3],
			"faces": {
				"north": {"uv": [9.5, 0, 10, 0.5], "texture": "#17"},
				"east": {"uv": [1, 1, 6, 1.5], "texture": "#17"},
				"south": {"uv": [9.5, 0.5, 10, 1], "texture": "#17"},
				"west": {"uv": [1, 1.5, 6, 2], "texture": "#17"},
				"up": {"uv": [1.5, 7, 1, 2], "texture": "#17"},
				"down": {"uv": [2, 2, 1.5, 7], "texture": "#17"}
			}
		},
		{
			"from": [7.3, 10.1, -0.3],
			"to": [7.7, 10.2, 9.3],
			"faces": {
				"north": {"uv": [1, 9.5, 1.5, 10], "texture": "#17"},
				"east": {"uv": [2, 2, 7, 2.5], "texture": "#17"},
				"south": {"uv": [9.5, 1, 10, 1.5], "texture": "#17"},
				"west": {"uv": [2, 2.5, 7, 3], "texture": "#17"},
				"up": {"uv": [2.5, 8, 2, 3], "texture": "#17"},
				"down": {"uv": [3, 3, 2.5, 8], "texture": "#17"}
			}
		},
		{
			"from": [6.8, 8.7, -0.3],
			"to": [6.9, 9.8, 8.6],
			"faces": {
				"north": {"uv": [1.5, 9.5, 2, 10], "texture": "#17"},
				"east": {"uv": [3, 3, 7.5, 3.5], "texture": "#17"},
				"south": {"uv": [9.5, 1.5, 10, 2], "texture": "#17"},
				"west": {"uv": [3, 3.5, 7.5, 4], "texture": "#17"},
				"up": {"uv": [3.5, 8.5, 3, 4], "texture": "#17"},
				"down": {"uv": [4, 4, 3.5, 8.5], "texture": "#17"}
			}
		},
		{
			"from": [8.1, 8.7, -0.3],
			"to": [8.2, 9.8, 8.6],
			"faces": {
				"north": {"uv": [2, 9.5, 2.5, 10], "texture": "#17"},
				"east": {"uv": [4, 4, 8.5, 4.5], "texture": "#17"},
				"south": {"uv": [9.5, 2, 10, 2.5], "texture": "#17"},
				"west": {"uv": [4, 4.5, 8.5, 5], "texture": "#17"},
				"up": {"uv": [4.5, 9.5, 4, 5], "texture": "#17"},
				"down": {"uv": [5, 5, 4.5, 9.5], "texture": "#17"}
			}
		},
		{
			"from": [7, 8.6, 9.2],
			"to": [8, 9.9, 9.4],
			"faces": {
				"north": {"uv": [9, 0.5, 9.5, 1], "texture": "#17"},
				"east": {"uv": [1, 9, 1.5, 9.5], "texture": "#17"},
				"south": {"uv": [1.5, 9, 2, 9.5], "texture": "#17"},
				"west": {"uv": [2, 9, 2.5, 9.5], "texture": "#17"},
				"up": {"uv": [9.5, 2.5, 9, 2], "texture": "#17"},
				"down": {"uv": [3, 9, 2.5, 9.5], "texture": "#17"}
			}
		},
		{
			"from": [7, 8.6, 9.4],
			"to": [8, 9.4, 9.6],
			"faces": {
				"north": {"uv": [9, 2.5, 9.5, 3], "texture": "#17"},
				"east": {"uv": [9, 3, 9.5, 3.5], "texture": "#17"},
				"south": {"uv": [9, 3.5, 9.5, 4], "texture": "#17"},
				"west": {"uv": [9, 4.5, 9.5, 5], "texture": "#17"},
				"up": {"uv": [5.5, 9.5, 5, 9], "texture": "#17"},
				"down": {"uv": [6, 9, 5.5, 9.5], "texture": "#17"}
			}
		},
		{
			"from": [7, 8.6, 9.6],
			"to": [8, 9, 9.8],
			"faces": {
				"north": {"uv": [9, 6, 9.5, 6.5], "texture": "#17"},
				"east": {"uv": [6.5, 9, 7, 9.5], "texture": "#17"},
				"south": {"uv": [9, 6.5, 9.5, 7], "texture": "#17"},
				"west": {"uv": [7, 9, 7.5, 9.5], "texture": "#17"},
				"up": {"uv": [9.5, 7.5, 9, 7], "texture": "#17"},
				"down": {"uv": [8, 9, 7.5, 9.5], "texture": "#17"}
			}
		},
		{
			"from": [7.4, 4.875, 11.9],
			"to": [7.6, 5.475, 12.8],
			"rotation": {"angle": -22.5, "axis": "x", "origin": [0, 0, 0]},
			"faces": {
				"north": {"uv": [9, 7.5, 9.5, 8], "texture": "#17"},
				"east": {"uv": [8, 9, 8.5, 9.5], "texture": "#17"},
				"south": {"uv": [9, 8, 9.5, 8.5], "texture": "#17"},
				"west": {"uv": [8.5, 9, 9, 9.5], "texture": "#17"},
				"up": {"uv": [9.5, 9, 9, 8.5], "texture": "#17"},
				"down": {"uv": [9.5, 9, 9, 9.5], "texture": "#17"}
			}
		},
		{
			"from": [7.2, 10.1, 9.1],
			"to": [7.4, 10.3, 9.2],
			"faces": {
				"north": {"uv": [4, 9.5, 4.5, 10], "texture": "#17"},
				"east": {"uv": [9.5, 4, 10, 4.5], "texture": "#17"},
				"south": {"uv": [4.5, 9.5, 5, 10], "texture": "#17"},
				"west": {"uv": [9.5, 4.5, 10, 5], "texture": "#17"},
				"up": {"uv": [5.5, 10, 5, 9.5], "texture": "#17"},
				"down": {"uv": [6, 9.5, 5.5, 10], "texture": "#17"}
			}
		},
		{
			"from": [6.8, 9.6, 8.7],
			"to": [6.9, 9.9, 9.2],
			"faces": {
				"north": {"uv": [9.5, 7.5, 10, 8], "texture": "#17"},
				"east": {"uv": [8, 9.5, 8.5, 10], "texture": "#17"},
				"south": {"uv": [9.5, 8, 10, 8.5], "texture": "#17"},
				"west": {"uv": [8.5, 9.5, 9, 10], "texture": "#17"},
				"up": {"uv": [10, 9, 9.5, 8.5], "texture": "#17"},
				"down": {"uv": [9.5, 9.5, 9, 10], "texture": "#17"}
			}
		},
		{
			"from": [7.6, 10.1, 9.1],
			"to": [7.8, 10.3, 9.2],
			"faces": {
				"north": {"uv": [9.5, 6, 10, 6.5], "texture": "#17"},
				"east": {"uv": [6.5, 9.5, 7, 10], "texture": "#17"},
				"south": {"uv": [9.5, 6.5, 10, 7], "texture": "#17"},
				"west": {"uv": [7, 9.5, 7.5, 10], "texture": "#17"},
				"up": {"uv": [10, 7.5, 9.5, 7], "texture": "#17"},
				"down": {"uv": [8, 9.5, 7.5, 10], "texture": "#17"}
			}
		},
		{
			"from": [8.1, 4.75, 11.275],
			"to": [8.2, 5.75, 11.7],
			"rotation": {"angle": -22.5, "axis": "x", "origin": [0, 0, 0]},
			"faces": {
				"north": {"uv": [5.5, 10, 6, 10.5], "texture": "#17"},
				"east": {"uv": [10, 5.5, 10.5, 6], "texture": "#17"},
				"south": {"uv": [6, 10, 6.5, 10.5], "texture": "#17"},
				"west": {"uv": [10, 6, 10.5, 6.5], "texture": "#17"},
				"up": {"uv": [7, 10.5, 6.5, 10], "texture": "#17"},
				"down": {"uv": [10.5, 6.5, 10, 7], "texture": "#17"}
			}
		},
		{
			"from": [6.8, 4.75, 11.275],
			"to": [6.9, 5.75, 11.7],
			"rotation": {"angle": -22.5, "axis": "x", "origin": [0, 0, 0]},
			"faces": {
				"north": {"uv": [7, 10, 7.5, 10.5], "texture": "#17"},
				"east": {"uv": [10, 7, 10.5, 7.5], "texture": "#17"},
				"south": {"uv": [7.5, 10, 8, 10.5], "texture": "#17"},
				"west": {"uv": [10, 7.5, 10.5, 8], "texture": "#17"},
				"up": {"uv": [8.5, 10.5, 8, 10], "texture": "#17"},
				"down": {"uv": [10.5, 8, 10, 8.5], "texture": "#17"}
			}
		},
		{
			"from": [7.125, 7.075, 3.875],
			"to": [7.825, 8.375, 3.875],
			"rotation": {"angle": 0, "axis": "x", "origin": [0, 0.3, 0.1]},
			"faces": {
				"north": {"uv": [9.5, 9, 10, 9.5], "texture": "#17"},
				"east": {"uv": [0, 0, 0, 0.5], "texture": "#17"},
				"south": {"uv": [9.5, 9.5, 10, 10], "texture": "#17"},
				"west": {"uv": [0, 0, 0, 0.5], "texture": "#17"},
				"up": {"uv": [0.5, 0, 0, 0], "texture": "#17"},
				"down": {"uv": [0.5, 0, 0, 0], "texture": "#17"}
			}
		},
		{
			"from": [7.125, 8, 1],
			"to": [7.825, 8, 2.35],
			"rotation": {"angle": 22.5, "axis": "x", "origin": [0, 0.3, 0.1]},
			"faces": {
				"north": {"uv": [0, 0, 0.5, 0], "texture": "#17"},
				"east": {"uv": [0, 0, 0.5, 0], "texture": "#17"},
				"south": {"uv": [0, 0, 0.5, 0], "texture": "#17"},
				"west": {"uv": [0, 0, 0.5, 0], "texture": "#17"},
				"up": {"uv": [0.5, 10.5, 0, 10], "texture": "#17"},
				"down": {"uv": [10.5, 0, 10, 0.5], "texture": "#17"}
			}
		},
		{
			"from": [7.125, 6.55, 5.125],
			"to": [7.825, 6.55, 6.625],
			"rotation": {"angle": 0, "axis": "x", "origin": [0, 0.3, 0.1]},
			"faces": {
				"north": {"uv": [0, 0, 0.5, 0], "texture": "#17"},
				"east": {"uv": [0, 0, 0.5, 0], "texture": "#17"},
				"south": {"uv": [0, 0, 0.5, 0], "texture": "#17"},
				"west": {"uv": [0, 0, 0.5, 0], "texture": "#17"},
				"up": {"uv": [0.5, 10.5, 0, 10], "texture": "#17"},
				"down": {"uv": [10.5, 0, 10, 0.5], "texture": "#17"}
			}
		},
		{
			"from": [7, 7.05, 6.1],
			"to": [8, 8, 8.4],
			"faces": {
				"north": {"uv": [3.5, 10, 4, 10.5], "texture": "#17"},
				"east": {"uv": [7.5, 3, 8.5, 3.5], "texture": "#17"},
				"south": {"uv": [10, 3.5, 10.5, 4], "texture": "#17"},
				"west": {"uv": [7.5, 3.5, 8.5, 4], "texture": "#17"},
				"up": {"uv": [8.5, 2, 8, 1], "texture": "#17"},
				"down": {"uv": [2.5, 8, 2, 9], "texture": "#17"}
			}
		},
		{
			"from": [7, 3.625, 9.35],
			"to": [8, 4.125, 12.15],
			"rotation": {"angle": -22.5, "axis": "x", "origin": [0, 0, 0]},
			"faces": {
				"north": {"uv": [3.5, 10, 4, 10.5], "texture": "#17"},
				"east": {"uv": [7.5, 3, 8.5, 3.5], "texture": "#17"},
				"south": {"uv": [10, 3.5, 10.5, 4], "texture": "#17"},
				"west": {"uv": [7.5, 3.5, 8.5, 4], "texture": "#17"},
				"up": {"uv": [8.5, 2, 8, 1], "texture": "#17"},
				"down": {"uv": [2.5, 8, 2, 9], "texture": "#17"}
			}
		},
		{
			"from": [6.9989, 6.4989, 6.3739],
			"to": [8.0011, 7.5011, 7.8761],
			"faces": {
				"north": {"uv": [2, 10.5, 2.5, 11], "texture": "#17"},
				"east": {"uv": [0.5, 10.5, 1.5, 11], "texture": "#17"},
				"south": {"uv": [2.5, 10.5, 3, 11], "texture": "#17"},
				"west": {"uv": [10.5, 1, 11.5, 1.5], "texture": "#17"},
				"up": {"uv": [2, 11.5, 1.5, 10.5], "texture": "#17"},
				"down": {"uv": [11, 1.5, 10.5, 2.5], "texture": "#17"}
			}
		},
		{
			"from": [7.0001, 5.5251, 6.5001],
			"to": [7.9999, 7.7249, 8.7499],
			"faces": {
				"north": {"uv": [10.5, 5.5, 11, 6.5], "texture": "#17"},
				"east": {"uv": [4, 10.5, 5, 11.5], "texture": "#17"},
				"south": {"uv": [6, 10.5, 6.5, 11.5], "texture": "#17"},
				"west": {"uv": [10.5, 4.5, 11.5, 5.5], "texture": "#17"},
				"up": {"uv": [7, 11.5, 6.5, 10.5], "texture": "#17"},
				"down": {"uv": [11, 6.5, 10.5, 7.5], "texture": "#17"}
			}
		},
		{
			"from": [7, 3.25, 6.375],
			"to": [8, 3.4, 6.75],
			"rotation": {"angle": 0, "axis": "x", "origin": [0, 0.3, 0]},
			"faces": {
				"north": {"uv": [10.5, 7.5, 11, 8], "texture": "#17"},
				"east": {"uv": [8, 10.5, 8.5, 11], "texture": "#17"},
				"south": {"uv": [10.5, 8, 11, 8.5], "texture": "#17"},
				"west": {"uv": [10.5, 9.5, 11, 10], "texture": "#17"},
				"up": {"uv": [10.5, 11, 10, 10.5], "texture": "#17"},
				"down": {"uv": [11, 10, 10.5, 10.5], "texture": "#17"}
			}
		},
		{
			"from": [7, 0.575, 7.075],
			"to": [8, 0.725, 7.5],
			"rotation": {"angle": -22.5, "axis": "x", "origin": [0, 0.3, 0]},
			"faces": {
				"north": {"uv": [10.5, 10.5, 11, 11], "texture": "#17"},
				"east": {"uv": [11, 0, 11.5, 0.5], "texture": "#17"},
				"south": {"uv": [0.5, 11, 1, 11.5], "texture": "#17"},
				"west": {"uv": [11, 0.5, 11.5, 1], "texture": "#17"},
				"up": {"uv": [1.5, 11.5, 1, 11], "texture": "#17"},
				"down": {"uv": [11.5, 1.5, 11, 2], "texture": "#17"}
			}
		},
		{
			"from": [7, 11.005, 1.1],
			"to": [8, 11.205, 1.525],
			"rotation": {"angle": 45, "axis": "x", "origin": [0, 0, 0]},
			"faces": {
				"north": {"uv": [2, 11, 2.5, 11.5], "texture": "#17"},
				"east": {"uv": [11, 2, 11.5, 2.5], "texture": "#17"},
				"south": {"uv": [2.5, 11, 3, 11.5], "texture": "#17"},
				"west": {"uv": [11, 5.5, 11.5, 6], "texture": "#17"},
				"up": {"uv": [11.5, 6.5, 11, 6], "texture": "#17"},
				"down": {"uv": [11.5, 6.5, 11, 7], "texture": "#17"}
			}
		},
		{
			"from": [7, 3.25, 6.75],
			"to": [8, 6.85, 9],
			"faces": {
				"north": {"uv": [5, 10.5, 5.5, 12.5], "texture": "#17"},
				"east": {"uv": [10.5, 2.5, 11.5, 4.5], "texture": "#17"},
				"south": {"uv": [5.5, 10.5, 6, 12.5], "texture": "#17"},
				"west": {"uv": [3, 10.5, 4, 12.5], "texture": "#17"},
				"up": {"uv": [7.5, 11.5, 7, 10.5], "texture": "#17"},
				"down": {"uv": [8, 10.5, 7.5, 11.5], "texture": "#17"}
			}
		},
		{
			"from": [6.9, 3.35, 6.85],
			"to": [8.1, 6.7, 8.85],
			"faces": {
				"north": {"uv": [10.5, 11, 11, 12.5], "texture": "#17"},
				"east": {"uv": [11, 9, 12, 10.5], "texture": "#17"},
				"south": {"uv": [11, 10.5, 11.5, 12], "texture": "#17"},
				"west": {"uv": [9.5, 11, 10.5, 12.5], "texture": "#17"},
				"up": {"uv": [0.5, 12.5, 0, 11.5], "texture": "#17"},
				"down": {"uv": [12, 0, 11.5, 1], "texture": "#17"}
			}
		},
		{
			"from": [6.9, 6.675, 6.6],
			"to": [8.1, 8.025, 8.6],
			"faces": {
				"north": {"uv": [8.5, 11, 9, 11.5], "texture": "#17"},
				"east": {"uv": [11, 7, 12, 7.5], "texture": "#17"},
				"south": {"uv": [9, 11, 9.5, 11.5], "texture": "#17"},
				"west": {"uv": [11, 7.5, 12, 8], "texture": "#17"},
				"up": {"uv": [8.5, 12, 8, 11], "texture": "#17"},
				"down": {"uv": [11.5, 8, 11, 9], "texture": "#17"}
			}
		}
	],
	"display": {
		"thirdperson_righthand": {
			"translation": [0.5, 0.25, 1.25],
			"scale": [0.5, 0.5, 0.5]
		},
		"thirdperson_lefthand": {
			"translation": [-0.5, 0.25, 1.25],
			"scale": [0.5, 0.5, 0.5]
		},
		"firstperson_righthand": {
			"rotation": [5, 0, 0],
			"translation": [6, 2.75, 3.25]
		},
		"firstperson_lefthand": {
			"rotation": [5, -3, 0],
			"translation": [3.75, 2.75, 3.25]
		},
		"ground": {
			"rotation": [0, 0, 90],
			"translation": [0, -2, 2.25],
			"scale": [0.8, 0.8, 0.8]
		},
		"gui": {
			"rotation": [90, -45, 90],
			"translation": [-2.25, -1.5, 0],
			"scale": [1.15, 1.15, 1.15]
		},
		"head": {
			"rotation": [-90, 0, 0],
			"translation": [7.5, -23.5, -1],
			"scale": [0.8, 0.8, 0.8]
		},
		"fixed": {
			"rotation": [0, 90, 0],
			"translation": [3.25, 0, -1.25],
			"scale": [1.1, 1.1, 1.1]
		}
	},
	"groups": [
		{
			"name": "makarov",
			"origin": [8, 8, 8],
			"color": 0,
			"children": [
				{
					"name": "barrel",
					"origin": [8, 8, 8],
					"color": 0,
					"children": [0, 1, 2, 3, 4, 5, 6, 7, 8, 9, 10, 11, 12, 13, 14, 15, 16, 17, 18]
				},
				{
					"name": "grip",
					"origin": [8, 8, 8],
					"color": 0,
					"children": [19, 20, 21, 22, 23, 24, 25, 26, 27, 28, 29, 30, 31]
				}
			]
		}
	]
}