{
	"credit": "Made with Blockbench",
	"texture_size": [32, 32],
	"textures": {
		"5": "custom/signalis_rifle",
		"particle": "custom/signalis_rifle"
	},
	"elements": [
		{
			"from": [-0.045, 3.39, 24.955],
			"to": [1.045, 7.045, 25.295],
			"rotation": {"angle": 0, "axis": "y", "origin": [-1, 3, 9]},
			"faces": {
				"north": {"uv": [0.5, 10, 1, 12], "texture": "#5"},
				"east": {"uv": [10, 6, 10.5, 8], "texture": "#5"},
				"south": {"uv": [10, 8, 10.5, 10], "texture": "#5"},
				"west": {"uv": [9, 10, 9.5, 12], "texture": "#5"},
				"up": {"uv": [10, 12.5, 9.5, 12], "texture": "#5"},
				"down": {"uv": [10.5, 12, 10, 12.5], "texture": "#5"}
			}
		},
		{
			"from": [0, 6.75, 18],
			"to": [1, 7, 25],
			"rotation": {"angle": 0, "axis": "y", "origin": [-1, 3, 9]},
			"faces": {
				"north": {"uv": [12, 10, 12.5, 10.5], "texture": "#5"},
				"east": {"uv": [6, 6, 9.5, 6.5], "texture": "#5"},
				"south": {"uv": [10.5, 12, 11, 12.5], "texture": "#5"},
				"west": {"uv": [6, 6.5, 9.5, 7], "texture": "#5"},
				"up": {"uv": [4.5, 10.5, 4, 7], "texture": "#5"},
				"down": {"uv": [5, 7, 4.5, 10.5], "texture": "#5"}
			}
		},
		{
			"from": [0, 8.3, 12.8],
			"to": [1, 9.5, 16.1],
			"rotation": {"angle": 22.5, "axis": "x", "origin": [-1, 3, 9]},
			"faces": {
				"north": {"uv": [12, 10.5, 12.5, 11], "texture": "#5"},
				"east": {"uv": [10.5, 10, 12, 10.5], "texture": "#5"},
				"south": {"uv": [11, 12, 11.5, 12.5], "texture": "#5"},
				"west": {"uv": [10.5, 10.5, 12, 11], "texture": "#5"},
				"up": {"uv": [1.5, 12.5, 1, 11], "texture": "#5"},
				"down": {"uv": [11.5, 1, 11, 2.5], "texture": "#5"}
			}
		},
		{
			"from": [0, 6.243, 12.5],
			"to": [1, 7.743, 15.09],
			"rotation": {"angle": 0, "axis": "y", "origin": [-1, 3, 9]},
			"faces": {
				"north": {"uv": [6.5, 11, 7, 12], "texture": "#5"},
				"east": {"uv": [8, 3, 9.5, 4], "texture": "#5"},
				"south": {"uv": [7, 11, 7.5, 12], "texture": "#5"},
				"west": {"uv": [8, 4.5, 9.5, 5.5], "texture": "#5"},
				"up": {"uv": [2, 12.5, 1.5, 11], "texture": "#5"},
				"down": {"uv": [2.5, 11, 2, 12.5], "texture": "#5"}
			}
		},
		{
			"from": [0.1, 7.243, 12.5],
			"to": [0.9, 8.093, 15],
			"rotation": {"angle": 0, "axis": "y", "origin": [-1, 3, 9]},
			"faces": {
				"north": {"uv": [12, 11, 12.5, 11.5], "texture": "#5"},
				"east": {"uv": [11, 4, 12.5, 4.5], "texture": "#5"},
				"south": {"uv": [11.5, 12, 12, 12.5], "texture": "#5"},
				"west": {"uv": [11, 5.5, 12.5, 6], "texture": "#5"},
				"up": {"uv": [3, 12.5, 2.5, 11], "texture": "#5"},
				"down": {"uv": [6.5, 11, 6, 12.5], "texture": "#5"}
			}
		},
		{
			"from": [0.01, 6.145, 13.01],
			"to": [0.99, 6.625, 16.49],
			"rotation": {"angle": 0, "axis": "y", "origin": [-1, 3, 9]},
			"faces": {
				"north": {"uv": [12.5, 1, 13, 1.5], "texture": "#5"},
				"east": {"uv": [9.5, 3, 11.5, 3.5], "texture": "#5"},
				"south": {"uv": [1.5, 12.5, 2, 13], "texture": "#5"},
				"west": {"uv": [9.5, 3.5, 11.5, 4], "texture": "#5"},
				"up": {"uv": [10.5, 12, 10, 10], "texture": "#5"},
				"down": {"uv": [3.5, 10.5, 3, 12.5], "texture": "#5"}
			}
		},
		{
			"from": [0, -0.79, 17.2],
			"to": [1, -0.54, 18.2],
			"rotation": {"angle": -45, "axis": "x", "origin": [-1, 3, 9]},
			"faces": {
				"north": {"uv": [12.5, 1.5, 13, 2], "texture": "#5"},
				"east": {"uv": [2, 12.5, 2.5, 13], "texture": "#5"},
				"south": {"uv": [12.5, 2, 13, 2.5], "texture": "#5"},
				"west": {"uv": [2.5, 12.5, 3, 13], "texture": "#5"},
				"up": {"uv": [13, 3, 12.5, 2.5], "texture": "#5"},
				"down": {"uv": [3.5, 12.5, 3, 13], "texture": "#5"}
			}
		},
		{
			"from": [0, -2.397, 16.07],
			"to": [1, -2.147, 18.27],
			"rotation": {"angle": -45, "axis": "x", "origin": [-1, 3, 9]},
			"faces": {
				"north": {"uv": [12.5, 3, 13, 3.5], "texture": "#5"},
				"east": {"uv": [11, 7, 12, 7.5], "texture": "#5"},
				"south": {"uv": [3.5, 12.5, 4, 13], "texture": "#5"},
				"west": {"uv": [11, 7.5, 12, 8], "texture": "#5"},
				"up": {"uv": [8, 12, 7.5, 11], "texture": "#5"},
				"down": {"uv": [11.5, 8, 11, 9], "texture": "#5"}
			}
		},
		{
			"from": [0, 0.72, 17.35],
			"to": [1, 2.72, 17.6],
			"rotation": {"angle": -22.5, "axis": "x", "origin": [-1, 3, 9]},
			"faces": {
				"north": {"uv": [9.5, 11, 10, 12], "texture": "#5"},
				"east": {"uv": [10.5, 11, 11, 12], "texture": "#5"},
				"south": {"uv": [11, 11, 11.5, 12], "texture": "#5"},
				"west": {"uv": [11.5, 0, 12, 1], "texture": "#5"},
				"up": {"uv": [13, 4, 12.5, 3.5], "texture": "#5"},
				"down": {"uv": [4.5, 12.5, 4, 13], "texture": "#5"}
			}
		},
		{
			"from": [0, 3.775, 22.775],
			"to": [1, 4.775, 25],
			"rotation": {"angle": 0, "axis": "y", "origin": [-1, 3, 9]},
			"faces": {
				"north": {"uv": [12.5, 4, 13, 4.5], "texture": "#5"},
				"east": {"uv": [11.5, 1, 12.5, 1.5], "texture": "#5"},
				"south": {"uv": [4.5, 12.5, 5, 13], "texture": "#5"},
				"west": {"uv": [11.5, 1.5, 12.5, 2], "texture": "#5"},
				"up": {"uv": [12, 3, 11.5, 2], "texture": "#5"},
				"down": {"uv": [12, 3, 11.5, 4], "texture": "#5"}
			}
		},
		{
			"from": [0, 3.435, 23.775],
			"to": [1, 4.435, 25],
			"rotation": {"angle": 0, "axis": "y", "origin": [-1, 3, 9]},
			"faces": {
				"north": {"uv": [12.5, 4.5, 13, 5], "texture": "#5"},
				"east": {"uv": [5, 12.5, 5.5, 13], "texture": "#5"},
				"south": {"uv": [12.5, 5, 13, 5.5], "texture": "#5"},
				"west": {"uv": [5.5, 12.5, 6, 13], "texture": "#5"},
				"up": {"uv": [13, 6, 12.5, 5.5], "texture": "#5"},
				"down": {"uv": [6.5, 12.5, 6, 13], "texture": "#5"}
			}
		},
		{
			"from": [0, 3.775, 22.775],
			"to": [1, 4.775, 24],
			"rotation": {"angle": 0, "axis": "y", "origin": [-1, 3, 9]},
			"faces": {
				"north": {"uv": [12.5, 6, 13, 6.5], "texture": "#5"},
				"east": {"uv": [12.5, 6.5, 13, 7], "texture": "#5"},
				"south": {"uv": [12.5, 7, 13, 7.5], "texture": "#5"},
				"west": {"uv": [12.5, 7.5, 13, 8], "texture": "#5"},
				"up": {"uv": [8.5, 13, 8, 12.5], "texture": "#5"},
				"down": {"uv": [13, 8, 12.5, 8.5], "texture": "#5"}
			}
		},
		{
			"from": [0, 4.115, 21.55],
			"to": [1, 5.115, 22.775],
			"rotation": {"angle": 0, "axis": "y", "origin": [-1, 3, 9]},
			"faces": {
				"north": {"uv": [8.5, 12.5, 9, 13], "texture": "#5"},
				"east": {"uv": [12.5, 8.5, 13, 9], "texture": "#5"},
				"south": {"uv": [12.5, 9, 13, 9.5], "texture": "#5"},
				"west": {"uv": [9.5, 12.5, 10, 13], "texture": "#5"},
				"up": {"uv": [13, 10, 12.5, 9.5], "texture": "#5"},
				"down": {"uv": [10.5, 12.5, 10, 13], "texture": "#5"}
			}
		},
		{
			"from": [0, 4.455, 20.325],
			"to": [1, 5.455, 21.55],
			"rotation": {"angle": 0, "axis": "y", "origin": [-1, 3, 9]},
			"faces": {
				"north": {"uv": [12.5, 10, 13, 10.5], "texture": "#5"},
				"east": {"uv": [10.5, 12.5, 11, 13], "texture": "#5"},
				"south": {"uv": [12.5, 10.5, 13, 11], "texture": "#5"},
				"west": {"uv": [11, 12.5, 11.5, 13], "texture": "#5"},
				"up": {"uv": [13, 11.5, 12.5, 11], "texture": "#5"},
				"down": {"uv": [12, 12.5, 11.5, 13], "texture": "#5"}
			}
		},
		{
			"from": [0, 4.795, 19.1],
			"to": [1, 5.795, 20.325],
			"rotation": {"angle": 0, "axis": "y", "origin": [-1, 3, 9]},
			"faces": {
				"north": {"uv": [12.5, 11.5, 13, 12], "texture": "#5"},
				"east": {"uv": [12, 12.5, 12.5, 13], "texture": "#5"},
				"south": {"uv": [12.5, 12, 13, 12.5], "texture": "#5"},
				"west": {"uv": [12.5, 12.5, 13, 13], "texture": "#5"},
				"up": {"uv": [0.5, 13.5, 0, 13], "texture": "#5"},
				"down": {"uv": [13.5, 0, 13, 0.5], "texture": "#5"}
			}
		},
		{
			"from": [0, 5.135, 17.875],
			"to": [1, 6.135, 19.1],
			"rotation": {"angle": 0, "axis": "y", "origin": [-1, 3, 9]},
			"faces": {
				"north": {"uv": [0.5, 13, 1, 13.5], "texture": "#5"},
				"east": {"uv": [13, 0.5, 13.5, 1], "texture": "#5"},
				"south": {"uv": [1, 13, 1.5, 13.5], "texture": "#5"},
				"west": {"uv": [13, 1, 13.5, 1.5], "texture": "#5"},
				"up": {"uv": [2, 13.5, 1.5, 13], "texture": "#5"},
				"down": {"uv": [13.5, 1.5, 13, 2], "texture": "#5"}
			}
		},
		{
			"from": [-0.001, -2.33433, 16.649],
			"to": [1.001, -0.77683, 17.876],
			"rotation": {"angle": -45, "axis": "x", "origin": [-1, 3, 9]},
			"faces": {
				"north": {"uv": [11.5, 4.5, 12, 5.5], "texture": "#5"},
				"east": {"uv": [11.5, 8, 12, 9], "texture": "#5"},
				"south": {"uv": [11.5, 11, 12, 12], "texture": "#5"},
				"west": {"uv": [12, 0, 12.5, 1], "texture": "#5"},
				"up": {"uv": [2.5, 13.5, 2, 13], "texture": "#5"},
				"down": {"uv": [13.5, 2, 13, 2.5], "texture": "#5"}
			}
		},
		{
			"from": [0, -2.33333, 16.5],
			"to": [1, -0.77783, 16.725],
			"rotation": {"angle": -45, "axis": "x", "origin": [-1, 3, 9]},
			"faces": {
				"north": {"uv": [0.5, 12, 1, 13], "texture": "#5"},
				"east": {"uv": [12, 2, 12.5, 3], "texture": "#5"},
				"south": {"uv": [12, 3, 12.5, 4], "texture": "#5"},
				"west": {"uv": [12, 4.5, 12.5, 5.5], "texture": "#5"},
				"up": {"uv": [3, 13.5, 2.5, 13], "texture": "#5"},
				"down": {"uv": [13.5, 2.5, 13, 3], "texture": "#5"}
			}
		},
		{
			"from": [0, 0.88889, 17.5],
			"to": [1, 2.22222, 18],
			"rotation": {"angle": -22.5, "axis": "x", "origin": [-1, 3, 9]},
			"faces": {
				"north": {"uv": [3, 13, 3.5, 13.5], "texture": "#5"},
				"east": {"uv": [13, 3, 13.5, 3.5], "texture": "#5"},
				"south": {"uv": [3.5, 13, 4, 13.5], "texture": "#5"},
				"west": {"uv": [13, 3.5, 13.5, 4], "texture": "#5"},
				"up": {"uv": [4.5, 13.5, 4, 13], "texture": "#5"},
				"down": {"uv": [13.5, 4, 13, 4.5], "texture": "#5"}
			}
		},
		{
			"from": [-0.0525, 5.2675, 17.9975],
			"to": [1.0525, 6.9475, 25.0025],
			"rotation": {"angle": 0, "axis": "y", "origin": [-1, 3, 9]},
			"faces": {
				"north": {"uv": [6.5, 12, 7, 13], "texture": "#5"},
				"east": {"uv": [1, 1, 4.5, 2], "texture": "#5"},
				"south": {"uv": [7, 12, 7.5, 13], "texture": "#5"},
				"west": {"uv": [1, 2, 4.5, 3], "texture": "#5"},
				"up": {"uv": [5.5, 10.5, 5, 7], "texture": "#5"},
				"down": {"uv": [6, 7, 5.5, 10.5], "texture": "#5"}
			}
		},
		{
			"from": [-0.051, 4.665, 20.999],
			"to": [1.051, 6.342, 25.001],
			"rotation": {"angle": 0, "axis": "y", "origin": [-1, 3, 9]},
			"faces": {
				"north": {"uv": [12, 7, 12.5, 8], "texture": "#5"},
				"east": {"uv": [4, 6, 6, 7], "texture": "#5"},
				"south": {"uv": [7.5, 12, 8, 13], "texture": "#5"},
				"west": {"uv": [6, 4.5, 8, 5.5], "texture": "#5"},
				"up": {"uv": [4, 12.5, 3.5, 10.5], "texture": "#5"},
				"down": {"uv": [4.5, 10.5, 4, 12.5], "texture": "#5"}
			}
		},
		{
			"from": [-0.052, 4.33133, 22.998],
			"to": [1.052, 4.67783, 25.002],
			"rotation": {"angle": 0, "axis": "y", "origin": [-1, 3, 9]},
			"faces": {
				"north": {"uv": [0, 12.5, 0.5, 13], "texture": "#5"},
				"east": {"uv": [13.5, 5, 14.5, 5.5], "texture": "#5"},
				"south": {"uv": [1, 12.5, 1.5, 13], "texture": "#5"},
				"west": {"uv": [5.5, 13.5, 6.5, 14], "texture": "#5"},
				"up": {"uv": [12.5, 12.5, 12, 11.5], "texture": "#5"},
				"down": {"uv": [13, 0, 12.5, 1], "texture": "#5"}
			}
		},
		{
			"from": [-0.05, 5.4, 18.5],
			"to": [1.05, 7.075, 24.5],
			"rotation": {"angle": 0, "axis": "y", "origin": [-1, 3, 9]},
			"faces": {
				"north": {"uv": [12, 8, 12.5, 9], "texture": "#5"},
				"east": {"uv": [4.5, 1.5, 7.5, 2.5], "texture": "#5"},
				"south": {"uv": [9, 12, 9.5, 13], "texture": "#5"},
				"west": {"uv": [3, 4.5, 6, 5.5], "texture": "#5"},
				"up": {"uv": [8.5, 10.5, 8, 7.5], "texture": "#5"},
				"down": {"uv": [9, 7.5, 8.5, 10.5], "texture": "#5"}
			}
		},
		{
			"from": [0.33333, 10.9886, 12],
			"to": [0.66667, 11.9886, 12],
			"rotation": {"angle": 22.5, "axis": "x", "origin": [-1, 4, -1]},
			"faces": {
				"north": {"uv": [4.5, 13, 5, 13.5], "texture": "#5"},
				"east": {"uv": [0, 0, 0, 0.5], "texture": "#5"},
				"south": {"uv": [13, 4.5, 13.5, 5], "texture": "#5"},
				"west": {"uv": [0, 0, 0, 0.5], "texture": "#5"},
				"up": {"uv": [0.5, 0, 0, 0], "texture": "#5"},
				"down": {"uv": [0.5, 0, 0, 0], "texture": "#5"}
			}
		},
		{
			"from": [0.33333, 10.925, 10.69],
			"to": [0.66667, 11.59167, 10.69],
			"rotation": {"angle": 22.5, "axis": "x", "origin": [-1, 4, -1]},
			"faces": {
				"north": {"uv": [5, 13, 5.5, 13.5], "texture": "#5"},
				"east": {"uv": [0, 0, 0, 0.5], "texture": "#5"},
				"south": {"uv": [13, 5, 13.5, 5.5], "texture": "#5"},
				"west": {"uv": [0, 0, 0, 0.5], "texture": "#5"},
				"up": {"uv": [0.5, 0, 0, 0], "texture": "#5"},
				"down": {"uv": [0.5, 0, 0, 0], "texture": "#5"}
			}
		},
		{
			"from": [0.33333, -0.25, 12.801],
			"to": [0.66667, -0.25, 13.13433],
			"rotation": {"angle": -22.5, "axis": "x", "origin": [-1, 4, -1]},
			"faces": {
				"north": {"uv": [0, 0, 0.5, 0], "texture": "#5"},
				"east": {"uv": [0, 0, 0.5, 0], "texture": "#5"},
				"south": {"uv": [0, 0, 0.5, 0], "texture": "#5"},
				"west": {"uv": [0, 0, 0.5, 0], "texture": "#5"},
				"up": {"uv": [6, 13.5, 5.5, 13], "texture": "#5"},
				"down": {"uv": [13.5, 5.5, 13, 6], "texture": "#5"}
			}
		},
		{
			"from": [0.33333, 14.872, 7.149],
			"to": [0.66667, 14.872, 7.59344],
			"rotation": {"angle": 45, "axis": "x", "origin": [-1, 4, -1]},
			"faces": {
				"north": {"uv": [0, 0, 0.5, 0], "texture": "#5"},
				"east": {"uv": [0, 0, 0.5, 0], "texture": "#5"},
				"south": {"uv": [0, 0, 0.5, 0], "texture": "#5"},
				"west": {"uv": [0, 0, 0.5, 0], "texture": "#5"},
				"up": {"uv": [6.5, 13.5, 6, 13], "texture": "#5"},
				"down": {"uv": [13.5, 6, 13, 6.5], "texture": "#5"}
			}
		},
		{
			"from": [0.33333, 10.755, 11.09999],
			"to": [0.66667, 10.755, 11.76666],
			"rotation": {"angle": 22.5, "axis": "x", "origin": [-1, 4, -1]},
			"faces": {
				"north": {"uv": [0, 0, 0.5, 0], "texture": "#5"},
				"east": {"uv": [0, 0, 0.5, 0], "texture": "#5"},
				"south": {"uv": [0, 0, 0.5, 0], "texture": "#5"},
				"west": {"uv": [0, 0, 0.5, 0], "texture": "#5"},
				"up": {"uv": [7, 13.5, 6.5, 13], "texture": "#5"},
				"down": {"uv": [13.5, 6.5, 13, 7], "texture": "#5"}
			}
		},
		{
			"from": [-0.09, 6.2, 4],
			"to": [1.11, 7.53333, 13],
			"rotation": {"angle": 0, "axis": "y", "origin": [-1, 4, -1]},
			"faces": {
				"north": {"uv": [7, 13, 7.5, 13.5], "texture": "#5"},
				"east": {"uv": [4.5, 2.5, 9, 3], "texture": "#5"},
				"south": {"uv": [13, 7, 13.5, 7.5], "texture": "#5"},
				"west": {"uv": [3, 5.5, 7.5, 6], "texture": "#5"},
				"up": {"uv": [3.5, 10.5, 3, 6], "texture": "#5"},
				"down": {"uv": [4, 6, 3.5, 10.5], "texture": "#5"}
			}
		},
		{
			"from": [2, 4.9, -5],
			"to": [3, 5.9, 9],
			"rotation": {"angle": 45, "axis": "z", "origin": [-1, 4, -1]},
			"faces": {
				"north": {"uv": [7.5, 13, 8, 13.5], "texture": "#5"},
				"east": {"uv": [1, 3, 8, 3.5], "texture": "#5"},
				"south": {"uv": [13, 7.5, 13.5, 8], "texture": "#5"},
				"west": {"uv": [1, 3.5, 8, 4], "texture": "#5"},
				"up": {"uv": [1.5, 11, 1, 4], "texture": "#5"},
				"down": {"uv": [2, 4, 1.5, 11], "texture": "#5"}
			}
		},
		{
			"from": [1.98, 4.88, -9.02],
			"to": [3.02, 5.92, -4.98],
			"rotation": {"angle": 45, "axis": "z", "origin": [-1, 4, -1]},
			"faces": {
				"north": {"uv": [8, 13, 8.5, 13.5], "texture": "#5"},
				"east": {"uv": [9.5, 4.5, 11.5, 5], "texture": "#5"},
				"south": {"uv": [13, 8, 13.5, 8.5], "texture": "#5"},
				"west": {"uv": [9.5, 5, 11.5, 5.5], "texture": "#5"},
				"up": {"uv": [5, 12.5, 4.5, 10.5], "texture": "#5"},
				"down": {"uv": [5.5, 10.5, 5, 12.5], "texture": "#5"}
			}
		},
		{
			"from": [2.38, 5.28, -9.12],
			"to": [2.92, 5.82, -8.98],
			"rotation": {"angle": 45, "axis": "z", "origin": [-1, 4, -1]},
			"faces": {
				"north": {"uv": [8.5, 13, 9, 13.5], "texture": "#5"},
				"east": {"uv": [13, 8.5, 13.5, 9], "texture": "#5"},
				"south": {"uv": [9, 13, 9.5, 13.5], "texture": "#5"},
				"west": {"uv": [13, 9, 13.5, 9.5], "texture": "#5"},
				"up": {"uv": [10, 13.5, 9.5, 13], "texture": "#5"},
				"down": {"uv": [13.5, 9.5, 13, 10], "texture": "#5"}
			}
		},
		{
			"from": [1.68, 4.58, -9.12],
			"to": [2.22, 5.12, -8.98],
			"rotation": {"angle": 45, "axis": "z", "origin": [-1, 4, -1]},
			"faces": {
				"north": {"uv": [10, 13, 10.5, 13.5], "texture": "#5"},
				"east": {"uv": [13, 10, 13.5, 10.5], "texture": "#5"},
				"south": {"uv": [10.5, 13, 11, 13.5], "texture": "#5"},
				"west": {"uv": [13, 10.5, 13.5, 11], "texture": "#5"},
				"up": {"uv": [11.5, 13.5, 11, 13], "texture": "#5"},
				"down": {"uv": [13.5, 11, 13, 11.5], "texture": "#5"}
			}
		},
		{
			"from": [1.2, 4.1, 3.93],
			"to": [1.54, 4.44, 4.07],
			"rotation": {"angle": 45, "axis": "z", "origin": [-1, 4, -1]},
			"faces": {
				"north": {"uv": [11.5, 13, 12, 13.5], "texture": "#5"},
				"east": {"uv": [13, 11.5, 13.5, 12], "texture": "#5"},
				"south": {"uv": [12, 13, 12.5, 13.5], "texture": "#5"},
				"west": {"uv": [13, 12, 13.5, 12.5], "texture": "#5"},
				"up": {"uv": [13, 13.5, 12.5, 13], "texture": "#5"},
				"down": {"uv": [13.5, 12.5, 13, 13], "texture": "#5"}
			}
		},
		{
			"from": [-0.2201, 6.8999, -5.0001],
			"to": [1.1901, 7.4701, 13.0001],
			"rotation": {"angle": 0, "axis": "y", "origin": [-1, 4, -1]},
			"faces": {
				"north": {"uv": [13, 13, 13.5, 13.5], "texture": "#5"},
				"east": {"uv": [0, 0, 9, 0.5], "texture": "#5"},
				"south": {"uv": [0, 13.5, 0.5, 14], "texture": "#5"},
				"west": {"uv": [0, 0.5, 9, 1], "texture": "#5"},
				"up": {"uv": [0.5, 10, 0, 1], "texture": "#5"},
				"down": {"uv": [1, 1, 0.5, 10], "texture": "#5"}
			}
		},
		{
			"from": [-0.245, 6.875, -9.025],
			"to": [1.215, 7.495, -4.975],
			"rotation": {"angle": 0, "axis": "y", "origin": [-1, 4, -1]},
			"faces": {
				"north": {"uv": [13.5, 0, 14, 0.5], "texture": "#5"},
				"east": {"uv": [10.5, 6, 12.5, 6.5], "texture": "#5"},
				"south": {"uv": [0.5, 13.5, 1, 14], "texture": "#5"},
				"west": {"uv": [10.5, 6.5, 12.5, 7], "texture": "#5"},
				"up": {"uv": [6, 12.5, 5.5, 10.5], "texture": "#5"},
				"down": {"uv": [11, 7, 10.5, 9], "texture": "#5"}
			}
		},
		{
			"from": [-0.22, 6.1, 4],
			"to": [1.19, 6.9, 11],
			"rotation": {"angle": 0, "axis": "y", "origin": [-1, 4, -1]},
			"faces": {
				"north": {"uv": [13.5, 0.5, 14, 1], "texture": "#5"},
				"east": {"uv": [6, 7, 9.5, 7.5], "texture": "#5"},
				"south": {"uv": [1, 13.5, 1.5, 14], "texture": "#5"},
				"west": {"uv": [7.5, 1.5, 11, 2], "texture": "#5"},
				"up": {"uv": [6.5, 11, 6, 7.5], "texture": "#5"},
				"down": {"uv": [7, 7.5, 6.5, 11], "texture": "#5"}
			}
		},
		{
			"from": [1.6, 4.5, -5],
			"to": [2.6, 5.5, 8],
			"rotation": {"angle": 45, "axis": "z", "origin": [-1, 4, -1]},
			"faces": {
				"north": {"uv": [13.5, 1, 14, 1.5], "texture": "#5"},
				"east": {"uv": [2, 4, 8.5, 4.5], "texture": "#5"},
				"south": {"uv": [1.5, 13.5, 2, 14], "texture": "#5"},
				"west": {"uv": [4.5, 1, 11, 1.5], "texture": "#5"},
				"up": {"uv": [2.5, 11, 2, 4.5], "texture": "#5"},
				"down": {"uv": [3, 4.5, 2.5, 11], "texture": "#5"}
			}
		},
		{
			"from": [1.58, 4.48, -9.02],
			"to": [2.62, 5.52, -4.98],
			"rotation": {"angle": 45, "axis": "z", "origin": [-1, 4, -1]},
			"faces": {
				"north": {"uv": [13.5, 1.5, 14, 2], "texture": "#5"},
				"east": {"uv": [10.5, 9, 12.5, 9.5], "texture": "#5"},
				"south": {"uv": [2, 13.5, 2.5, 14], "texture": "#5"},
				"west": {"uv": [10.5, 9.5, 12.5, 10], "texture": "#5"},
				"up": {"uv": [8.5, 12.5, 8, 10.5], "texture": "#5"},
				"down": {"uv": [9, 10.5, 8.5, 12.5], "texture": "#5"}
			}
		},
		{
			"from": [1.099, 3.999, 3.999],
			"to": [2.101, 5.001, 11.001],
			"rotation": {"angle": 45, "axis": "z", "origin": [-1, 4, -1]},
			"faces": {
				"north": {"uv": [13.5, 2, 14, 2.5], "texture": "#5"},
				"east": {"uv": [7.5, 2, 11, 2.5], "texture": "#5"},
				"south": {"uv": [2.5, 13.5, 3, 14], "texture": "#5"},
				"west": {"uv": [7.5, 5.5, 11, 6], "texture": "#5"},
				"up": {"uv": [7.5, 11, 7, 7.5], "texture": "#5"},
				"down": {"uv": [8, 7.5, 7.5, 11], "texture": "#5"}
			}
		},
		{
			"from": [-0.04, 7.2, 8],
			"to": [1.06, 8.2, 12.5],
			"rotation": {"angle": 0, "axis": "y", "origin": [-1, 4, -1]},
			"faces": {
				"north": {"uv": [13.5, 2.5, 14, 3], "texture": "#5"},
				"east": {"uv": [8.5, 4, 11, 4.5], "texture": "#5"},
				"south": {"uv": [3, 13.5, 3.5, 14], "texture": "#5"},
				"west": {"uv": [9, 0, 11.5, 0.5], "texture": "#5"},
				"up": {"uv": [9.5, 10, 9, 7.5], "texture": "#5"},
				"down": {"uv": [10, 6, 9.5, 8.5], "texture": "#5"}
			}
		},
		{
			"from": [0.06, 7.2, 4],
			"to": [0.96, 8.2, 8.5],
			"rotation": {"angle": 0, "axis": "y", "origin": [-1, 4, -1]},
			"faces": {
				"north": {"uv": [13.5, 3, 14, 3.5], "texture": "#5"},
				"east": {"uv": [9, 0.5, 11.5, 1], "texture": "#5"},
				"south": {"uv": [3.5, 13.5, 4, 14], "texture": "#5"},
				"west": {"uv": [9, 2.5, 11.5, 3], "texture": "#5"},
				"up": {"uv": [10, 11, 9.5, 8.5], "texture": "#5"},
				"down": {"uv": [0.5, 10, 0, 12.5], "texture": "#5"}
			}
		},
		{
			"from": [0.1, 8.243, 8.5],
			"to": [0.9, 8.343, 8.6],
			"rotation": {"angle": 0, "axis": "y", "origin": [-1, 3, 9]},
			"faces": {
				"north": {"uv": [13.5, 3.5, 14, 4], "texture": "#5"},
				"east": {"uv": [4, 13.5, 4.5, 14], "texture": "#5"},
				"south": {"uv": [13.5, 4, 14, 4.5], "texture": "#5"},
				"west": {"uv": [4.5, 13.5, 5, 14], "texture": "#5"},
				"up": {"uv": [14, 5, 13.5, 4.5], "texture": "#5"},
				"down": {"uv": [5.5, 13.5, 5, 14], "texture": "#5"}
			}
		}
	],
	"display": {
		"thirdperson_righthand": {
			"rotation": [-3, 0, 0],
			"translation": [7.5, 2, -4.5]
		},
		"thirdperson_lefthand": {
			"rotation": [8, -180, 0],
			"translation": [7.5, 1.25, 10]
		},
		"firstperson_righthand": {
			"rotation": [2, -9, 0],
			"translation": [12, 4.75, 0]
		},
		"firstperson_lefthand": {
			"rotation": [-80, -180, -8],
			"translation": [9.25, 5, 1]
		},
		"ground": {
			"rotation": [0, 0, 90],
			"translation": [0, 5.75, 0]
		},
		"gui": {
			"rotation": [90, -48, 90],
			"translation": [-1.25, 1, 0],
			"scale": [0.7, 0.7, 0.7]
		},
		"head": {
			"rotation": [-90, 35, 90],
			"translation": [0.75, -12.25, -3.25],
			"scale": [1.15, 1.15, 1.15]
		},
		"fixed": {
			"rotation": [0, -90, 0],
			"translation": [-0.5, 0, 11.75],
			"scale": [1.6, 1.6, 1.6]
		}
	},
	"groups": [
		{
			"name": "new rifle",
			"origin": [8, 8, 8],
			"color": 0,
			"children": [
				{
					"name": "stock",
					"origin": [8, 8, 8],
					"color": 0,
					"children": [0, 1, 2, 3, 4, 5, 6, 7, 8, 9, 10, 11, 12, 13, 14, 15, 16, 17, 18, 19, 20, 21, 22]
				},
				{
					"name": "trigger",
					"origin": [8, 8, 8],
					"color": 0,
					"children": [23, 24, 25, 26, 27]
				},
				{
					"name": "barrel",
					"origin": [8, 8, 8],
					"color": 0,
					"children": [28, 29, 30, 31, 32, 33, 34, 35, 36, 37, 38, 39, 40, 41, 42]
				}
			]
		}
	]
}