{
	"credit": "Made with Blockbench",
	"texture_size": [32, 32],
	"textures": {
		"10": "custom/signalis_smg",
		"particle": "custom/signalis_smg"
	},
	"elements": [
		{
			"from": [0.035, 3, 14.2],
			"to": [0.91, 4.4, 14.5],
			"faces": {
				"north": {"uv": [4.5, 2.5, 5, 3], "texture": "#10"},
				"east": {"uv": [5, 2.5, 5.5, 3], "texture": "#10"},
				"south": {"uv": [5, 3, 5.5, 3.5], "texture": "#10"},
				"west": {"uv": [5, 3.5, 5.5, 4], "texture": "#10"},
				"up": {"uv": [4.5, 5.5, 4, 5], "texture": "#10"},
				"down": {"uv": [5.5, 4, 5, 4.5], "texture": "#10"}
			}
		},
		{
			"from": [0.1, 2.55, 6.975],
			"to": [0.85, 3.45, 10.625],
			"faces": {
				"north": {"uv": [5, 4.5, 5.5, 5], "texture": "#10"},
				"east": {"uv": [2, 2, 4, 2.5], "texture": "#10"},
				"south": {"uv": [5, 5, 5.5, 5.5], "texture": "#10"},
				"west": {"uv": [2, 2.5, 4, 3], "texture": "#10"},
				"up": {"uv": [2.5, 5, 2, 3], "texture": "#10"},
				"down": {"uv": [3, 3, 2.5, 5], "texture": "#10"}
			}
		},
		{
			"from": [0.099, 2.549, 8.474],
			"to": [0.851, 3.451, 8.576],
			"faces": {
				"north": {"uv": [5.5, 0, 6, 0.5], "texture": "#10"},
				"east": {"uv": [0.5, 5.5, 1, 6], "texture": "#10"},
				"south": {"uv": [5.5, 0.5, 6, 1], "texture": "#10"},
				"west": {"uv": [1, 5.5, 1.5, 6], "texture": "#10"},
				"up": {"uv": [6, 1.5, 5.5, 1], "texture": "#10"},
				"down": {"uv": [2, 5.5, 1.5, 6], "texture": "#10"}
			}
		},
		{
			"from": [0.159, 3.124, 6.974],
			"to": [0.786, 4.126, 11.726],
			"faces": {
				"north": {"uv": [5.5, 1.5, 6, 2], "texture": "#10"},
				"east": {"uv": [1, 1, 3.5, 1.5], "texture": "#10"},
				"south": {"uv": [5.5, 2, 6, 2.5], "texture": "#10"},
				"west": {"uv": [1, 1.5, 3.5, 2], "texture": "#10"},
				"up": {"uv": [1.5, 4.5, 1, 2], "texture": "#10"},
				"down": {"uv": [2, 2, 1.5, 4.5], "texture": "#10"}
			}
		},
		{
			"from": [0.21, 3.275, 6.975],
			"to": [0.735, 4.275, 14.225],
			"faces": {
				"north": {"uv": [5.5, 2.5, 6, 3], "texture": "#10"},
				"east": {"uv": [0, 0, 3.5, 0.5], "texture": "#10"},
				"south": {"uv": [3, 5.5, 3.5, 6], "texture": "#10"},
				"west": {"uv": [0, 0.5, 3.5, 1], "texture": "#10"},
				"up": {"uv": [0.5, 4.5, 0, 1], "texture": "#10"},
				"down": {"uv": [1, 1, 0.5, 4.5], "texture": "#10"}
			}
		},
		{
			"from": [0.26, 3.4, 8.175],
			"to": [0.685, 4.4, 8.25],
			"faces": {
				"north": {"uv": [5.5, 3, 6, 3.5], "texture": "#10"},
				"east": {"uv": [3.5, 5.5, 4, 6], "texture": "#10"},
				"south": {"uv": [5.5, 3.5, 6, 4], "texture": "#10"},
				"west": {"uv": [4, 5.5, 4.5, 6], "texture": "#10"},
				"up": {"uv": [6, 4.5, 5.5, 4], "texture": "#10"},
				"down": {"uv": [5, 5.5, 4.5, 6], "texture": "#10"}
			}
		},
		{
			"from": [0.235, 3.3, 10.825],
			"to": [0.71, 4.35, 11.425],
			"faces": {
				"north": {"uv": [5.5, 4.5, 6, 5], "texture": "#10"},
				"east": {"uv": [5, 5.5, 5.5, 6], "texture": "#10"},
				"south": {"uv": [5.5, 5, 6, 5.5], "texture": "#10"},
				"west": {"uv": [5.5, 5.5, 6, 6], "texture": "#10"},
				"up": {"uv": [0.5, 6.5, 0, 6], "texture": "#10"},
				"down": {"uv": [6.5, 0, 6, 0.5], "texture": "#10"}
			}
		},
		{
			"from": [0.31, 4.275, 13.575],
			"to": [0.635, 4.325, 14],
			"faces": {
				"north": {"uv": [0.5, 6, 1, 6.5], "texture": "#10"},
				"east": {"uv": [6, 0.5, 6.5, 1], "texture": "#10"},
				"south": {"uv": [1, 6, 1.5, 6.5], "texture": "#10"},
				"west": {"uv": [6, 1, 6.5, 1.5], "texture": "#10"},
				"up": {"uv": [2, 6.5, 1.5, 6], "texture": "#10"},
				"down": {"uv": [6.5, 1.5, 6, 2], "texture": "#10"}
			}
		},
		{
			"from": [0.26, 3.55, 8.175],
			"to": [0.385, 4.55, 8.25],
			"faces": {
				"north": {"uv": [2, 6, 2.5, 6.5], "texture": "#10"},
				"east": {"uv": [6, 2, 6.5, 2.5], "texture": "#10"},
				"south": {"uv": [2.5, 6, 3, 6.5], "texture": "#10"},
				"west": {"uv": [6, 2.5, 6.5, 3], "texture": "#10"},
				"up": {"uv": [3.5, 6.5, 3, 6], "texture": "#10"},
				"down": {"uv": [6.5, 3, 6, 3.5], "texture": "#10"}
			}
		},
		{
			"from": [0.26, 3.475, 13.67],
			"to": [0.36, 4.475, 13.995],
			"faces": {
				"north": {"uv": [3.5, 6, 4, 6.5], "texture": "#10"},
				"east": {"uv": [6, 3.5, 6.5, 4], "texture": "#10"},
				"south": {"uv": [4, 6, 4.5, 6.5], "texture": "#10"},
				"west": {"uv": [6, 4, 6.5, 4.5], "texture": "#10"},
				"up": {"uv": [5, 6.5, 4.5, 6], "texture": "#10"},
				"down": {"uv": [6.5, 4.5, 6, 5], "texture": "#10"}
			}
		},
		{
			"from": [0.61, 3.475, 13.67],
			"to": [0.71, 4.475, 13.995],
			"faces": {
				"north": {"uv": [5, 6, 5.5, 6.5], "texture": "#10"},
				"east": {"uv": [6, 5, 6.5, 5.5], "texture": "#10"},
				"south": {"uv": [5.5, 6, 6, 6.5], "texture": "#10"},
				"west": {"uv": [6, 5.5, 6.5, 6], "texture": "#10"},
				"up": {"uv": [6.5, 6.5, 6, 6], "texture": "#10"},
				"down": {"uv": [0.5, 6.5, 0, 7], "texture": "#10"}
			}
		},
		{
			"from": [0.26, 11.83, 6.5],
			"to": [0.36, 12.83, 6.85],
			"rotation": {"angle": 45, "axis": "x", "origin": [0, 0, 0]},
			"faces": {
				"north": {"uv": [6.5, 0, 7, 0.5], "texture": "#10"},
				"east": {"uv": [0.5, 6.5, 1, 7], "texture": "#10"},
				"south": {"uv": [6.5, 0.5, 7, 1], "texture": "#10"},
				"west": {"uv": [1, 6.5, 1.5, 7], "texture": "#10"},
				"up": {"uv": [7, 1.5, 6.5, 1], "texture": "#10"},
				"down": {"uv": [2, 6.5, 1.5, 7], "texture": "#10"}
			}
		},
		{
			"from": [0.61, 11.83, 6.5],
			"to": [0.71, 12.83, 6.85],
			"rotation": {"angle": 45, "axis": "x", "origin": [0, 0, 0]},
			"faces": {
				"north": {"uv": [6.5, 1.5, 7, 2], "texture": "#10"},
				"east": {"uv": [2, 6.5, 2.5, 7], "texture": "#10"},
				"south": {"uv": [6.5, 2, 7, 2.5], "texture": "#10"},
				"west": {"uv": [2.5, 6.5, 3, 7], "texture": "#10"},
				"up": {"uv": [7, 3, 6.5, 2.5], "texture": "#10"},
				"down": {"uv": [3.5, 6.5, 3, 7], "texture": "#10"}
			}
		},
		{
			"from": [0.56, 3.55, 8.175],
			"to": [0.685, 4.55, 8.25],
			"faces": {
				"north": {"uv": [6.5, 3, 7, 3.5], "texture": "#10"},
				"east": {"uv": [3.5, 6.5, 4, 7], "texture": "#10"},
				"south": {"uv": [6.5, 3.5, 7, 4], "texture": "#10"},
				"west": {"uv": [4, 6.5, 4.5, 7], "texture": "#10"},
				"up": {"uv": [7, 4.5, 6.5, 4], "texture": "#10"},
				"down": {"uv": [5, 6.5, 4.5, 7], "texture": "#10"}
			}
		},
		{
			"from": [0.275, -2.425, 7.85],
			"to": [0.675, -0.325, 8.7],
			"rotation": {"angle": -22.5, "axis": "x", "origin": [0, 0, 0]},
			"faces": {
				"north": {"uv": [4, 2, 4.5, 3], "texture": "#10"},
				"east": {"uv": [0.5, 4.5, 1, 5.5], "texture": "#10"},
				"south": {"uv": [4.5, 0.5, 5, 1.5], "texture": "#10"},
				"west": {"uv": [1, 4.5, 1.5, 5.5], "texture": "#10"},
				"up": {"uv": [7, 5, 6.5, 4.5], "texture": "#10"},
				"down": {"uv": [5.5, 6.5, 5, 7], "texture": "#10"}
			}
		},
		{
			"from": [0.274, -2.176, 7.849],
			"to": [0.676, -1.974, 8.701],
			"rotation": {"angle": -22.5, "axis": "x", "origin": [0, 0, 0]},
			"faces": {
				"north": {"uv": [6.5, 5, 7, 5.5], "texture": "#10"},
				"east": {"uv": [5.5, 6.5, 6, 7], "texture": "#10"},
				"south": {"uv": [4.5, 8, 5, 8.5], "texture": "#10"},
				"west": {"uv": [8, 4.5, 8.5, 5], "texture": "#10"},
				"up": {"uv": [5.5, 8.5, 5, 8], "texture": "#10"},
				"down": {"uv": [8.5, 5, 8, 5.5], "texture": "#10"}
			}
		},
		{
			"from": [0.274, -4.276, 12.449],
			"to": [0.676, -4.074, 13.301],
			"rotation": {"angle": -22.5, "axis": "x", "origin": [0, 0, 0]},
			"faces": {
				"north": {"uv": [6.5, 5, 7, 5.5], "texture": "#10"},
				"east": {"uv": [5.5, 6.5, 6, 7], "texture": "#10"},
				"south": {"uv": [4.5, 8, 5, 8.5], "texture": "#10"},
				"west": {"uv": [8, 4.5, 8.5, 5], "texture": "#10"},
				"up": {"uv": [5.5, 8.5, 5, 8], "texture": "#10"},
				"down": {"uv": [8.5, 5, 8, 5.5], "texture": "#10"}
			}
		},
		{
			"from": [1.90833, 1.24167, 6.975],
			"to": [2.40833, 1.74167, 7.325],
			"rotation": {"angle": 45, "axis": "z", "origin": [0, 0, 0]},
			"faces": {
				"north": {"uv": [6.5, 6, 7, 6.5], "texture": "#10"},
				"east": {"uv": [6.5, 6.5, 7, 7], "texture": "#10"},
				"south": {"uv": [0, 7, 0.5, 7.5], "texture": "#10"},
				"west": {"uv": [7, 0, 7.5, 0.5], "texture": "#10"},
				"up": {"uv": [1, 7.5, 0.5, 7], "texture": "#10"},
				"down": {"uv": [7.5, 0.5, 7, 1], "texture": "#10"}
			}
		},
		{
			"from": [2.65833, 1.99167, 6.925],
			"to": [2.95833, 2.29167, 7.125],
			"rotation": {"angle": 45, "axis": "z", "origin": [0, 0, 0]},
			"faces": {
				"north": {"uv": [1, 7, 1.5, 7.5], "texture": "#10"},
				"east": {"uv": [7, 1, 7.5, 1.5], "texture": "#10"},
				"south": {"uv": [1.5, 7, 2, 7.5], "texture": "#10"},
				"west": {"uv": [7, 1.5, 7.5, 2], "texture": "#10"},
				"up": {"uv": [2.5, 7.5, 2, 7], "texture": "#10"},
				"down": {"uv": [7.5, 2, 7, 2.5], "texture": "#10"}
			}
		},
		{
			"from": [2.38333, 1.71667, 6.925],
			"to": [2.53333, 1.86667, 7.075],
			"rotation": {"angle": 45, "axis": "z", "origin": [0, 0, 0]},
			"faces": {
				"north": {"uv": [2.5, 7, 3, 7.5], "texture": "#10"},
				"east": {"uv": [7, 2.5, 7.5, 3], "texture": "#10"},
				"south": {"uv": [3, 7, 3.5, 7.5], "texture": "#10"},
				"west": {"uv": [7, 3, 7.5, 3.5], "texture": "#10"},
				"up": {"uv": [4, 7.5, 3.5, 7], "texture": "#10"},
				"down": {"uv": [7.5, 3.5, 7, 4], "texture": "#10"}
			}
		},
		{
			"from": [3.325, 2.65, 7],
			"to": [3.375, 2.95, 7.3],
			"rotation": {"angle": 45, "axis": "z", "origin": [0, 0, 0]},
			"faces": {
				"north": {"uv": [4, 7, 4.5, 7.5], "texture": "#10"},
				"east": {"uv": [7, 4, 7.5, 4.5], "texture": "#10"},
				"south": {"uv": [4.5, 7, 5, 7.5], "texture": "#10"},
				"west": {"uv": [7, 4.5, 7.5, 5], "texture": "#10"},
				"up": {"uv": [5.5, 7.5, 5, 7], "texture": "#10"},
				"down": {"uv": [7.5, 5, 7, 5.5], "texture": "#10"}
			}
		},
		{
			"from": [-2.95, 3.325, 7],
			"to": [-2.9, 3.625, 7.3],
			"rotation": {"angle": -45, "axis": "z", "origin": [0, 0, 0]},
			"faces": {
				"north": {"uv": [5.5, 7, 6, 7.5], "texture": "#10"},
				"east": {"uv": [7, 5.5, 7.5, 6], "texture": "#10"},
				"south": {"uv": [6, 7, 6.5, 7.5], "texture": "#10"},
				"west": {"uv": [7, 6, 7.5, 6.5], "texture": "#10"},
				"up": {"uv": [7, 7.5, 6.5, 7], "texture": "#10"},
				"down": {"uv": [7.5, 6.5, 7, 7], "texture": "#10"}
			}
		},
		{
			"from": [-2.95, 3.575, 7],
			"to": [-2.65, 3.625, 7.3],
			"rotation": {"angle": -45, "axis": "z", "origin": [0, 0, 0]},
			"faces": {
				"north": {"uv": [7, 7, 7.5, 7.5], "texture": "#10"},
				"east": {"uv": [0, 7.5, 0.5, 8], "texture": "#10"},
				"south": {"uv": [7.5, 0, 8, 0.5], "texture": "#10"},
				"west": {"uv": [0.5, 7.5, 1, 8], "texture": "#10"},
				"up": {"uv": [8, 1, 7.5, 0.5], "texture": "#10"},
				"down": {"uv": [1.5, 7.5, 1, 8], "texture": "#10"}
			}
		},
		{
			"from": [-2.7, 3.325, 7],
			"to": [-2.65, 3.625, 7.3],
			"rotation": {"angle": -45, "axis": "z", "origin": [0, 0, 0]},
			"faces": {
				"north": {"uv": [7.5, 1, 8, 1.5], "texture": "#10"},
				"east": {"uv": [1.5, 7.5, 2, 8], "texture": "#10"},
				"south": {"uv": [7.5, 1.5, 8, 2], "texture": "#10"},
				"west": {"uv": [2, 7.5, 2.5, 8], "texture": "#10"},
				"up": {"uv": [8, 2.5, 7.5, 2], "texture": "#10"},
				"down": {"uv": [3, 7.5, 2.5, 8], "texture": "#10"}
			}
		},
		{
			"from": [0.06, 3.025, 11.025],
			"to": [0.885, 4.225, 14.475],
			"faces": {
				"north": {"uv": [7.5, 2.5, 8, 3], "texture": "#10"},
				"east": {"uv": [3, 3, 5, 3.5], "texture": "#10"},
				"south": {"uv": [3, 7.5, 3.5, 8], "texture": "#10"},
				"west": {"uv": [3.5, 0, 5.5, 0.5], "texture": "#10"},
				"up": {"uv": [3.5, 5.5, 3, 3.5], "texture": "#10"},
				"down": {"uv": [4, 3.5, 3.5, 5.5], "texture": "#10"}
			}
		},
		{
			"from": [-0.015, 2.45, 10.625],
			"to": [0.96, 3.55, 13.05],
			"faces": {
				"north": {"uv": [7.5, 3, 8, 3.5], "texture": "#10"},
				"east": {"uv": [4.5, 1.5, 5.5, 2], "texture": "#10"},
				"south": {"uv": [3.5, 7.5, 4, 8], "texture": "#10"},
				"west": {"uv": [4.5, 2, 5.5, 2.5], "texture": "#10"},
				"up": {"uv": [2, 5.5, 1.5, 4.5], "texture": "#10"},
				"down": {"uv": [5, 3.5, 4.5, 4.5], "texture": "#10"}
			}
		},
		{
			"from": [-0.016, 2.449, 11.749],
			"to": [0.961, 3.551, 11.901],
			"faces": {
				"north": {"uv": [7.5, 3.5, 8, 4], "texture": "#10"},
				"east": {"uv": [4, 7.5, 4.5, 8], "texture": "#10"},
				"south": {"uv": [7.5, 4, 8, 4.5], "texture": "#10"},
				"west": {"uv": [4.5, 7.5, 5, 8], "texture": "#10"},
				"up": {"uv": [8, 5, 7.5, 4.5], "texture": "#10"},
				"down": {"uv": [5.5, 7.5, 5, 8], "texture": "#10"}
			}
		},
		{
			"from": [0.335, 1.825, 11.585],
			"to": [0.61, 1.825, 12.91],
			"faces": {
				"north": {"uv": [0, 0, 0.5, 0], "texture": "#10"},
				"east": {"uv": [0, 0, 0.5, 0], "texture": "#10"},
				"south": {"uv": [0, 0, 0.5, 0], "texture": "#10"},
				"west": {"uv": [0, 0, 0.5, 0], "texture": "#10"},
				"up": {"uv": [8, 5.5, 7.5, 5], "texture": "#10"},
				"down": {"uv": [6, 7.5, 5.5, 8], "texture": "#10"}
			}
		},
		{
			"from": [0.335, -2.745, 11.4],
			"to": [0.61, -1.42, 11.4],
			"rotation": {"angle": -22.5, "axis": "x", "origin": [0, 0, 0]},
			"faces": {
				"north": {"uv": [7.5, 5.5, 8, 6], "texture": "#10"},
				"east": {"uv": [0, 0, 0, 0.5], "texture": "#10"},
				"south": {"uv": [6, 7.5, 6.5, 8], "texture": "#10"},
				"west": {"uv": [0, 0, 0, 0.5], "texture": "#10"},
				"up": {"uv": [0.5, 0, 0, 0], "texture": "#10"},
				"down": {"uv": [0.5, 0, 0, 0], "texture": "#10"}
			}
		},
		{
			"from": [-0.025, 6.525, 8.456],
			"to": [0.975, 7.345, 9.331],
			"rotation": {"angle": 22.5, "axis": "x", "origin": [0, 0, 0]},
			"faces": {
				"north": {"uv": [7.5, 6, 8, 6.5], "texture": "#10"},
				"east": {"uv": [6.5, 7.5, 7, 8], "texture": "#10"},
				"south": {"uv": [7.5, 6.5, 8, 7], "texture": "#10"},
				"west": {"uv": [7, 7.5, 7.5, 8], "texture": "#10"},
				"up": {"uv": [8, 7.5, 7.5, 7], "texture": "#10"},
				"down": {"uv": [8, 7.5, 7.5, 8], "texture": "#10"}
			}
		},
		{
			"from": [-0.025, 6.334, 8.456],
			"to": [0.975, 7.104, 8.906],
			"rotation": {"angle": 22.5, "axis": "x", "origin": [0, 0, 0]},
			"faces": {
				"north": {"uv": [0, 8, 0.5, 8.5], "texture": "#10"},
				"east": {"uv": [8, 0, 8.5, 0.5], "texture": "#10"},
				"south": {"uv": [0.5, 8, 1, 8.5], "texture": "#10"},
				"west": {"uv": [8, 0.5, 8.5, 1], "texture": "#10"},
				"up": {"uv": [1.5, 8.5, 1, 8], "texture": "#10"},
				"down": {"uv": [8.5, 1, 8, 1.5], "texture": "#10"}
			}
		},
		{
			"from": [0.275, -4.55, 12.45],
			"to": [0.675, -2.45, 13.3],
			"rotation": {"angle": -22.5, "axis": "x", "origin": [0, 0, 0]},
			"faces": {
				"north": {"uv": [4.5, 4.5, 5, 5.5], "texture": "#10"},
				"east": {"uv": [5, 0.5, 5.5, 1.5], "texture": "#10"},
				"south": {"uv": [2, 5, 2.5, 6], "texture": "#10"},
				"west": {"uv": [2.5, 5, 3, 6], "texture": "#10"},
				"up": {"uv": [2, 8.5, 1.5, 8], "texture": "#10"},
				"down": {"uv": [8.5, 1.5, 8, 2], "texture": "#10"}
			}
		},
		{
			"from": [0.325, 3.625, 8.775],
			"to": [0.625, 6.875, 9.475],
			"rotation": {"angle": 22.5, "axis": "x", "origin": [0, 0, 0]},
			"faces": {
				"north": {"uv": [3.5, 0.5, 4, 2], "texture": "#10"},
				"east": {"uv": [4, 0.5, 4.5, 2], "texture": "#10"},
				"south": {"uv": [4, 3.5, 4.5, 5], "texture": "#10"},
				"west": {"uv": [0, 4.5, 0.5, 6], "texture": "#10"},
				"up": {"uv": [2.5, 8.5, 2, 8], "texture": "#10"},
				"down": {"uv": [8.5, 2, 8, 2.5], "texture": "#10"}
			}
		},
		{
			"from": [-0.015, 2.7, 13.05],
			"to": [0.96, 3.55, 13.9],
			"faces": {
				"north": {"uv": [2.5, 8, 3, 8.5], "texture": "#10"},
				"east": {"uv": [8, 2.5, 8.5, 3], "texture": "#10"},
				"south": {"uv": [3, 8, 3.5, 8.5], "texture": "#10"},
				"west": {"uv": [8, 3, 8.5, 3.5], "texture": "#10"},
				"up": {"uv": [4, 8.5, 3.5, 8], "texture": "#10"},
				"down": {"uv": [8.5, 3.5, 8, 4], "texture": "#10"}
			}
		}
	],
	"display": {
		"thirdperson_righthand": {
			"translation": [9, 6.5, -5],
			"scale": [1.2, 1.2, 1.2]
		},
		"thirdperson_lefthand": {
			"translation": [-9, 6.5, -5],
			"scale": [1.2, 1.2, 1.2]
		},
		"firstperson_righthand": {
			"rotation": [5, 0, 0],
			"translation": [10.5, 9.5, 2]
		},
		"firstperson_lefthand": {
			"rotation": [5, 0, 0],
			"translation": [-4.5, 9.5, 2]
		},
		"ground": {
			"rotation": [0, 0, -90],
			"translation": [7, -11.75, -3.75],
			"scale": [1.2, 1.2, 1.2]
		},
		"gui": {
			"rotation": [90, -45, 90],
			"translation": [-3, 9.75, 0],
			"scale": [1.8, 1.8, 1.8]
		},
		"head": {
			"rotation": [-90, 0, 0],
			"translation": [5.75, -38, -10],
			"scale": [1.75, 1.75, 1.75]
		},
		"fixed": {
			"rotation": [0, 90, 0],
			"translation": [-7.25, 14.75, -21.5],
			"scale": [2.75, 2.75, 2.75]
		}
	},
	"groups": [
		{
			"name": "signalis_smg",
			"origin": [8, 8, 8],
			"color": 0,
			"children": [
				{
					"name": "stock",
					"origin": [8, 8, 8],
					"color": 0,
					"children": [0]
				},
				{
					"name": "barrel",
					"origin": [8, 8, 8],
					"color": 0,
					"children": [1, 2, 3, 4, 5, 6, 7, 8, 9, 10, 11, 12, 13, 14, 15, 16, 17, 18, 19, 20, 21, 22, 23]
				},
				{
					"name": "frame",
					"origin": [8, 8, 8],
					"color": 0,
					"children": [24, 25, 26, 27, 28, 29, 30, 31, 32, 33]
				}
			]
		}
	]
}