{
	"__comment": "Designed by Galingueur with Cubik Studio - https://cubik.studio",
	"textures": {
		"particle": "block/crafting_table_top",
		"texture": "block/crafting_table_front",
		"texture1": "block/crafting_table_side",
		"texture2": "block/crafting_table_top",
		"texture3": "block/stonebrick"
	},
	"elements": [ 	 
		{
			"__comment": "Box13",
			"from": [ 5, 16, 5 ],
			"to": [ 6, 16.5, 6 ],
			"faces": {
				"down": { "uv": [ 6, 11, 7, 12 ], "texture": "#texture2" },
				"up": { "uv": [ 6, 11, 7, 12 ], "texture": "#texture2" },
				"north": { "uv": [ 6, 11, 7, 12 ], "texture": "#texture2" },
				"south": { "uv": [ 6, 11, 7, 12 ], "texture": "#texture2" },
				"west": { "uv": [ 6, 11, 7, 12 ], "texture": "#texture2" },
				"east": { "uv": [ 6, 11, 7, 12 ], "texture": "#texture2" }
			}
		},
		{
			"__comment": "Box13",
			"from": [ 6, 16, 1 ],
			"to": [ 7, 16.5, 5 ],
			"faces": {
				"down": { "uv": [ 6, 11, 7, 15 ], "texture": "#texture2" },
				"up": { "uv": [ 6, 11, 7, 15 ], "texture": "#texture2", "rotation": 180 },
				"north": { "uv": [ 6, 12, 7, 11 ], "texture": "#texture2", "rotation": 90 },
				"south": { "uv": [ 6, 12, 7, 11 ], "texture": "#texture2", "rotation": 90 },
				"west": { "uv": [ 6, 11, 7, 15 ], "texture": "#texture2", "rotation": 90 },
				"east": { "uv": [ 6, 11, 7, 15 ], "texture": "#texture2", "rotation": 270 }
			}
		},
		{
			"__comment": "Box13",
			"from": [ 9, 16, 1 ],
			"to": [ 10, 16.5, 5 ],
			"faces": {
				"down": { "uv": [ 6, 11, 7, 15 ], "texture": "#texture2" },
				"up": { "uv": [ 6, 11, 7, 15 ], "texture": "#texture2", "rotation": 180 },
				"north": { "uv": [ 6, 12, 7, 11 ], "texture": "#texture2", "rotation": 90 },
				"south": { "uv": [ 6, 12, 7, 11 ], "texture": "#texture2", "rotation": 90 },
				"west": { "uv": [ 6, 11, 7, 15 ], "texture": "#texture2", "rotation": 90 },
				"east": { "uv": [ 6, 11, 7, 15 ], "texture": "#texture2", "rotation": 270 }
			}
		},
		{
			"__comment": "Box13",
			"from": [ 9, 16, 11 ],
			"to": [ 10, 16.5, 15 ],
			"faces": {
				"down": { "uv": [ 6, 11, 7, 15 ], "texture": "#texture2" },
				"up": { "uv": [ 6, 11, 7, 15 ], "texture": "#texture2" },
				"north": { "uv": [ 6, 12, 7, 11 ], "texture": "#texture2", "rotation": 90 },
				"south": { "uv": [ 6, 12, 7, 11 ], "texture": "#texture2", "rotation": 90 },
				"west": { "uv": [ 6, 11, 7, 15 ], "texture": "#texture2", "rotation": 270 },
				"east": { "uv": [ 6, 11, 7, 15 ], "texture": "#texture2", "rotation": 90 }
			}
		},
		{
			"__comment": "Box13",
			"from": [ 1, 16, 6 ],
			"to": [ 5, 16.5, 7 ],
			"faces": {
				"down": { "uv": [ 6, 11, 7, 15 ], "texture": "#texture2" },
				"up": { "uv": [ 6, 11, 7, 15 ], "texture": "#texture2", "rotation": 90 },
				"north": { "uv": [ 6, 15, 7, 11 ], "texture": "#texture2", "rotation": 90 },
				"south": { "uv": [ 6, 15, 7, 11 ], "texture": "#texture2", "rotation": 270 },
				"west": { "uv": [ 6, 11, 7, 12 ], "texture": "#texture2", "rotation": 270 },
				"east": { "uv": [ 6, 11, 7, 12 ], "texture": "#texture2", "rotation": 270 }
			}
		},
		{
			"__comment": "Box13",
			"from": [ 1, 16, 6 ],
			"to": [ 5, 16.5, 7 ],
			"faces": {
				"down": { "uv": [ 6, 11, 7, 15 ], "texture": "#texture2" },
				"up": { "uv": [ 6, 11, 7, 15 ], "texture": "#texture2", "rotation": 90 },
				"north": { "uv": [ 6, 15, 7, 11 ], "texture": "#texture2", "rotation": 90 },
				"south": { "uv": [ 6, 15, 7, 11 ], "texture": "#texture2", "rotation": 270 },
				"west": { "uv": [ 6, 11, 7, 12 ], "texture": "#texture2", "rotation": 270 },
				"east": { "uv": [ 6, 11, 7, 12 ], "texture": "#texture2", "rotation": 270 }
			}
		},
		{
			"__comment": "Box13",
			"from": [ 1, 16, 9 ],
			"to": [ 5, 16.5, 10 ],
			"faces": {
				"down": { "uv": [ 6, 11, 7, 15 ], "texture": "#texture2" },
				"up": { "uv": [ 6, 11, 7, 15 ], "texture": "#texture2", "rotation": 90 },
				"north": { "uv": [ 6, 15, 7, 11 ], "texture": "#texture2", "rotation": 90 },
				"south": { "uv": [ 6, 15, 7, 11 ], "texture": "#texture2", "rotation": 270 },
				"west": { "uv": [ 6, 11, 7, 12 ], "texture": "#texture2", "rotation": 270 },
				"east": { "uv": [ 6, 11, 7, 12 ], "texture": "#texture2", "rotation": 270 }
			}
		},
		{
			"__comment": "Box13",
			"from": [ 11, 16, 9 ],
			"to": [ 15, 16.5, 10 ],
			"faces": {
				"down": { "uv": [ 6, 11, 7, 15 ], "texture": "#texture2" },
				"up": { "uv": [ 6, 11, 7, 15 ], "texture": "#texture2", "rotation": 270 },
				"north": { "uv": [ 6, 15, 7, 11 ], "texture": "#texture2", "rotation": 270 },
				"south": { "uv": [ 6, 15, 7, 11 ], "texture": "#texture2", "rotation": 90 },
				"west": { "uv": [ 6, 11, 7, 12 ], "texture": "#texture2", "rotation": 90 },
				"east": { "uv": [ 6, 11, 7, 12 ], "texture": "#texture2", "rotation": 180 }
			}
		},
		{
			"__comment": "Box13",
			"from": [ 11, 16, 6 ],
			"to": [ 15, 16.5, 7 ],
			"faces": {
				"down": { "uv": [ 6, 11, 7, 15 ], "texture": "#texture2" },
				"up": { "uv": [ 6, 11, 7, 15 ], "texture": "#texture2", "rotation": 270 },
				"north": { "uv": [ 6, 15, 7, 11 ], "texture": "#texture2", "rotation": 270 },
				"south": { "uv": [ 6, 15, 7, 11 ], "texture": "#texture2", "rotation": 90 },
				"west": { "uv": [ 6, 11, 7, 12 ], "texture": "#texture2", "rotation": 90 },
				"east": { "uv": [ 6, 11, 7, 12 ], "texture": "#texture2", "rotation": 180 }
			}
		},
		{
			"__comment": "Box13",
			"from": [ 10, 16, 5 ],
			"to": [ 11, 16.5, 6 ],
			"faces": {
				"down": { "uv": [ 6, 11, 7, 12 ], "texture": "#texture2" },
				"up": { "uv": [ 6, 11, 7, 12 ], "texture": "#texture2" },
				"north": { "uv": [ 6, 11, 7, 12 ], "texture": "#texture2" },
				"south": { "uv": [ 6, 11, 7, 12 ], "texture": "#texture2" },
				"west": { "uv": [ 6, 11, 7, 12 ], "texture": "#texture2" },
				"east": { "uv": [ 6, 11, 7, 12 ], "texture": "#texture2" }
			}
		},
		{
			"__comment": "Box13",
			"from": [ 10, 16, 10 ],
			"to": [ 11, 16.5, 11 ],
			"faces": {
				"down": { "uv": [ 6, 11, 7, 12 ], "texture": "#texture2" },
				"up": { "uv": [ 6, 11, 7, 12 ], "texture": "#texture2" },
				"north": { "uv": [ 6, 11, 7, 12 ], "texture": "#texture2" },
				"south": { "uv": [ 6, 11, 7, 12 ], "texture": "#texture2" },
				"west": { "uv": [ 6, 11, 7, 12 ], "texture": "#texture2" },
				"east": { "uv": [ 6, 11, 7, 12 ], "texture": "#texture2" }
			}
		},
		{
			"__comment": "Box13",
			"from": [ 5, 16, 10 ],
			"to": [ 6, 16.5, 11 ],
			"faces": {
				"down": { "uv": [ 6, 11, 7, 12 ], "texture": "#texture2" },
				"up": { "uv": [ 6, 11, 7, 12 ], "texture": "#texture2" },
				"north": { "uv": [ 6, 11, 7, 12 ], "texture": "#texture2" },
				"south": { "uv": [ 6, 11, 7, 12 ], "texture": "#texture2" },
				"west": { "uv": [ 6, 11, 7, 12 ], "texture": "#texture2" },
				"east": { "uv": [ 6, 11, 7, 12 ], "texture": "#texture2" }
			}
		},
		{
			"__comment": "Box1",
			"from": [ 13, 3, 0 ],
			"to": [ 16, 13, 3 ],
			"faces": {
				"down": { "uv": [ 13, 13, 16, 16 ], "texture": "#texture3" },
				"up": { "uv": [ 13, 0, 16, 3 ], "texture": "#texture2" },
				"north": { "uv": [ 0, 3, 3, 13 ], "texture": "#texture1" },
				"south": { "uv": [ 13, 3, 16, 13 ], "texture": "#texture1" },
				"west": { "uv": [ 0, 3, 3, 13 ], "texture": "#texture" },
				"east": { "uv": [ 13, 3, 16, 13 ], "texture": "#texture" }
			}
		},
		{
			"__comment": "Box1",
			"from": [ 0, 13, 0 ],
			"to": [ 16, 16, 16 ],
			"faces": {
				"down": { "uv": [ 0, 0, 16, 16 ], "texture": "#texture3" },
				"up": { "uv": [ 0, 0, 16, 16 ], "texture": "#texture2" },
				"north": { "uv": [ 0, 0, 16, 3 ], "texture": "#texture1" },
				"south": { "uv": [ 0, 0, 16, 3 ], "texture": "#texture1" },
				"west": { "uv": [ 0, 0, 16, 3 ], "texture": "#texture" },
				"east": { "uv": [ 0, 0, 16, 3 ], "texture": "#texture" }
			}
		},
		{
			"__comment": "Box1",
			"from": [ 14, 3, 3 ],
			"to": [ 15, 13, 13 ],
			"faces": {
				"down": { "uv": [ 14, 3, 15, 13 ], "texture": "#texture3" },
				"up": { "uv": [ 14, 3, 15, 13 ], "texture": "#texture2" },
				"north": { "uv": [ 1, 3, 2, 13 ], "texture": "#texture1" },
				"south": { "uv": [ 14, 3, 15, 13 ], "texture": "#texture1" },
				"west": { "uv": [ 3, 3, 13, 13 ], "texture": "#texture" },
				"east": { "uv": [ 3, 3, 13, 13 ], "texture": "#texture" }
			}
		},
		{
			"__comment": "Box1",
			"from": [ 0, 0, 0 ],
			"to": [ 16, 3, 16 ],
			"faces": {
				"down": { "uv": [ 0, 0, 16, 16 ], "texture": "#texture3" },
				"up": { "uv": [ 0, 0, 16, 16 ], "texture": "#texture2" },
				"north": { "uv": [ 0, 13, 16, 16 ], "texture": "#texture1" },
				"south": { "uv": [ 0, 13, 16, 16 ], "texture": "#texture1" },
				"west": { "uv": [ 0, 13, 16, 16 ], "texture": "#texture" },
				"east": { "uv": [ 0, 13, 16, 16 ], "texture": "#texture" }
			}
		},
		{
			"__comment": "Box1",
			"from": [ 0, 3, 0 ],
			"to": [ 3, 13, 3 ],
			"faces": {
				"down": { "uv": [ 0, 13, 3, 16 ], "texture": "#texture3" },
				"up": { "uv": [ 0, 0, 3, 3 ], "texture": "#texture2" },
				"north": { "uv": [ 13, 3, 16, 13 ], "texture": "#texture1" },
				"south": { "uv": [ 0, 3, 3, 13 ], "texture": "#texture1" },
				"west": { "uv": [ 0, 3, 3, 13 ], "texture": "#texture" },
				"east": { "uv": [ 13, 3, 16, 13 ], "texture": "#texture" }
			}
		},
		{
			"__comment": "Box1",
			"from": [ 0, 3, 13 ],
			"to": [ 3, 13, 16 ],
			"faces": {
				"down": { "uv": [ 0, 0, 3, 3 ], "texture": "#texture3" },
				"up": { "uv": [ 0, 13, 3, 16 ], "texture": "#texture2" },
				"north": { "uv": [ 13, 3, 16, 13 ], "texture": "#texture1" },
				"south": { "uv": [ 0, 3, 3, 13 ], "texture": "#texture1" },
				"west": { "uv": [ 13, 3, 16, 13 ], "texture": "#texture" },
				"east": { "uv": [ 0, 3, 3, 13 ], "texture": "#texture" }
			}
		},
		{
			"__comment": "Box1",
			"from": [ 13, 3, 13 ],
			"to": [ 16, 13, 16 ],
			"faces": {
				"down": { "uv": [ 13, 0, 16, 3 ], "texture": "#texture3" },
				"up": { "uv": [ 13, 13, 16, 16 ], "texture": "#texture2" },
				"north": { "uv": [ 0, 3, 3, 13 ], "texture": "#texture1" },
				"south": { "uv": [ 13, 3, 16, 13 ], "texture": "#texture1" },
				"west": { "uv": [ 13, 3, 16, 13 ], "texture": "#texture" },
				"east": { "uv": [ 0, 3, 3, 13 ], "texture": "#texture" }
			}
		},
		{
			"__comment": "Box1",
			"from": [ 3, 3, 1 ],
			"to": [ 13, 13, 2 ],
			"faces": {
				"down": { "uv": [ 3, 14, 13, 15 ], "texture": "#texture3" },
				"up": { "uv": [ 3, 1, 13, 2 ], "texture": "#texture2" },
				"north": { "uv": [ 3, 3, 13, 13 ], "texture": "#texture1" },
				"south": { "uv": [ 3, 3, 13, 13 ], "texture": "#texture1" },
				"west": { "uv": [ 1, 3, 2, 13 ], "texture": "#texture" },
				"east": { "uv": [ 14, 3, 15, 13 ], "texture": "#texture" }
			}
		},
		{
			"__comment": "Box1",
			"from": [ 3, 3, 14 ],
			"to": [ 13, 13, 15 ],
			"faces": {
				"down": { "uv": [ 3, 1, 13, 2 ], "texture": "#texture3" },
				"up": { "uv": [ 3, 14, 13, 15 ], "texture": "#texture2" },
				"north": { "uv": [ 3, 3, 13, 13 ], "texture": "#texture1" },
				"south": { "uv": [ 3, 3, 13, 13 ], "texture": "#texture1" },
				"west": { "uv": [ 14, 3, 15, 13 ], "texture": "#texture" },
				"east": { "uv": [ 1, 3, 2, 13 ], "texture": "#texture" }
			}
		},
		{
			"__comment": "Box1",
			"from": [ 1, 3, 3 ],
			"to": [ 2, 13, 13 ],
			"faces": {
				"down": { "uv": [ 1, 3, 2, 13 ], "texture": "#texture3" },
				"up": { "uv": [ 1, 3, 2, 13 ], "texture": "#texture2" },
				"north": { "uv": [ 14, 3, 15, 13 ], "texture": "#texture1" },
				"south": { "uv": [ 1, 3, 2, 13 ], "texture": "#texture1" },
				"west": { "uv": [ 3, 3, 13, 13 ], "texture": "#texture" },
				"east": { "uv": [ 3, 3, 13, 13 ], "texture": "#texture" }
			}
		},
		{
			"__comment": "Box13",
			"from": [ 6, 16, 11 ],
			"to": [ 7, 16.5, 15 ],
			"faces": {
				"down": { "uv": [ 6, 11, 7, 15 ], "texture": "#texture2" },
				"up": { "uv": [ 6, 11, 7, 15 ], "texture": "#texture2" },
				"north": { "uv": [ 6, 12, 7, 11 ], "texture": "#texture2", "rotation": 90 },
				"south": { "uv": [ 6, 12, 7, 11 ], "texture": "#texture2", "rotation": 90 },
				"west": { "uv": [ 6, 11, 7, 15 ], "texture": "#texture2", "rotation": 270 },
				"east": { "uv": [ 6, 11, 7, 15 ], "texture": "#texture2", "rotation": 90 }
			}
		},
		{
			"__comment": "NW-1",
			"from": [ 13, 15.875, 2 ],
			"to": [ 14, 18.875, 3 ],
			"rotation": { "origin": [ 13, 15.875, 2 ], "axis": "z", "angle": -22.5 },
			"faces": {
				"down": { "uv": [ 2, 11, 3, 12 ], "texture": "#texture2", "rotation": 270 },
				"up": { "uv": [ 2, 11, 3, 12 ], "texture": "#texture2", "rotation": 270 },
				"north": { "uv": [ 2, 11, 3, 12 ], "texture": "#texture2", "rotation": 270 },
				"south": { "uv": [ 2, 11, 3, 12 ], "texture": "#texture2", "rotation": 270 },
				"west": { "uv": [ 2, 11, 3, 12 ], "texture": "#texture2", "rotation": 270 },
				"east": { "uv": [ 2, 11, 3, 12 ], "texture": "#texture2", "rotation": 270 }
			}
		},
		{
			"__comment": "NW-2",
			"from": [ 14.25, 18, 1.375 ],
			"to": [ 15.25, 19, 3.375 ],
			"faces": {
				"down": { "uv": [ 4, 6, 5, 7 ], "texture": "#texture2", "rotation": 270 },
				"up": { "uv": [ 4, 6, 5, 7 ], "texture": "#texture2", "rotation": 270 },
				"north": { "uv": [ 4, 6, 5, 7 ], "texture": "#texture2", "rotation": 270 },
				"south": { "uv": [ 4, 6, 5, 7 ], "texture": "#texture2", "rotation": 270 },
				"west": { "uv": [ 4, 6, 5, 7 ], "texture": "#texture2", "rotation": 270 },
				"east": { "uv": [ 4, 6, 5, 7 ], "texture": "#texture2", "rotation": 270 }
			}
		},
		{
			"__comment": "NW-3",
			"from": [ 14.125, 18.375, 2 ],
			"to": [ 15.125, 22.375, 3 ],
			"rotation": { "origin": [ 14.125, 18.375, 2 ], "axis": "z", "angle": 45 },
			"faces": {
				"down": { "uv": [ 2, 11, 3, 12 ], "texture": "#texture2", "rotation": 270 },
				"up": { "uv": [ 2, 11, 3, 12 ], "texture": "#texture2", "rotation": 270 },
				"north": { "uv": [ 2, 11, 3, 12 ], "texture": "#texture2", "rotation": 270 },
				"south": { "uv": [ 2, 11, 3, 12 ], "texture": "#texture2", "rotation": 270 },
				"west": { "uv": [ 2, 11, 3, 12 ], "texture": "#texture2", "rotation": 270 },
				"east": { "uv": [ 2, 11, 3, 12 ], "texture": "#texture2", "rotation": 270 }
			}
		},
		{
			"__comment": "SW-1",
			"from": [ 2, 15.5, 13 ],
			"to": [ 3, 18.5, 14 ],
			"rotation": { "origin": [ 2, 15.5, 13 ], "axis": "z", "angle": 22.5 },
			"faces": {
				"down": { "uv": [ 2, 11, 3, 12 ], "texture": "#texture2", "rotation": 270 },
				"up": { "uv": [ 2, 11, 3, 12 ], "texture": "#texture2", "rotation": 270 },
				"north": { "uv": [ 2, 11, 3, 12 ], "texture": "#texture2", "rotation": 270 },
				"south": { "uv": [ 2, 11, 3, 12 ], "texture": "#texture2", "rotation": 270 },
				"west": { "uv": [ 2, 11, 3, 12 ], "texture": "#texture2", "rotation": 270 },
				"east": { "uv": [ 2, 11, 3, 12 ], "texture": "#texture2", "rotation": 270 }
			}
		},
		{
			"__comment": "SE-1",
			"from": [ 13, 15.875, 13 ],
			"to": [ 14, 18.875, 14 ],
			"rotation": { "origin": [ 13, 15.875, 13 ], "axis": "z", "angle": -22.5 },
			"faces": {
				"down": { "uv": [ 2, 11, 3, 12 ], "texture": "#texture2", "rotation": 270 },
				"up": { "uv": [ 2, 11, 3, 12 ], "texture": "#texture2", "rotation": 270 },
				"north": { "uv": [ 2, 11, 3, 12 ], "texture": "#texture2", "rotation": 270 },
				"south": { "uv": [ 2, 11, 3, 12 ], "texture": "#texture2", "rotation": 270 },
				"west": { "uv": [ 2, 11, 3, 12 ], "texture": "#texture2", "rotation": 270 },
				"east": { "uv": [ 2, 11, 3, 12 ], "texture": "#texture2", "rotation": 270 }
			}
		},
		{
			"__comment": "SE-2",
			"from": [ 14.25, 18, 12.5 ],
			"to": [ 15.25, 19, 14.5 ],
			"faces": {
				"down": { "uv": [ 4, 6, 5, 7 ], "texture": "#texture2", "rotation": 270 },
				"up": { "uv": [ 4, 6, 5, 7 ], "texture": "#texture2", "rotation": 270 },
				"north": { "uv": [ 4, 6, 5, 7 ], "texture": "#texture2", "rotation": 270 },
				"south": { "uv": [ 4, 6, 5, 7 ], "texture": "#texture2", "rotation": 270 },
				"west": { "uv": [ 4, 6, 5, 7 ], "texture": "#texture2", "rotation": 270 },
				"east": { "uv": [ 4, 6, 5, 7 ], "texture": "#texture2", "rotation": 270 }
			}
		},
		{
			"__comment": "NE-2",
			"from": [ 0.75, 18, 1.5 ],
			"to": [ 1.75, 19, 3.5 ],
			"faces": {
				"down": { "uv": [ 4, 6, 5, 7 ], "texture": "#texture2", "rotation": 270 },
				"up": { "uv": [ 4, 6, 5, 7 ], "texture": "#texture2", "rotation": 270 },
				"north": { "uv": [ 4, 6, 5, 7 ], "texture": "#texture2", "rotation": 270 },
				"south": { "uv": [ 4, 6, 5, 7 ], "texture": "#texture2", "rotation": 270 },
				"west": { "uv": [ 4, 6, 5, 7 ], "texture": "#texture2", "rotation": 270 },
				"east": { "uv": [ 4, 6, 5, 7 ], "texture": "#texture2", "rotation": 270 }
			}
		},
		{
			"__comment": "SW-2",
			"from": [ 0.75, 18, 12.375 ],
			"to": [ 1.75, 19, 14.375 ],
			"faces": {
				"down": { "uv": [ 4, 6, 5, 7 ], "texture": "#texture2", "rotation": 270 },
				"up": { "uv": [ 4, 6, 5, 7 ], "texture": "#texture2", "rotation": 270 },
				"north": { "uv": [ 4, 6, 5, 7 ], "texture": "#texture2", "rotation": 270 },
				"south": { "uv": [ 4, 6, 5, 7 ], "texture": "#texture2", "rotation": 270 },
				"west": { "uv": [ 4, 6, 5, 7 ], "texture": "#texture2", "rotation": 270 },
				"east": { "uv": [ 4, 6, 5, 7 ], "texture": "#texture2", "rotation": 270 }
			}
		},
		{
			"__comment": "NE-1",
			"from": [ 2, 15.5, 2 ],
			"to": [ 3, 18.5, 3 ],
			"rotation": { "origin": [ 2, 15.5, 2 ], "axis": "z", "angle": 22.5 },
			"faces": {
				"down": { "uv": [ 2, 11, 3, 12 ], "texture": "#texture2", "rotation": 270 },
				"up": { "uv": [ 2, 11, 3, 12 ], "texture": "#texture2", "rotation": 270 },
				"north": { "uv": [ 2, 11, 3, 12 ], "texture": "#texture2", "rotation": 270 },
				"south": { "uv": [ 2, 11, 3, 12 ], "texture": "#texture2", "rotation": 270 },
				"west": { "uv": [ 2, 11, 3, 12 ], "texture": "#texture2", "rotation": 270 },
				"east": { "uv": [ 2, 11, 3, 12 ], "texture": "#texture2", "rotation": 270 }
			}
		},
		{
			"__comment": "NE-3",
			"from": [ 1, 19, 2 ],
			"to": [ 2, 23, 3 ],
			"rotation": { "origin": [ 1, 19, 2 ], "axis": "z", "angle": -45 },
			"faces": {
				"down": { "uv": [ 2, 11, 3, 12 ], "texture": "#texture2", "rotation": 270 },
				"up": { "uv": [ 2, 11, 3, 12 ], "texture": "#texture2", "rotation": 270 },
				"north": { "uv": [ 2, 11, 3, 12 ], "texture": "#texture2", "rotation": 270 },
				"south": { "uv": [ 2, 11, 3, 12 ], "texture": "#texture2", "rotation": 270 },
				"west": { "uv": [ 2, 11, 3, 12 ], "texture": "#texture2", "rotation": 270 },
				"east": { "uv": [ 2, 11, 3, 12 ], "texture": "#texture2", "rotation": 270 }
			}
		},
		{
			"__comment": "SW-3",
			"from": [ 1, 19, 12.875 ],
			"to": [ 2, 23, 13.875 ],
			"rotation": { "origin": [ 1, 19, 12.875 ], "axis": "z", "angle": -45 },
			"faces": {
				"down": { "uv": [ 2, 11, 3, 12 ], "texture": "#texture2", "rotation": 270 },
				"up": { "uv": [ 2, 11, 3, 12 ], "texture": "#texture2", "rotation": 270 },
				"north": { "uv": [ 2, 11, 3, 12 ], "texture": "#texture2", "rotation": 270 },
				"south": { "uv": [ 2, 11, 3, 12 ], "texture": "#texture2", "rotation": 270 },
				"west": { "uv": [ 2, 11, 3, 12 ], "texture": "#texture2", "rotation": 270 },
				"east": { "uv": [ 2, 11, 3, 12 ], "texture": "#texture2", "rotation": 270 }
			}
		},
		{
			"__comment": "SE-4",
			"from": [ 9, 18.5, 13.25 ],
			"to": [ 9.5, 22.5, 13.75 ],
			"rotation": { "origin": [ 9, 18.5, 13.25 ], "axis": "z", "angle": -45 },
			"faces": {
				"down": { "uv": [ 4, 11, 5, 12 ], "texture": "#texture2", "rotation": 270 },
				"up": { "uv": [ 4, 11, 5, 12 ], "texture": "#texture2", "rotation": 270 },
				"north": { "uv": [ 4, 11, 5, 12 ], "texture": "#texture2", "rotation": 270 },
				"south": { "uv": [ 4, 11, 5, 12 ], "texture": "#texture2", "rotation": 270 },
				"west": { "uv": [ 4, 11, 5, 12 ], "texture": "#texture2", "rotation": 270 },
				"east": { "uv": [ 4, 11, 5, 12 ], "texture": "#texture2", "rotation": 270 }
			}
		},
		{
			"__comment": "SE-3",
			"from": [ 14.25, 18.375, 13 ],
			"to": [ 15.25, 22.375, 14 ],
			"rotation": { "origin": [ 14.25, 18.375, 13 ], "axis": "z", "angle": 45 },
			"faces": {
				"down": { "uv": [ 2, 11, 3, 12 ], "texture": "#texture2", "rotation": 270 },
				"up": { "uv": [ 2, 11, 3, 12 ], "texture": "#texture2", "rotation": 270 },
				"north": { "uv": [ 2, 11, 3, 12 ], "texture": "#texture2", "rotation": 270 },
				"south": { "uv": [ 2, 11, 3, 12 ], "texture": "#texture2", "rotation": 270 },
				"west": { "uv": [ 2, 11, 3, 12 ], "texture": "#texture2", "rotation": 270 },
				"east": { "uv": [ 2, 11, 3, 12 ], "texture": "#texture2", "rotation": 270 }
			}
		},
		{
			"__comment": "SW-4",
			"from": [ 6.5, 18.125, 13.125 ],
			"to": [ 7, 22.125, 13.625 ],
			"rotation": { "origin": [ 6.5, 18.125, 13.125 ], "axis": "z", "angle": 45 },
			"faces": {
				"down": { "uv": [ 4, 11, 5, 12 ], "texture": "#texture2", "rotation": 270 },
				"up": { "uv": [ 4, 11, 5, 12 ], "texture": "#texture2", "rotation": 270 },
				"north": { "uv": [ 4, 11, 5, 12 ], "texture": "#texture2", "rotation": 270 },
				"south": { "uv": [ 4, 11, 5, 12 ], "texture": "#texture2", "rotation": 270 },
				"west": { "uv": [ 4, 11, 5, 12 ], "texture": "#texture2", "rotation": 270 },
				"east": { "uv": [ 4, 11, 5, 12 ], "texture": "#texture2", "rotation": 270 }
			}
		},
		{
			"__comment": "NE-4",
			"from": [ 6.5, 18, 2.25 ],
			"to": [ 7, 22, 2.75 ],
			"rotation": { "origin": [ 6.5, 18, 2.25 ], "axis": "z", "angle": 45 },
			"faces": {
				"down": { "uv": [ 4, 11, 5, 12 ], "texture": "#texture2", "rotation": 270 },
				"up": { "uv": [ 4, 11, 5, 12 ], "texture": "#texture2", "rotation": 270 },
				"north": { "uv": [ 4, 11, 5, 12 ], "texture": "#texture2", "rotation": 270 },
				"south": { "uv": [ 4, 11, 5, 12 ], "texture": "#texture2", "rotation": 270 },
				"west": { "uv": [ 4, 11, 5, 12 ], "texture": "#texture2", "rotation": 270 },
				"east": { "uv": [ 4, 11, 5, 12 ], "texture": "#texture2", "rotation": 270 }
			}
		},
		{
			"__comment": "NW-4",
			"from": [ 8.875, 18.5, 2.25 ],
			"to": [ 9.375, 22.5, 2.75 ],
			"rotation": { "origin": [ 8.875, 18.5, 2.25 ], "axis": "z", "angle": -45 },
			"faces": {
				"down": { "uv": [ 4, 11, 5, 12 ], "texture": "#texture2", "rotation": 270 },
				"up": { "uv": [ 4, 11, 5, 12 ], "texture": "#texture2", "rotation": 270 },
				"north": { "uv": [ 4, 11, 5, 12 ], "texture": "#texture2", "rotation": 270 },
				"south": { "uv": [ 4, 11, 5, 12 ], "texture": "#texture2", "rotation": 270 },
				"west": { "uv": [ 4, 11, 5, 12 ], "texture": "#texture2", "rotation": 270 },
				"east": { "uv": [ 4, 11, 5, 12 ], "texture": "#texture2", "rotation": 270 }
			}
		}
	],
	"display": {
		"thirdperson_righthand": {
			"rotation":  [ 75, 45, 0 ],
			"translation":  [ 0, 2.5, 0 ],
			"scale":  [ 0.375, 0.375, 0.375 ]
		},
		"thirdperson_lefthand": {
			"rotation":  [ 75, 45, 0 ],
			"translation":  [ 0, 2.5, 0 ],
			"scale":  [ 0.375, 0.375, 0.375 ]
		},
		"firstperson_righthand": {
			"rotation":  [ 0, 45, 0 ],
			"scale":  [ 0.4, 0.4, 0.4 ]
		},
		"firstperson_lefthand": {
			"rotation":  [ 0, 45, 0 ],
			"scale":  [ 0.4, 0.4, 0.4 ]
		},
		"gui": {
			"rotation":  [ 30, 225, 0 ],
			"translation":  [ 0, -1, 0 ],
			"scale":  [ 0.525, 0.525, 0.525 ]
		},
		"ground": {
			"translation":  [ 0, 3, 0 ],
			"scale":  [ 0.25, 0.25, 0.25 ]
		},
		"fixed": {
			"rotation":  [ -90, 0, 0 ],
			"translation":  [ 0, 0, 16 ],
			"scale":  [ 2, 2, 2 ]
		}
	}
}