{
	"__comment": "Designed by Galingueur with Cubik Studio - https://cubik.studio",
	"textures": {
		"particle": "block/m_chair_white_01",
		"texture": "block/m_chair_white_01"
	},
	"elements": [
		{
			"__comment": "Cube2",
			"from": [ 7, 1, 7 ],
			"to": [ 9, 6, 9 ],
			"faces": {
				"down": { "uv": [ 10, 10, 12, 12 ], "texture": "#texture" },
				"up": { "uv": [ 10, 10, 12, 12 ], "texture": "#texture" },
				"north": { "uv": [ 6, 11, 8, 16 ], "texture": "#texture" },
				"south": { "uv": [ 8, 11, 10, 16 ], "texture": "#texture" },
				"west": { "uv": [ 6, 11, 8, 16 ], "texture": "#texture" },
				"east": { "uv": [ 8, 11, 10, 16 ], "texture": "#texture" }
			}
		},
		{
			"__comment": "Cube2",
			"from": [ 5, 0, 5 ],
			"to": [ 11, 1, 11 ],
			"faces": {
				"down": { "uv": [ 0, 10, 6, 16 ], "texture": "#texture" },
				"up": { "uv": [ 0, 10, 6, 16 ], "texture": "#texture" },
				"north": { "uv": [ 0, 10, 6, 11 ], "texture": "#texture" },
				"south": { "uv": [ 0, 10, 6, 11 ], "texture": "#texture" },
				"west": { "uv": [ 0, 15, 6, 16 ], "texture": "#texture" },
				"east": { "uv": [ 0, 15, 6, 16 ], "texture": "#texture" }
			}
		},
		{
			"__comment": "Cube2",
			"from": [ 4, 6, 4 ],
			"to": [ 12, 8, 13 ],
			"faces": {
				"down": { "uv": [ 10, 0, 16, 9 ], "texture": "#texture" },
				"up": { "uv": [ 1, 0, 10, 9 ], "texture": "#texture" },
				"north": { "uv": [ 10, 0, 12, 8 ], "texture": "#texture", "rotation": 90 },
				"south": { "uv": [ 1, 8, 9, 10 ], "texture": "#texture" },
				"west": { "uv": [ 11, 8, 2, 10 ], "texture": "#texture" },
				"east": { "uv": [ 2, 8, 11, 10 ], "texture": "#texture" }
			}
		},
		{
			"__comment": "Cube2",
			"from": [ 4, 8, 4 ],
			"to": [ 12, 16, 6 ],
			"faces": {
				"down": { "uv": [ 5, 0, 11, 2 ], "texture": "#texture" },
				"up": { "uv": [ 9, 10, 3, 8 ], "texture": "#texture" },
				"north": { "uv": [ 16, 8.5, 10, 0 ], "texture": "#texture" },
				"south": { "uv": [ 1, 0, 10, 8 ], "texture": "#texture" },
				"west": { "uv": [ 0, 0, 2, 9 ], "texture": "#texture" },
				"east": { "uv": [ 0, 0, 2, 9 ], "texture": "#texture", "rotation": 180 }
			}
		}
	]
}