{
	"__comment": "Designed by Galingueur with Cubik Studio - https://cubik.studio",
	"textures": {
		"particle": "block/m_gun_01",
		"texture": "block/m_gun_01"
	},
	"elements": [
		{
			"__comment": "Cube1",
			"from": [ 11.5, 0, 11.5 ],
			"to": [ 12.5, 3, 12.5 ],
			"rotation": { "origin": [ 11.5, 3, 11.5 ], "axis": "y", "angle": 22.5 },
			"faces": {
				"down": { "uv": [ 9, 1, 10, 2 ], "texture": "#texture", "rotation": 90 },
				"up": { "uv": [ 10, 2, 9, 1 ], "texture": "#texture", "rotation": 270 },
				"north": { "uv": [ 9, 1, 10, 2 ], "texture": "#texture", "rotation": 270 },
				"south": { "uv": [ 9, 1, 10, 2 ], "texture": "#texture", "rotation": 90 },
				"west": { "uv": [ 9, 1, 10, 2 ], "texture": "#texture" },
				"east": { "uv": [ 10, 2, 9, 1 ], "texture": "#texture" }
			}
		},
		{
			"__comment": "Cube1",
			"from": [ 6.5, 0.5, 4.5 ],
			"to": [ 8.5, 2.5, 5.5 ],
			"rotation": { "origin": [ 11.5, 3, 11.5 ], "axis": "y", "angle": 22.5 },
			"faces": {
				"down": { "uv": [ 7, 4, 3, 5 ], "texture": "#texture", "rotation": 90 },
				"up": { "uv": [ 7, 5, 3, 4 ], "texture": "#texture", "rotation": 270 },
				"north": { "uv": [ 3, 4, 4, 5 ], "texture": "#texture", "rotation": 270 },
				"south": { "uv": [ 6, 4, 7, 5 ], "texture": "#texture", "rotation": 270 },
				"west": { "uv": [ 4, 4, 5, 5 ], "texture": "#texture" },
				"east": { "uv": [ 1, 3, 0, 2 ], "texture": "#texture", "rotation": 90 }
			}
		},
		{
			"__comment": "Cube1",
			"from": [ 6.5, 1, 5.5 ],
			"to": [ 7.5, 2, 6.5 ],
			"rotation": { "origin": [ 11.5, 3, 11.5 ], "axis": "y", "angle": 22.5 },
			"faces": {
				"down": { "uv": [ 9, 1, 10, 2 ], "texture": "#texture", "rotation": 90 },
				"up": { "uv": [ 10, 2, 9, 1 ], "texture": "#texture", "rotation": 270 },
				"north": { "uv": [ 9, 1, 10, 2 ], "texture": "#texture", "rotation": 270 },
				"south": { "uv": [ 9, 1, 10, 2 ], "texture": "#texture", "rotation": 90 },
				"west": { "uv": [ 9, 1, 10, 2 ], "texture": "#texture" },
				"east": { "uv": [ 10, 2, 9, 1 ], "texture": "#texture" }
			}
		},
		{
			"__comment": "Cube1",
			"from": [ 9.5, 0, 3.5 ],
			"to": [ 12.5, 3, 11.5 ],
			"rotation": { "origin": [ 11.5, 3, 11.5 ], "axis": "y", "angle": 22.5 },
			"faces": {
				"down": { "uv": [ 9, 1, 1, 4 ], "texture": "#texture", "rotation": 90 },
				"up": { "uv": [ 9, 4, 1, 1 ], "texture": "#texture", "rotation": 270 },
				"north": { "uv": [ 4, 13, 7, 16 ], "texture": "#texture", "rotation": 90 },
				"south": { "uv": [ 4, 10, 7, 13 ], "texture": "#texture", "rotation": 270 },
				"west": { "uv": [ 1, 3, 9, 4 ], "texture": "#texture" },
				"east": { "uv": [ 9, 2, 1, 1 ], "texture": "#texture" }
			}
		},
		{
			"__comment": "Cube1",
			"from": [ 11.5, 0, 4.5 ],
			"to": [ 13.5, 3, 8.5 ],
			"rotation": { "origin": [ 11.5, 3, 11.5 ], "axis": "y", "angle": 22.5 },
			"faces": {
				"down": { "uv": [ 6, 0, 2, 2 ], "texture": "#texture", "rotation": 90 },
				"up": { "uv": [ 6, 2, 2, 0 ], "texture": "#texture", "rotation": 270 },
				"north": { "uv": [ 6, 6, 11, 7 ], "texture": "#texture", "rotation": 90 },
				"south": { "uv": [ 6, 6, 11, 7 ], "texture": "#texture", "rotation": 270 },
				"west": { "uv": [ 6, 6, 11, 10 ], "texture": "#texture" },
				"east": { "uv": [ 11, 10, 6, 6 ], "texture": "#texture", "rotation": 90 }
			}
		},
		{
			"__comment": "Cube1",
			"from": [ 9.5, 0, 2.5 ],
			"to": [ 11.5, 3, 4.5 ],
			"rotation": { "origin": [ 11.5, 3, 11.5 ], "axis": "y", "angle": 22.5 },
			"faces": {
				"down": { "uv": [ 2, 2, 0, 4 ], "texture": "#texture", "rotation": 90 },
				"up": { "uv": [ 2, 4, 0, 2 ], "texture": "#texture", "rotation": 270 },
				"north": { "uv": [ 0, 2, 1, 3 ], "texture": "#texture", "rotation": 90 },
				"south": { "uv": [ 1, 2, 2, 3 ], "texture": "#texture", "rotation": 270 },
				"west": { "uv": [ 0, 3, 2, 4 ], "texture": "#texture" },
				"east": { "uv": [ 1, 3, 0, 2 ], "texture": "#texture", "rotation": 90 }
			}
		},
		{
			"__comment": "Cube1",
			"from": [ 5.5, 0, 2.5 ],
			"to": [ 8.5, 3, 4.5 ],
			"rotation": { "origin": [ 11.5, 3, 11.5 ], "axis": "y", "angle": 22.5 },
			"faces": {
				"down": { "uv": [ 2, 5, 0, 8 ], "texture": "#texture", "rotation": 90 },
				"up": { "uv": [ 2, 8, 0, 5 ], "texture": "#texture", "rotation": 270 },
				"north": { "uv": [ 0, 5, 1, 8 ], "texture": "#texture", "rotation": 270 },
				"south": { "uv": [ 2, 5, 3, 6 ], "texture": "#texture", "rotation": 270 },
				"west": { "uv": [ 0, 7, 2, 8 ], "texture": "#texture" },
				"east": { "uv": [ 1, 3, 0, 2 ], "texture": "#texture", "rotation": 90 }
			}
		},
		{
			"__comment": "Cube1",
			"from": [ 9.5, 0, 11.5 ],
			"to": [ 10.5, 3, 12.5 ],
			"rotation": { "origin": [ 11.5, 3, 11.5 ], "axis": "y", "angle": 22.5 },
			"faces": {
				"down": { "uv": [ 9, 1, 10, 2 ], "texture": "#texture", "rotation": 90 },
				"up": { "uv": [ 10, 2, 9, 1 ], "texture": "#texture", "rotation": 270 },
				"north": { "uv": [ 9, 1, 10, 2 ], "texture": "#texture", "rotation": 270 },
				"south": { "uv": [ 9, 1, 10, 2 ], "texture": "#texture", "rotation": 90 },
				"west": { "uv": [ 9, 1, 10, 2 ], "texture": "#texture" },
				"east": { "uv": [ 10, 2, 9, 1 ], "texture": "#texture" }
			}
		},
		{
			"__comment": "Cube1",
			"from": [ 7.5, 1, 6.5 ],
			"to": [ 8.5, 2, 7.5 ],
			"rotation": { "origin": [ 11.5, 3, 11.5 ], "axis": "y", "angle": 22.5 },
			"faces": {
				"down": { "uv": [ 9, 1, 10, 2 ], "texture": "#texture", "rotation": 90 },
				"up": { "uv": [ 10, 2, 9, 1 ], "texture": "#texture", "rotation": 270 },
				"north": { "uv": [ 9, 1, 10, 2 ], "texture": "#texture", "rotation": 270 },
				"south": { "uv": [ 9, 1, 10, 2 ], "texture": "#texture", "rotation": 90 },
				"west": { "uv": [ 9, 1, 10, 2 ], "texture": "#texture" },
				"east": { "uv": [ 10, 2, 9, 1 ], "texture": "#texture" }
			}
		},
		{
			"__comment": "Cube1",
			"from": [ 8.5, 0.5, 3.5 ],
			"to": [ 9.5, 2.5, 9.5 ],
			"rotation": { "origin": [ 11.5, 3, 11.5 ], "axis": "y", "angle": 22.5 },
			"faces": {
				"down": { "uv": [ 7, 4, 3, 5 ], "texture": "#texture", "rotation": 90 },
				"up": { "uv": [ 7, 5, 3, 4 ], "texture": "#texture", "rotation": 270 },
				"north": { "uv": [ 3, 4, 4, 5 ], "texture": "#texture", "rotation": 270 },
				"south": { "uv": [ 6, 4, 7, 5 ], "texture": "#texture", "rotation": 270 },
				"west": { "uv": [ 4, 4, 5, 5 ], "texture": "#texture" },
				"east": { "uv": [ 1, 3, 0, 2 ], "texture": "#texture", "rotation": 90 }
			}
		}
	]
}