{
	"__comment": "Designed by Galingueur with Cubik Studio - https://cubik.studio",
	"ambientocclusion": false,
	"textures": {
		"particle": "block/m_flower_pot_02",
		"flowerpot": "block/m_flower_pot_02",
		"dirt": "block/water_still"
	},
	"elements": [
		{
			"from": [ 5, 0, 5 ],
			"to": [ 6, 4, 11 ],
			"faces": {
				"down": { "uv": [ 15, 0, 16, 6 ], "texture": "#flowerpot", "cullface": "down" },
				"up": { "uv": [ 5, 0, 6, 6 ], "texture": "#flowerpot" },
				"north": { "uv": [ 6, 0, 16, 1 ], "texture": "#flowerpot", "rotation": 90 },
				"south": { "uv": [ 6, 5, 16, 6 ], "texture": "#flowerpot", "rotation": 90 },
				"west": { "uv": [ 6, 0, 16, 6 ], "texture": "#flowerpot", "rotation": 90 },
				"east": { "uv": [ 6, 0, 16, 6 ], "texture": "#flowerpot", "rotation": 90 }
			}
		},
		{
			"from": [ 6, 0, 5 ],
			"to": [ 10, 4, 6 ],
			"faces": {
				"down": { "uv": [ 15, 1, 16, 5 ], "texture": "#flowerpot", "cullface": "down" },
				"up": { "uv": [ 5, 1, 6, 5 ], "texture": "#flowerpot", "rotation": 270 },
				"north": { "uv": [ 6, 1, 16, 5 ], "texture": "#flowerpot", "rotation": 90 },
				"south": { "uv": [ 6, 1, 16, 5 ], "texture": "#flowerpot", "rotation": 90 }
			}
		},
		{
			"from": [ 6, 0, 6 ],
			"to": [ 10, 3.5, 10 ],
			"faces": {
				"down": { "uv": [ 15, 0, 16, 2 ], "texture": "#flowerpot", "cullface": "down" },
				"up": { "uv": [ 6, 6, 10, 10 ], "texture": "#dirt" }
			}
		},
		{
			"from": [ 10, 0, 5 ],
			"to": [ 11, 4, 11 ],
			"faces": {
				"down": { "uv": [ 15, 0, 16, 6 ], "texture": "#flowerpot", "cullface": "down" },
				"up": { "uv": [ 5, 0, 6, 6 ], "texture": "#flowerpot" },
				"north": { "uv": [ 6, 5, 16, 6 ], "texture": "#flowerpot", "rotation": 90 },
				"south": { "uv": [ 6, 0, 16, 1 ], "texture": "#flowerpot", "rotation": 90 },
				"west": { "uv": [ 6, 0, 16, 6 ], "texture": "#flowerpot", "rotation": 90 },
				"east": { "uv": [ 6, 0, 16, 6 ], "texture": "#flowerpot", "rotation": 90 }
			}
		},
		{
			"from": [ 6, 0, 10 ],
			"to": [ 10, 4, 11 ],
			"faces": {
				"down": { "uv": [ 15, 1, 16, 5 ], "texture": "#flowerpot", "cullface": "down" },
				"up": { "uv": [ 5, 1, 6, 5 ], "texture": "#flowerpot", "rotation": 270 },
				"north": { "uv": [ 6, 1, 16, 5 ], "texture": "#flowerpot", "rotation": 90 },
				"south": { "uv": [ 6, 1, 16, 5 ], "texture": "#flowerpot", "rotation": 90 }
			}
		},
		{
			"__comment": "PlaneX6",
			"from": [ 10.999, 3.5, 1 ],
			"to": [ 11, 11.5, 11 ],
			"rotation": { "origin": [ 11, 3.5, 11 ], "axis": "y", "angle": 45 },
			"faces": {
				"west": { "uv": [ 3, 6, 16, 16 ], "texture": "#flowerpot" },
				"east": { "uv": [ 16, 6, 3, 16 ], "texture": "#flowerpot" }
			}
		},
		{
			"__comment": "PlaneX6",
			"from": [ 12, 3, 4 ],
			"to": [ 12.001, 11, 14 ],
			"rotation": { "origin": [ 12, 3, 4 ], "axis": "y", "angle": -45 },
			"faces": {
				"west": { "uv": [ 3, 6, 16, 16 ], "texture": "#flowerpot" },
				"east": { "uv": [ 16, 6, 3, 16 ], "texture": "#flowerpot" }
			}
		}
	]
}