{
	"__comment": "Designed by Galingueur with Cubik Studio - https://cubik.studio",
	"textures": {
		"particle": "block/m_jukebox_front",
		"side": "block/m_jukebox_side",
		"front": "block/m_jukebox_front",
		"top": "block/m_jukebox_top",
		"cd": "block/m_jukebox_cd",
		"texture": "block/brick"
	},
	"elements": [
		{
			"__comment": "Cube1",
			"from": [ 1, 16, 12 ],
			"to": [ 4, 18, 15 ],
			"faces": {
				"down": { "uv": [ 1.5, 1.5, 4, 4 ], "texture": "#cd", "cullface": "up" },
				"up": { "uv": [ 8, 0, 11, 3 ], "texture": "#cd", "cullface": "up" },
				"north": { "uv": [ 12, 0, 15, 2 ], "texture": "#cd", "cullface": "up" },
				"south": { "uv": [ 12, 0, 15, 2 ], "texture": "#cd", "cullface": "up" },
				"west": { "uv": [ 12, 0, 15, 2 ], "texture": "#cd", "cullface": "up" },
				"east": { "uv": [ 12, 0, 15, 2 ], "texture": "#cd", "cullface": "up" }
			}
		},
		{
			"__comment": "Cube1",
			"from": [ 5, 17, 12 ],
			"to": [ 11, 17.5, 13 ],
			"faces": {
				"up": { "uv": [ 5, 3, 11, 4 ], "texture": "#cd", "cullface": "up" },
				"south": { "uv": [ 5, 3, 11, 4 ], "texture": "#cd", "cullface": "up" },
				"west": { "uv": [ 5, 3, 11, 4 ], "texture": "#cd", "cullface": "up" },
				"east": { "uv": [ 5, 3, 11, 4 ], "texture": "#cd", "cullface": "up" }
			}
		},
		{
			"__comment": "Cube1",
			"from": [ 2, 16, 2 ],
			"to": [ 14, 17, 14 ],
			"faces": {
				"down": { "uv": [ 2, 2, 14, 14 ], "texture": "#top", "cullface": "up" },
				"up": { "uv": [ 2, 2, 14, 14 ], "texture": "#top", "cullface": "up" },
				"north": { "uv": [ 2, 2, 14, 3 ], "texture": "#top", "cullface": "up" },
				"south": { "uv": [ 2, 2, 14, 3 ], "texture": "#top", "cullface": "up" },
				"west": { "uv": [ 2, 2, 14, 3 ], "texture": "#top", "cullface": "up" },
				"east": { "uv": [ 2, 2, 14, 3 ], "texture": "#top", "cullface": "up" }
			}
		},
		{
			"__comment": "Cube1",
			"from": [ 7.5, 17.5, 7.5 ],
			"to": [ 8.5, 18, 8.5 ],
			"faces": {
				"up": { "uv": [ 5, 1, 6, 2 ], "texture": "#front", "cullface": "up" },
				"north": { "uv": [ 9, 1, 10, 2 ], "texture": "#front", "cullface": "up" },
				"south": { "uv": [ 9, 1, 10, 2 ], "texture": "#front", "cullface": "up" },
				"west": { "uv": [ 9, 1, 10, 2 ], "texture": "#front", "cullface": "up" },
				"east": { "uv": [ 6, 1, 7, 2 ], "texture": "#front", "cullface": "up" }
			}
		},
		{
			"__comment": "Cube1",
			"from": [ 5, 18, 5.5 ],
			"to": [ 5.5, 18.5, 14 ],
			"rotation": { "origin": [ 5, 18, 5.5 ], "axis": "y", "angle": -22.5 },
			"faces": {
				"down": { "uv": [ 15.5, 9, 16, 15.5 ], "texture": "#cd", "cullface": "up" },
				"up": { "uv": [ 15.5, 15.5, 16, 9 ], "texture": "#cd", "cullface": "up" },
				"north": { "uv": [ 15.5, 15, 16, 16 ], "texture": "#cd", "cullface": "up" },
				"south": { "uv": [ 15.5, 9, 16, 9.5 ], "texture": "#cd", "cullface": "up" },
				"west": { "uv": [ 15.5, 9, 16, 15.5 ], "texture": "#cd", "cullface": "up", "rotation": 90 },
				"east": { "uv": [ 15.5, 9, 16, 15.5 ], "texture": "#cd", "cullface": "up", "rotation": 270 }
			}
		},
		{
			"__comment": "Cube1",
			"from": [ 14, 0, 14 ],
			"to": [ 16, 16, 16 ],
			"faces": {
				"down": { "uv": [ 0, 14, 2, 16 ], "texture": "#texture", "cullface": "down" },
				"up": { "uv": [ 14, 14, 16, 16 ], "texture": "#top", "cullface": "up" },
				"north": { "uv": [ 1, 5, 2, 15 ], "texture": "#front" },
				"south": { "uv": [ 14, 0, 16, 16 ], "texture": "#front", "cullface": "south" },
				"west": { "uv": [ 14, 5, 15, 15 ], "texture": "#front" },
				"east": { "uv": [ 0, 0, 2, 16 ], "texture": "#front", "cullface": "east" }
			}
		},
		{
			"__comment": "Cube1",
			"from": [ 14, 0, 2 ],
			"to": [ 16, 1, 14 ],
			"faces": {
				"down": { "uv": [ 2, 14, 14, 16 ], "texture": "#texture", "cullface": "down" },
				"up": { "uv": [ 2, 0, 14, 1 ], "texture": "#top", "rotation": 90 },
				"north": { "uv": [ 2, 15, 14, 16 ], "texture": "#front" },
				"east": { "uv": [ 3, 15, 13, 16 ], "texture": "#side", "cullface": "east" }
			}
		},
		{
			"__comment": "Cube1",
			"from": [ 1, 1, 5 ],
			"to": [ 2, 9, 6 ],
			"faces": {
				"up": { "uv": [ 5, 7, 6, 8 ], "texture": "#front" },
				"north": { "uv": [ 5, 7, 6, 15 ], "texture": "#front" },
				"west": { "uv": [ 5, 7, 6, 15 ], "texture": "#front" }
			}
		},
		{
			"__comment": "Cube1",
			"from": [ 1, 1, 2 ],
			"to": [ 2, 9, 3 ],
			"faces": {
				"up": { "uv": [ 2, 7, 3, 8 ], "texture": "#front" },
				"south": { "uv": [ 2, 7, 3, 15 ], "texture": "#front" },
				"west": { "uv": [ 2, 7, 3, 15 ], "texture": "#front" }
			}
		},
		{
			"__comment": "Cube1",
			"from": [ 1.5, 4, 7 ],
			"to": [ 2, 5, 14 ],
			"faces": {
				"down": { "uv": [ 9, 13.5, 10, 15.5 ], "texture": "#front" },
				"up": { "uv": [ 7, 11, 14, 12 ], "texture": "#front" },
				"west": { "uv": [ 7, 11, 14, 12 ], "texture": "#front" }
			}
		},
		{
			"__comment": "Cube1",
			"from": [ 0.5, 1, 6 ],
			"to": [ 2, 9, 7 ],
			"faces": {
				"up": { "uv": [ 6, 7, 7, 8 ], "texture": "#front" },
				"north": { "uv": [ 6, 7, 7, 15 ], "texture": "#front" },
				"south": { "uv": [ 6, 7, 7, 15 ], "texture": "#front" },
				"west": { "uv": [ 6, 7, 7, 15 ], "texture": "#front" }
			}
		},
		{
			"__comment": "Cube1",
			"from": [ 0.5, 1, 7 ],
			"to": [ 2, 2, 14 ],
			"faces": {
				"up": { "uv": [ 7, 14, 14, 15 ], "texture": "#front" },
				"west": { "uv": [ 7, 14, 14, 15 ], "texture": "#front" }
			}
		},
		{
			"__comment": "Cube1",
			"from": [ 1, 2, 7 ],
			"to": [ 2, 3, 14 ],
			"faces": {
				"up": { "uv": [ 7, 13, 14, 14 ], "texture": "#front" },
				"west": { "uv": [ 7, 13, 14, 14 ], "texture": "#front" }
			}
		},
		{
			"__comment": "Cube1",
			"from": [ 7, 3, 14 ],
			"to": [ 14, 4, 15 ],
			"faces": {
				"down": { "uv": [ 9, 13.5, 10, 15.5 ], "texture": "#front" },
				"south": { "uv": [ 7, 12, 14, 13 ], "texture": "#front" }
			}
		},
		{
			"__comment": "Cube1",
			"from": [ 4, 17, 4 ],
			"to": [ 12, 17.5, 12 ],
			"faces": {
				"up": { "uv": [ 4, 4, 12, 12 ], "texture": "#cd", "cullface": "up" },
				"north": { "uv": [ 4, 4, 12, 5 ], "texture": "#cd", "cullface": "up" },
				"south": { "uv": [ 4, 4, 12, 5 ], "texture": "#cd", "cullface": "up" },
				"west": { "uv": [ 4, 4, 12, 5 ], "texture": "#cd", "cullface": "up" },
				"east": { "uv": [ 4, 4, 12, 5 ], "texture": "#cd", "cullface": "up" }
			}
		},
		{
			"__comment": "Cube1",
			"from": [ 12, 17, 5 ],
			"to": [ 13, 17.5, 11 ],
			"faces": {
				"up": { "uv": [ 5, 3, 11, 4 ], "texture": "#cd", "cullface": "up" },
				"north": { "uv": [ 5, 3, 11, 4 ], "texture": "#cd", "cullface": "up" },
				"south": { "uv": [ 5, 3, 11, 4 ], "texture": "#cd", "cullface": "up" },
				"east": { "uv": [ 5, 3, 11, 4 ], "texture": "#cd", "cullface": "up" }
			}
		},
		{
			"__comment": "Cube1",
			"from": [ 5, 17, 3 ],
			"to": [ 11, 17.5, 4 ],
			"faces": {
				"up": { "uv": [ 5, 3, 11, 4 ], "texture": "#cd", "cullface": "up" },
				"north": { "uv": [ 5, 3, 11, 4 ], "texture": "#cd", "cullface": "up" },
				"west": { "uv": [ 5, 3, 11, 4 ], "texture": "#cd", "cullface": "up" },
				"east": { "uv": [ 5, 3, 11, 4 ], "texture": "#cd", "cullface": "up" }
			}
		},
		{
			"__comment": "Cube1",
			"from": [ 3, 17, 5 ],
			"to": [ 4, 17.5, 11 ],
			"faces": {
				"up": { "uv": [ 5, 3, 11, 4 ], "texture": "#cd", "cullface": "up" },
				"north": { "uv": [ 5, 3, 11, 4 ], "texture": "#cd", "cullface": "up" },
				"south": { "uv": [ 5, 3, 11, 4 ], "texture": "#cd", "cullface": "up" },
				"west": { "uv": [ 5, 3, 11, 4 ], "texture": "#cd", "cullface": "up" }
			}
		},
		{
			"__comment": "Cube1",
			"from": [ 5, 17.5, 5.5 ],
			"to": [ 5.5, 18, 6 ],
			"rotation": { "origin": [ 5, 17.5, 5.5 ], "axis": "y", "angle": -22.5 },
			"faces": {
				"up": { "uv": [ 2, 5.5, 2.5, 12 ], "texture": "#front", "cullface": "up" },
				"north": { "uv": [ 9, 2, 10, 3 ], "texture": "#front", "cullface": "up" },
				"south": { "uv": [ 9, 2, 10, 3 ], "texture": "#front", "cullface": "up" },
				"west": { "uv": [ 9, 2, 10, 3 ], "texture": "#front", "cullface": "up" },
				"east": { "uv": [ 6, 2, 7, 3 ], "texture": "#front", "cullface": "up" }
			}
		},
		{
			"__comment": "Cube1",
			"from": [ 14, 0, 0 ],
			"to": [ 16, 16, 2 ],
			"faces": {
				"down": { "uv": [ 14, 14, 16, 16 ], "texture": "#texture", "cullface": "down" },
				"up": { "uv": [ 14, 0, 16, 2 ], "texture": "#top", "cullface": "up" },
				"north": { "uv": [ 0, 0, 2, 16 ], "texture": "#front", "cullface": "north" },
				"south": { "uv": [ 1, 5, 2, 15 ], "texture": "#front" },
				"west": { "uv": [ 1, 5, 2, 15 ], "texture": "#front" },
				"east": { "uv": [ 14, 0, 16, 16 ], "texture": "#front", "cullface": "east" }
			}
		},
		{
			"__comment": "Cube1",
			"from": [ 14, 11, 2 ],
			"to": [ 16, 16, 14 ],
			"faces": {
				"down": { "uv": [ 2, 13, 14, 14 ], "texture": "#texture" },
				"up": { "uv": [ 14, 2, 16, 14 ], "texture": "#top", "cullface": "up" },
				"west": { "uv": [ 1, 0, 15, 5 ], "texture": "#front" },
				"east": { "uv": [ 1, 0, 15, 5 ], "texture": "#front", "cullface": "east" }
			}
		},
		{
			"__comment": "Cube1",
			"from": [ 2, 0, 0 ],
			"to": [ 14, 1, 2 ],
			"faces": {
				"down": { "uv": [ 2, 14, 14, 16 ], "texture": "#texture", "cullface": "down" },
				"up": { "uv": [ 2, 0, 14, 1 ], "texture": "#top" },
				"north": { "uv": [ 2, 15, 14, 16 ], "texture": "#front", "cullface": "north" }
			}
		},
		{
			"__comment": "Cube1",
			"from": [ 2, 0, 14 ],
			"to": [ 14, 1, 16 ],
			"faces": {
				"down": { "uv": [ 2, 14, 14, 16 ], "texture": "#texture", "cullface": "down" },
				"up": { "uv": [ 2, 0, 14, 1 ], "texture": "#top" },
				"south": { "uv": [ 3, 15, 13, 16 ], "texture": "#side", "cullface": "south" }
			}
		},
		{
			"__comment": "Cube1",
			"from": [ 2, 0, 2 ],
			"to": [ 14, 11, 14 ],
			"faces": {
				"down": { "uv": [ 2, 2, 14, 14 ], "texture": "#texture", "cullface": "down" },
				"up": { "uv": [ 2, 0, 14, 1 ], "texture": "#top" },
				"north": { "uv": [ 2, 5, 14, 16 ], "texture": "#front" },
				"south": { "uv": [ 2, 5, 14, 16 ], "texture": "#front" },
				"west": { "uv": [ 2, 5, 14, 16 ], "texture": "#front" },
				"east": { "uv": [ 2, 5, 14, 16 ], "texture": "#front" }
			}
		},
		{
			"__comment": "Cube1",
			"from": [ 0, 0, 0 ],
			"to": [ 2, 16, 2 ],
			"faces": {
				"down": { "uv": [ 0, 14, 2, 16 ], "texture": "#texture", "cullface": "down" },
				"up": { "uv": [ 0, 0, 2, 2 ], "texture": "#top", "cullface": "up" },
				"north": { "uv": [ 14, 0, 16, 16 ], "texture": "#front", "cullface": "north" },
				"south": { "uv": [ 1, 5, 2, 15 ], "texture": "#front" },
				"west": { "uv": [ 0, 0, 2, 16 ], "texture": "#front", "cullface": "west" },
				"east": { "uv": [ 1, 5, 2, 15 ], "texture": "#front" }
			}
		},
		{
			"__comment": "Cube1",
			"from": [ 0, 0, 14 ],
			"to": [ 2, 16, 16 ],
			"faces": {
				"down": { "uv": [ 0, 14, 2, 16 ], "texture": "#texture", "cullface": "down" },
				"up": { "uv": [ 0, 14, 2, 16 ], "texture": "#top", "cullface": "up" },
				"north": { "uv": [ 1, 5, 2, 15 ], "texture": "#front" },
				"south": { "uv": [ 0, 0, 2, 16 ], "texture": "#front", "cullface": "south" },
				"west": { "uv": [ 14, 0, 16, 16 ], "texture": "#front", "cullface": "west" },
				"east": { "uv": [ 1, 5, 2, 15 ], "texture": "#front" }
			}
		},
		{
			"__comment": "Cube1",
			"from": [ 2, 11, 0 ],
			"to": [ 14, 16, 2 ],
			"faces": {
				"down": { "uv": [ 2, 13, 14, 14 ], "texture": "#texture" },
				"up": { "uv": [ 2, 0, 14, 2 ], "texture": "#top", "cullface": "up" },
				"north": { "uv": [ 2, 0, 14, 5 ], "texture": "#front", "cullface": "north" },
				"south": { "uv": [ 2, 0, 14, 4 ], "texture": "#side" }
			}
		},
		{
			"__comment": "Cube1",
			"from": [ 2, 11, 14 ],
			"to": [ 14, 16, 16 ],
			"faces": {
				"down": { "uv": [ 2, 13, 14, 14 ], "texture": "#texture" },
				"up": { "uv": [ 2, 14, 14, 16 ], "texture": "#top", "cullface": "up" },
				"north": { "uv": [ 2, 0, 14, 5 ], "texture": "#front" },
				"south": { "uv": [ 2, 0, 14, 5 ], "texture": "#front", "cullface": "south" }
			}
		},
		{
			"__comment": "Cube1",
			"from": [ 0, 11, 2 ],
			"to": [ 2, 16, 14 ],
			"faces": {
				"down": { "uv": [ 2, 13, 14, 14 ], "texture": "#texture" },
				"up": { "uv": [ 0, 2, 2, 14 ], "texture": "#top", "cullface": "up" },
				"west": { "uv": [ 1, 0, 15, 5 ], "texture": "#front", "cullface": "west" },
				"east": { "uv": [ 14, 0, 16, 4 ], "texture": "#front" }
			}
		},
		{
			"__comment": "Cube1",
			"from": [ 0, 0, 2 ],
			"to": [ 2, 1, 14 ],
			"faces": {
				"down": { "uv": [ 2, 14, 14, 16 ], "texture": "#texture", "cullface": "down" },
				"up": { "uv": [ 2, 0, 14, 1 ], "texture": "#top", "rotation": 90 },
				"west": { "uv": [ 3, 15, 13, 16 ], "texture": "#side", "cullface": "west" }
			}
		},
		{
			"__comment": "Cube1",
			"from": [ 13, 1, 1 ],
			"to": [ 14, 9, 2 ],
			"faces": {
				"up": { "uv": [ 2, 7, 3, 8 ], "texture": "#front" },
				"north": { "uv": [ 2, 7, 3, 15 ], "texture": "#front" },
				"west": { "uv": [ 2, 7, 3, 15 ], "texture": "#front" }
			}
		},
		{
			"__comment": "Cube1",
			"from": [ 10, 1, 1.5 ],
			"to": [ 11, 9, 3.5 ],
			"faces": {
				"down": { "uv": [ 10, 12.5, 11, 14.5 ], "texture": "#front" },
				"up": { "uv": [ 5, 7, 6, 8 ], "texture": "#front" },
				"north": { "uv": [ 5, 7, 6, 15 ], "texture": "#front" },
				"west": { "uv": [ 1.5, 7, 3.5, 16 ], "texture": "#front" },
				"east": { "uv": [ 5, 7, 6, 15 ], "texture": "#front" }
			}
		},
		{
			"__comment": "Cube1",
			"from": [ 9, 1, 0.5 ],
			"to": [ 10, 9, 2.5 ],
			"faces": {
				"down": { "uv": [ 9, 13.5, 10, 15.5 ], "texture": "#front" },
				"up": { "uv": [ 6, 7, 7, 8 ], "texture": "#front" },
				"north": { "uv": [ 6, 7, 7, 15 ], "texture": "#front" },
				"west": { "uv": [ 6, 7, 7, 15 ], "texture": "#front" },
				"east": { "uv": [ 6, 7, 7, 15 ], "texture": "#front" }
			}
		},
		{
			"__comment": "Cube1",
			"from": [ 2, 1, 0.5 ],
			"to": [ 9, 2, 2.5 ],
			"faces": {
				"up": { "uv": [ 7, 14, 14, 15 ], "texture": "#front" },
				"north": { "uv": [ 7, 14, 14, 15 ], "texture": "#front", "cullface": "north", "rotation": 90 },
				"east": { "uv": [ 6, 7, 7, 15 ], "texture": "#front" }
			}
		},
		{
			"__comment": "Cube1",
			"from": [ 2, 2, 1 ],
			"to": [ 9, 3, 2 ],
			"faces": {
				"north": { "uv": [ 7, 13, 14, 14 ], "texture": "#front", "rotation": 90 }
			}
		},
		{
			"__comment": "Cube1",
			"from": [ 2, 3, 0.5 ],
			"to": [ 9, 4, 2 ],
			"faces": {
				"down": { "uv": [ 9, 13.5, 10, 15.5 ], "texture": "#front" },
				"up": { "uv": [ 7, 12, 14, 13 ], "texture": "#front" },
				"north": { "uv": [ 7, 12, 14, 13 ], "texture": "#front", "rotation": 90 }
			}
		},
		{
			"__comment": "Cube1",
			"from": [ 2, 4, 1.5 ],
			"to": [ 9, 5, 2 ],
			"faces": {
				"up": { "uv": [ 7, 11, 14, 12 ], "texture": "#front" },
				"north": { "uv": [ 7, 11, 14, 12 ], "texture": "#front" }
			}
		},
		{
			"__comment": "Cube1",
			"from": [ 5, 1, 14 ],
			"to": [ 6, 9, 16 ],
			"faces": {
				"up": { "uv": [ 5, 7, 6, 8 ], "texture": "#front" },
				"south": { "uv": [ 5, 7, 6, 15 ], "texture": "#front", "cullface": "south" },
				"west": { "uv": [ 5, 7, 6, 15 ], "texture": "#front" },
				"east": { "uv": [ 5, 7, 6, 15 ], "texture": "#front" }
			}
		},
		{
			"__comment": "Cube1",
			"from": [ 6, 1, 13.5 ],
			"to": [ 7, 9, 15.5 ],
			"faces": {
				"down": { "uv": [ 9, 13.5, 10, 15.5 ], "texture": "#front" },
				"up": { "uv": [ 6, 7, 7, 8 ], "texture": "#front" },
				"south": { "uv": [ 6, 7, 7, 15 ], "texture": "#front" },
				"west": { "uv": [ 6, 7, 7, 15 ], "texture": "#front" },
				"east": { "uv": [ 6, 7, 7, 15 ], "texture": "#front" }
			}
		},
		{
			"__comment": "Cube1",
			"from": [ 2, 1, 14 ],
			"to": [ 3, 9, 15 ],
			"faces": {
				"up": { "uv": [ 2, 7, 3, 8 ], "texture": "#front" },
				"south": { "uv": [ 2, 7, 3, 15 ], "texture": "#front" },
				"east": { "uv": [ 2, 7, 3, 15 ], "texture": "#front" }
			}
		},
		{
			"__comment": "Cube1",
			"from": [ 14, 1, 13 ],
			"to": [ 15, 9, 14 ],
			"faces": {
				"up": { "uv": [ 2, 7, 3, 8 ], "texture": "#front" },
				"north": { "uv": [ 2, 7, 3, 15 ], "texture": "#front" },
				"east": { "uv": [ 2, 7, 3, 15 ], "texture": "#front" }
			}
		},
		{
			"__comment": "Cube1",
			"from": [ 14, 1, 9 ],
			"to": [ 15.5, 9, 10 ],
			"faces": {
				"up": { "uv": [ 6, 7, 7, 8 ], "texture": "#front" },
				"north": { "uv": [ 6, 7, 7, 15 ], "texture": "#front" },
				"south": { "uv": [ 6, 7, 7, 15 ], "texture": "#front" },
				"east": { "uv": [ 6, 7, 7, 15 ], "texture": "#front" }
			}
		},
		{
			"__comment": "Cube1",
			"from": [ 14, 1, 10 ],
			"to": [ 15, 9, 11 ],
			"faces": {
				"up": { "uv": [ 5, 7, 6, 8 ], "texture": "#front" },
				"south": { "uv": [ 5, 7, 6, 15 ], "texture": "#front" },
				"east": { "uv": [ 5, 7, 6, 15 ], "texture": "#front" }
			}
		},
		{
			"__comment": "Cube1",
			"from": [ 7, 4, 14 ],
			"to": [ 14, 5, 15 ],
			"faces": {
				"up": { "uv": [ 7, 11, 14, 12 ], "texture": "#front" },
				"south": { "uv": [ 7, 11, 14, 12 ], "texture": "#front" }
			}
		},
		{
			"__comment": "Cube1",
			"from": [ 7, 1, 14 ],
			"to": [ 14, 2, 15.5 ],
			"faces": {
				"up": { "uv": [ 7, 14, 14, 15 ], "texture": "#front" },
				"south": { "uv": [ 7, 14, 14, 15 ], "texture": "#front" }
			}
		},
		{
			"__comment": "Cube1",
			"from": [ 7, 2, 13.5 ],
			"to": [ 14, 3, 14.5 ],
			"faces": {
				"down": { "uv": [ 9, 13.5, 10, 15.5 ], "texture": "#front" },
				"up": { "uv": [ 7, 13, 14, 14 ], "texture": "#front" },
				"south": { "uv": [ 7, 13, 14, 14 ], "texture": "#front" },
				"east": { "uv": [ 6, 7, 7, 15 ], "texture": "#front" }
			}
		},
		{
			"__comment": "Cube1",
			"from": [ 14, 4, 2 ],
			"to": [ 14.5, 5, 9 ],
			"faces": {
				"down": { "uv": [ 9, 13.5, 10, 15.5 ], "texture": "#front" },
				"up": { "uv": [ 7, 11, 14, 12 ], "texture": "#front" },
				"east": { "uv": [ 7, 11, 14, 12 ], "texture": "#front" }
			}
		},
		{
			"__comment": "Cube1",
			"from": [ 14, 2, 2 ],
			"to": [ 15, 3, 9 ],
			"faces": {
				"up": { "uv": [ 7, 13, 14, 14 ], "texture": "#front" },
				"east": { "uv": [ 7, 13, 14, 14 ], "texture": "#front" }
			}
		},
		{
			"__comment": "Cube1",
			"from": [ 14, 1, 2 ],
			"to": [ 15.5, 2, 9 ],
			"faces": {
				"down": { "uv": [ 9, 13.5, 10, 15.5 ], "texture": "#front" },
				"up": { "uv": [ 7, 14, 14, 15 ], "texture": "#front" },
				"east": { "uv": [ 7, 14, 14, 15 ], "texture": "#front" }
			}
		}
	],
	"display": {
		"thirdperson_righthand": {
			"rotation":  [ 45, 0, 0 ],
			"scale":  [ 0.5, 0.5, 0.5 ]
		},
		"thirdperson_lefthand": {
			"rotation":  [ 45, 0, 0 ],
			"scale":  [ 0.5, 0.5, 0.5 ]
		},
		"firstperson_righthand": {
			"scale":  [ 0.5, 0.5, 0.5 ]
		},
		"firstperson_lefthand": {
			"scale":  [ 0.5, 0.5, 0.5 ]
		},
		"gui": {
			"rotation":  [ 14, 162, 0 ],
			"scale":  [ 0.5, 0.5, 0.5 ]
		},
		"head": {
			"translation":  [ 0, 1, 0 ],
			"scale":  [ 0.8, 0.8, 0.8 ]
		},
		"ground": {
			"translation":  [ 0, 2.7826, 0 ],
			"scale":  [ 0.5, 0.5, 0.5 ]
		},
		"fixed": {
			"translation":  [ 0, 0, 10.434 ],
			"scale":  [ 1.5, 1.5, 1.5 ]
		}
	}
}