{
	"__comment": "Designed by Galingueur with Cubik Studio - https://cubik.studio",
	"textures": {
		"particle": "block/m_fence_dark_oak",
		"texture": "block/m_fence_dark_oak",
		"texture1": "block/m_fence_dark_oak_top"
	},
	"elements": [
		{
			"__comment": "Cube1",
			"from": [ 7, 17, 7 ],
			"to": [ 9, 19.75, 9 ],
			"faces": {
				"down": { "uv": [ 7, 1, 9, 3 ], "texture": "#texture1" },
				"up": { "uv": [ 7, 1, 9, 3 ], "texture": "#texture1" },
				"north": { "uv": [ 6, 6, 7, 8 ], "texture": "#texture" },
				"south": { "uv": [ 9, 9, 10, 11 ], "texture": "#texture" },
				"west": { "uv": [ 6, 3, 7, 5 ], "texture": "#texture" },
				"east": { "uv": [ 9, 2, 10, 4 ], "texture": "#texture" }
			}
		},
		{
			"__comment": "Cube1",
			"from": [ 6, 0, 6 ],
			"to": [ 10, 17, 10 ],
			"faces": {
				"down": { "uv": [ 6, 6, 10, 10 ], "texture": "#texture1" },
				"up": { "uv": [ 6, 0, 10, 4 ], "texture": "#texture1" },
				"north": { "uv": [ 6, 0, 10, 13 ], "texture": "#texture" },
				"south": { "uv": [ 6, 0, 10, 13 ], "texture": "#texture" },
				"west": { "uv": [ 6, 0, 10, 13 ], "texture": "#texture" },
				"east": { "uv": [ 6, 0, 10, 13 ], "texture": "#texture" }
			}
		}
	]
}