{
	"__comment": "Designed by Galingueur with Cubik Studio - https://cubik.studio",
	"textures": {
		"particle": "block/rail_normal",
		"rail": "block/rail_normal"
	},
	"elements": [
		{
			"from": [ 6, 16, 0 ],
			"to": [ 10, 17, 24 ],
			"rotation": { "origin": [ 6, 17, 0 ], "axis": "x", "angle": 45 },
			"faces": {
				"down": { "uv": [ 10, 16, 6, 0 ], "texture": "#rail" },
				"up": { "uv": [ 6, 0, 10, 16 ], "texture": "#rail" },
				"north": { "uv": [ 6, 15, 10, 16 ], "texture": "#rail" },
				"south": { "uv": [ 6, 15, 10, 16 ], "texture": "#rail" },
				"west": { "uv": [ 6, 0, 7, 16 ], "texture": "#rail", "rotation": 270 },
				"east": { "uv": [ 6, 0, 7, 16 ], "texture": "#rail", "rotation": 90 }
			}
		}
	]
}