{
	"credit": "Made with Blockbench",
	"textures": {
		"particle": "block/m_light",
		"texture": "block/m_light"
	},
	"elements": [
		{
			"name": "Box2",
			"from": [5, 0, 5],
			"to": [11, 5, 11],
			"faces": {
				"north": {"uv": [8, 10, 2, 5], "rotation": 180, "texture": "#texture"},
				"east": {"uv": [2, 5, 8, 10], "texture": "#texture"},
				"south": {"uv": [2, 10, 8, 5], "rotation": 180, "texture": "#texture"},
				"west": {"uv": [2, 5, 8, 10], "texture": "#texture"},
				"up": {"uv": [2, 0, 8, 6], "rotation": 180, "texture": "#texture"},
				"down": {"uv": [2, 0, 8, 6], "rotation": 180, "texture": "#texture"}
			}
		}
	],
	"display": {
		"thirdperson_righthand": {
			"rotation": [91, 0, 0],
			"translation": [0, 0.6956, 0],
			"scale": [0.85, 0.85, 0.85]
		},
		"thirdperson_lefthand": {
			"rotation": [91, 0, 0],
			"translation": [0, 0.6956, 0],
			"scale": [0.85, 0.85, 0.85]
		},
		"firstperson_righthand": {
			"rotation": [45, 15, 0],
			"translation": [1.13, 3.2, 1.13],
			"scale": [0.7, 1, 0.7]
		},
		"firstperson_lefthand": {
			"rotation": [45, 15, 0],
			"translation": [1.13, 3.2, 1.13],
			"scale": [0.7, 1, 0.7]
		},
		"ground": {
			"translation": [0, 2, 0],
			"scale": [0.5, 0.5, 0.5]
		},
		"gui": {
			"rotation": [30, 225, 0],
			"scale": [1.5, 1.5, 1.5]
		},
		"fixed": {
			"rotation": [0, 90, 0],
			"scale": [4, 4, 4]
		}
	}
}