{
	"__comment": "Designed by Galingueur with Cubik Studio - https://cubik.studio",
	"textures": {
		"texture": "block/m_light",
		"particle": "block/m_light"
	},
	"elements": [
		{
			"__comment": "Box2",
			"from": [ 5, 0, 5 ],
			"to": [ 11, 5, 11 ],
			"faces": {
				"down": { "uv": [ 2, 0, 8, 6 ], "texture": "#texture", "rotation": 180 },
				"up": { "uv": [ 2, 0, 8, 6 ], "texture": "#texture", "rotation": 180 },
				"north": { "uv": [ 2, 10, 8, 15 ], "texture": "#texture" },
				"south": { "uv": [ 2, 10, 8, 15 ], "texture": "#texture" },
				"west": { "uv": [ 2, 10, 8, 15 ], "texture": "#texture" },
				"east": { "uv": [ 2, 10, 8, 15 ], "texture": "#texture" }
			}
		}
	],
	"display": {
		"thirdperson_righthand": {
			"rotation":  [ 96, 0, 0 ],
			"translation":  [ 0, 0, 4.8695 ],
			"scale":  [ 0.85, 0.85, 0.85 ]
		},
		"thirdperson_lefthand": {
			"rotation":  [ 96, 0, 0 ],
			"translation":  [ 0, 0, 4.8695 ],
			"scale":  [ 0.85, 0.85, 0.85 ]
		},
		"firstperson_righthand": {
			"rotation":  [ -6, 22, 9 ],
			"translation":  [ -0.261, 6.2608, 1.13 ],
			"scale":  [ 0.6, 0.6, 0.6 ]
		},
		"firstperson_lefthand": {
			"rotation":  [ -6, 22, 9 ],
			"translation":  [ -0.261, 6.2608, 1.13 ],
			"scale":  [ 0.6, 0.6, 0.6 ]
		},
		"gui": {
			"rotation":  [ 30, 136, 0 ],
			"translation":  [ 0, 6.2608, 0 ],
			"scale":  [ 1.3, 1.3, 1.3 ]
		},
		"ground": {
			"translation":  [ 0, 2, 0 ],
			"scale":  [ 0.5, 0.5, 0.5 ]
		},
		"fixed": {
			"rotation":  [ -90, 0, 0 ],
			"translation":  [ 0, 0, -20.85 ],
			"scale":  [ 3, 3, 3 ]
		}
	}
}