{
	"__comment": "Designed by Galingueur with Cubik Studio - https://cubik.studio",
	"textures": {
		"texture": "block/m_light",
		"particle": "block/m_light"
	},
	"elements": [
		{
			"__comment": "Box2",
			"from": [ 0, 6.5, 4 ],
			"to": [ 2, 9.5, 12 ],
			"faces": {
				"down": { "uv": [ 8, 8, 9.999999, 16 ], "texture": "#texture", "rotation": 180 },
				"up": { "uv": [ 8, 8, 9.999999, 16 ], "texture": "#texture", "rotation": 180 },
				"north": { "uv": [ 2, 16, 0, 13 ], "texture": "#texture" },
				"south": { "uv": [ 0, 16, 2, 13 ], "texture": "#texture" },
				"west": { "uv": [ 8, 8, 11, 16 ], "texture": "#texture", "rotation": 270 },
				"east": { "uv": [ 8, 8, 11, 16 ], "texture": "#texture", "rotation": 270 }
			}
		}
	],
	"display": {
		"thirdperson_righthand": {
			"rotation":  [ 91, 0, 0 ],
			"translation":  [ 0, 0.6956, 0 ],
			"scale":  [ 0.85, 0.85, 0.85 ]
		},
		"thirdperson_lefthand": {
			"rotation":  [ 91, 0, 0 ],
			"translation":  [ 0, 0.6956, 0 ],
			"scale":  [ 0.85, 0.85, 0.85 ]
		},
		"firstperson_righthand": {
			"rotation":  [ 45, 15, 0 ],
			"translation":  [ 1.13, 3.2, 1.13 ],
			"scale":  [ 0.7, 1, 0.7 ]
		},
		"firstperson_lefthand": {
			"rotation":  [ 45, 15, 0 ],
			"translation":  [ 1.13, 3.2, 1.13 ],
			"scale":  [ 0.7, 1, 0.7 ]
		},
		"gui": {
			"rotation":  [ 30, 225, 0 ],
			"scale":  [ 1.5, 1.5, 1.5 ]
		},
		"ground": {
			"translation":  [ 0, 2, 0 ],
			"scale":  [ 0.5, 0.5, 0.5 ]
		},
		"fixed": {
			"rotation":  [ 0, 90, 0 ],
			"scale":  [ 4, 4, 4 ]
		}
	}
}