{
	"__comment": "Designed by Galingueur with Cubik Studio - https://cubik.studio",
	"textures": {
		"particle": "block/m_fence_spruce",
		"texture": "block/m_fence_spruce"
	},
	"elements": [
		{
			"__comment": "Cube1",
			"from": [ 9, 0, 7 ],
			"to": [ 9.5, 17, 9 ],
			"faces": {
				"down": { "uv": [ 3.5, 14, 4, 16 ], "texture": "#texture" },
				"up": { "uv": [ 3.5, 13, 4, 15 ], "texture": "#texture" },
				"north": { "uv": [ 15.5, 0, 16, 16 ], "texture": "#texture" },
				"south": { "uv": [ 15.5, 0, 16, 16 ], "texture": "#texture" },
				"west": { "uv": [ 13.5, 0, 15.5, 16 ], "texture": "#texture" },
				"east": { "uv": [ 13.5, 0, 15.5, 16 ], "texture": "#texture" }
			}
		},
		{
			"__comment": "Cube1",
			"from": [ 7, 0, 6.5 ],
			"to": [ 9, 17, 9.5 ],
			"faces": {
				"down": { "uv": [ 1, 12, 3, 15 ], "texture": "#texture" },
				"up": { "uv": [ 0, 12, 2, 15 ], "texture": "#texture" },
				"north": { "uv": [ 13.5, 0, 15.5, 16 ], "texture": "#texture" },
				"south": { "uv": [ 13.5, 0, 15.5, 16 ], "texture": "#texture" },
				"west": { "uv": [ 13, 0, 16, 16 ], "texture": "#texture" },
				"east": { "uv": [ 13, 0, 16, 16 ], "texture": "#texture" }
			}
		},
		{
			"__comment": "Cube4",
			"from": [ 7, 17, 7 ],
			"to": [ 9, 17.5, 9 ],
			"faces": {
				"down": { "uv": [ 0, 12, 2, 14 ], "texture": "#texture" },
				"up": { "uv": [ 0, 12, 2, 14 ], "texture": "#texture" },
				"north": { "uv": [ 0, 12.5, 2, 13 ], "texture": "#texture" },
				"south": { "uv": [ 0, 13, 2, 13.5 ], "texture": "#texture" },
				"west": { "uv": [ 0, 12.5, 2, 13 ], "texture": "#texture" },
				"east": { "uv": [ 0, 12, 2, 12.5 ], "texture": "#texture" }
			}
		},
		{
			"__comment": "Cube1",
			"from": [ 6.5, 0, 7 ],
			"to": [ 7, 17, 9 ],
			"faces": {
				"down": { "uv": [ 3.5, 14, 4, 16 ], "texture": "#texture" },
				"up": { "uv": [ 3.5, 13, 4, 15 ], "texture": "#texture" },
				"north": { "uv": [ 15.5, 0, 16, 16 ], "texture": "#texture" },
				"south": { "uv": [ 15.5, 0, 16, 16 ], "texture": "#texture" },
				"west": { "uv": [ 13.5, 0, 15.5, 16 ], "texture": "#texture" },
				"east": { "uv": [ 13.5, 0, 15.5, 16 ], "texture": "#texture" }
			}
		},
		{
			"__comment": "Cube4",
			"from": [ 7, 16, 0 ],
			"to": [ 9, 17, 6.5 ],
			"faces": {
				"down": { "uv": [ 0, 0, 2, 6 ], "texture": "#texture" },
				"up": { "uv": [ 0, 0, 2, 6 ], "texture": "#texture" },
				"north": { "uv": [ 7, 1.5, 10, 2.5 ], "texture": "#texture" },
				"south": { "uv": [ 7, 1.5, 10, 2.5 ], "texture": "#texture" },
				"west": { "uv": [ 0, 0, 1, 6 ], "texture": "#texture", "rotation": 270 },
				"east": { "uv": [ 0, 0, 1, 6 ], "texture": "#texture", "rotation": 270 }
			}
		},
		{
			"__comment": "Cube1",
			"from": [ 7.5, 0, 0 ],
			"to": [ 8.5, 16, 1 ],
			"faces": {
				"down": { "uv": [ 11, 15.5, 12, 16 ], "texture": "#texture" },
				"up": { "uv": [ 11, 0, 12, 0.5 ], "texture": "#texture" },
				"north": { "uv": [ 8, 0, 9, 16 ], "texture": "#texture" },
				"south": { "uv": [ 8, 0, 9, 16 ], "texture": "#texture" },
				"west": { "uv": [ 8, 0, 8.5, 16 ], "texture": "#texture" },
				"east": { "uv": [ 8, 0, 8.5, 16 ], "texture": "#texture" }
			}
		},
		{
			"__comment": "Cube4",
			"from": [ 7.25, -0.115, 0.76 ],
			"to": [ 8.75, 17.385, 2.26 ],
			"rotation": { "origin": [ 7.25, 16.25, 3.5 ], "axis": "x", "angle": -22.5 },
			"faces": {
				"down": { "uv": [ 9, 0, 10, 16 ], "texture": "#texture" },
				"up": { "uv": [ 10, 16, 9, 0 ], "texture": "#texture" },
				"north": { "uv": [ 9, 0, 10, 16 ], "texture": "#texture" },
				"south": { "uv": [ 9, 0, 10, 16 ], "texture": "#texture" },
				"west": { "uv": [ 8, 0, 9, 16 ], "texture": "#texture" },
				"east": { "uv": [ 8, 0, 9, 16 ], "texture": "#texture" }
			}
		},
		{
			"__comment": "Cube4",
			"from": [ 9, 0, 7.5 ],
			"to": [ 15, 0.5, 8.5 ],
			"faces": {
				"down": { "uv": [ 0, 0, 1, 6 ], "texture": "#texture", "rotation": 90 },
				"up": { "uv": [ 0, 0, 1, 6 ], "texture": "#texture", "rotation": 90 },
				"north": { "uv": [ 0, 0, 1, 6 ], "texture": "#texture", "rotation": 270 },
				"south": { "uv": [ 0, 0, 1, 6 ], "texture": "#texture", "rotation": 270 },
				"west": { "uv": [ 7, 1.5, 8, 2.5 ], "texture": "#texture" },
				"east": { "uv": [ 7, 1.5, 8, 2.5 ], "texture": "#texture" }
			}
		},
		{
			"__comment": "Cube1",
			"from": [ 15, 0, 7.5 ],
			"to": [ 16, 16, 8.5 ],
			"faces": {
				"down": { "uv": [ 11, 15.5, 12, 16 ], "texture": "#texture", "rotation": 270 },
				"up": { "uv": [ 11, 0, 12, 0.5 ], "texture": "#texture", "rotation": 90 },
				"north": { "uv": [ 8, 0, 8.5, 16 ], "texture": "#texture" },
				"south": { "uv": [ 8, 0, 8.5, 16 ], "texture": "#texture" },
				"west": { "uv": [ 8, 0, 9, 16 ], "texture": "#texture" },
				"east": { "uv": [ 8, 0, 9, 16 ], "texture": "#texture" }
			}
		},
		{
			"__comment": "Cube4",
			"from": [ 13.597, -1.5386, 7.4315 ],
			"to": [ 15.097, 15.7114, 8.931499 ],
			"rotation": { "origin": [ 16.25, 15.25, 13 ], "axis": "z", "angle": -22.5 },
			"faces": {
				"down": { "uv": [ 9, 0, 10, 16 ], "texture": "#texture" },
				"up": { "uv": [ 10, 16, 9, 0 ], "texture": "#texture" },
				"north": { "uv": [ 9, 16, 8, 0 ], "texture": "#texture", "rotation": 180 },
				"south": { "uv": [ 8, 0, 9, 16 ], "texture": "#texture" },
				"west": { "uv": [ 9, 0, 10, 16 ], "texture": "#texture" },
				"east": { "uv": [ 9, 0, 10, 16 ], "texture": "#texture" }
			}
		},
		{
			"__comment": "Cube4",
			"from": [ 7.5, 0, 1 ],
			"to": [ 8.5, 0.5, 6.5 ],
			"faces": {
				"down": { "uv": [ 0, 0, 1, 6 ], "texture": "#texture" },
				"up": { "uv": [ 0, 0, 1, 6 ], "texture": "#texture" },
				"north": { "uv": [ 7, 1.5, 8, 2.5 ], "texture": "#texture" },
				"south": { "uv": [ 7, 1.5, 8, 2.5 ], "texture": "#texture" },
				"west": { "uv": [ 0, 0, 1, 6 ], "texture": "#texture", "rotation": 270 },
				"east": { "uv": [ 0, 0, 1, 6 ], "texture": "#texture", "rotation": 270 }
			}
		},
		{
			"__comment": "Cube4",
			"from": [ 9.5, 16, 7 ],
			"to": [ 16, 17, 9 ],
			"faces": {
				"down": { "uv": [ 0, 0, 2, 6 ], "texture": "#texture", "rotation": 90 },
				"up": { "uv": [ 0, 0, 2, 6 ], "texture": "#texture", "rotation": 270 },
				"north": { "uv": [ 0, 0, 1, 6 ], "texture": "#texture", "rotation": 270 },
				"south": { "uv": [ 0, 0, 1, 6 ], "texture": "#texture", "rotation": 270 },
				"west": { "uv": [ 7, 1.5, 10, 2.5 ], "texture": "#texture" },
				"east": { "uv": [ 7, 1.5, 10, 2.5 ], "texture": "#texture" }
			}
		}
	]
}