{
	"__comment": "Designed by Galingueur with Cubik Studio - https://cubik.studio",
	"textures": {
		"texture": "block/m_light",
		"particle": "block/m_light"
	},
	"elements": [ 	 
		{
			"__comment": "Box2",
			"from": [ 6, 0, 6 ],
			"to": [ 10, 8, 10 ],
			"faces": {
				"down": { "uv": [ 12, 0, 16, 4 ], "texture": "#texture", "cullface": "down", "rotation": 270 },
				"up": { "uv": [ 12, 0, 16, 4 ], "texture": "#texture", "rotation": 90 },
				"north": { "uv": [ 12, 8, 16, 16 ], "texture": "#texture" },
				"south": { "uv": [ 12, 8, 16, 16 ], "texture": "#texture" },
				"west": { "uv": [ 16, 8, 12, 16 ], "texture": "#texture" },
				"east": { "uv": [ 16, 8, 12, 16 ], "texture": "#texture" }
			}
		}
	],
	"display": {
		"thirdperson_righthand": {
			"rotation":  [ 7, 0, 0 ],
			"translation":  [ 0.0002, 4.1739, 0 ],
			"scale":  [ 0.85, 0.85, 0.85 ]
		},
		"thirdperson_lefthand": {
			"rotation":  [ 7, 0, 0 ],
			"translation":  [ 0.0002, 4.1739, 0 ],
			"scale":  [ 0.85, 0.85, 0.85 ]
		},
		"firstperson_righthand": {
			"rotation":  [ -25, 15, 0 ],
			"translation":  [ -1.652, 5.2869, 1.13 ],
			"scale":  [ 0.7, 1, 0.7 ]
		},
		"firstperson_lefthand": {
			"rotation":  [ -25, 15, 0 ],
			"translation":  [ -1.652, 5.2869, 1.13 ],
			"scale":  [ 0.7, 1, 0.7 ]
		},
		"gui": {
			"rotation":  [ 30, 225, 0 ],
			"translation":  [ 0, 1.3913, 0 ]
		},
		"ground": {
			"translation":  [ 0, 2, 0 ],
			"scale":  [ 0.5, 0.5, 0.5 ]
		},
		"fixed": {
			"rotation":  [ -90, -90, 0 ],
			"translation":  [ 0, -1.391, -21.56 ],
			"scale":  [ 3, 3, 3 ]
		}
	}
}