{
	"__comment": "Designed by Galingueur with Cubik Studio - https://cubik.studio",
	"textures": {
		"particle": "block/m_mosswall_side",
		"texture": "block/m_mosswall_side"
	},
	"elements": [
		{
			"__comment": "Cube1",
			"from": [ 6.5, 0, 0 ],
			"to": [ 9.5, 16, 8 ],
			"faces": {
				"down": { "uv": [ 8, 8, 16, 16 ], "texture": "#texture", "rotation": 180 },
				"up": { "uv": [ 2, 8, 5, 16 ], "texture": "#texture", "rotation": 180 },
				"north": { "uv": [ 8, 0, 11, 16 ], "texture": "#texture" },
				"south": { "uv": [ 8, 0, 11, 16 ], "texture": "#texture" },
				"west": { "uv": [ 16, 0, 8, 16 ], "texture": "#texture" },
				"east": { "uv": [ 8, 0, 16, 16 ], "texture": "#texture" }
			}
		},
		{
			"__comment": "Cube1",
			"from": [ 5, 12, 0 ],
			"to": [ 6.5, 16, 3 ],
			"faces": {
				"down": { "uv": [ 7, 13, 8, 16 ], "texture": "#texture", "rotation": 180 },
				"up": { "uv": [ 0, 13, 2, 16 ], "texture": "#texture", "rotation": 180 },
				"north": { "uv": [ 7, 6, 8, 10 ], "texture": "#texture" },
				"south": { "uv": [ 7, 6, 8, 10 ], "texture": "#texture" },
				"west": { "uv": [ 16, 0, 13, 4 ], "texture": "#texture" },
				"east": { "uv": [ 13, 0, 16, 4 ], "texture": "#texture" }
			}
		},
		{
			"__comment": "Cube1",
			"from": [ 5, 14, 3 ],
			"to": [ 6.5, 16, 8 ],
			"faces": {
				"down": { "uv": [ 7, 8, 8, 13 ], "texture": "#texture", "rotation": 180 },
				"up": { "uv": [ 0, 8, 2, 13 ], "texture": "#texture", "rotation": 180 },
				"north": { "uv": [ 8, 3, 9, 5 ], "texture": "#texture" },
				"south": { "uv": [ 8, 3, 9, 5 ], "texture": "#texture" },
				"west": { "uv": [ 8, 0, 13, 2 ], "texture": "#texture" },
				"east": { "uv": [ 8, 0, 13, 2 ], "texture": "#texture" }
			}
		},
		{
			"__comment": "Cube1",
			"from": [ 5, 0, 0 ],
			"to": [ 6.5, 4, 3 ],
			"faces": {
				"down": { "uv": [ 7, 13, 8, 16 ], "texture": "#texture", "rotation": 180 },
				"up": { "uv": [ 0, 13, 2, 16 ], "texture": "#texture", "rotation": 180 },
				"north": { "uv": [ 7, 6, 8, 10 ], "texture": "#texture" },
				"south": { "uv": [ 7, 6, 8, 10 ], "texture": "#texture" },
				"west": { "uv": [ 16, 12, 13, 16 ], "texture": "#texture" },
				"east": { "uv": [ 13, 12, 16, 16 ], "texture": "#texture" }
			}
		},
		{
			"__comment": "Cube1",
			"from": [ 5, 0, 3 ],
			"to": [ 6.5, 2, 8 ],
			"faces": {
				"down": { "uv": [ 7, 8, 8, 13 ], "texture": "#texture", "rotation": 180 },
				"up": { "uv": [ 0, 8, 2, 13 ], "texture": "#texture", "rotation": 180 },
				"north": { "uv": [ 8, 3, 9, 5 ], "texture": "#texture" },
				"south": { "uv": [ 8, 3, 9, 5 ], "texture": "#texture" },
				"west": { "uv": [ 8, 14, 13, 16 ], "texture": "#texture" },
				"east": { "uv": [ 8, 14, 13, 16 ], "texture": "#texture" }
			}
		},
		{
			"__comment": "Cube1",
			"from": [ 9.5, 14, 3 ],
			"to": [ 11, 16, 8 ],
			"faces": {
				"down": { "uv": [ 7, 8, 8, 13 ], "texture": "#texture", "rotation": 180 },
				"up": { "uv": [ 0, 8, 2, 13 ], "texture": "#texture", "rotation": 180 },
				"north": { "uv": [ 8, 3, 9, 5 ], "texture": "#texture" },
				"south": { "uv": [ 8, 3, 9, 5 ], "texture": "#texture" },
				"west": { "uv": [ 8, 0, 13, 2 ], "texture": "#texture" },
				"east": { "uv": [ 8, 0, 13, 2 ], "texture": "#texture" }
			}
		},
		{
			"__comment": "Cube1",
			"from": [ 9.5, 12, 0 ],
			"to": [ 11, 16, 3 ],
			"faces": {
				"down": { "uv": [ 7, 13, 8, 16 ], "texture": "#texture", "rotation": 180 },
				"up": { "uv": [ 0, 13, 2, 16 ], "texture": "#texture", "rotation": 180 },
				"north": { "uv": [ 7, 6, 8, 10 ], "texture": "#texture" },
				"south": { "uv": [ 7, 6, 8, 10 ], "texture": "#texture" },
				"west": { "uv": [ 16, 0, 13, 4 ], "texture": "#texture" },
				"east": { "uv": [ 13, 0, 16, 4 ], "texture": "#texture" }
			}
		},
		{
			"__comment": "Cube1",
			"from": [ 9.5, 0, 3 ],
			"to": [ 11, 2, 8 ],
			"faces": {
				"down": { "uv": [ 7, 8, 8, 13 ], "texture": "#texture", "rotation": 180 },
				"up": { "uv": [ 0, 8, 2, 13 ], "texture": "#texture", "rotation": 180 },
				"north": { "uv": [ 8, 3, 9, 5 ], "texture": "#texture" },
				"south": { "uv": [ 8, 3, 9, 5 ], "texture": "#texture" },
				"west": { "uv": [ 8, 14, 13, 16 ], "texture": "#texture" },
				"east": { "uv": [ 8, 14, 13, 16 ], "texture": "#texture" }
			}
		},
		{
			"__comment": "Cube1",
			"from": [ 9.5, 0, 0 ],
			"to": [ 11, 4, 3 ],
			"faces": {
				"down": { "uv": [ 7, 13, 8, 16 ], "texture": "#texture", "rotation": 180 },
				"up": { "uv": [ 0, 13, 2, 16 ], "texture": "#texture", "rotation": 180 },
				"north": { "uv": [ 7, 6, 8, 10 ], "texture": "#texture" },
				"south": { "uv": [ 7, 6, 8, 10 ], "texture": "#texture" },
				"west": { "uv": [ 16, 12, 13, 16 ], "texture": "#texture" },
				"east": { "uv": [ 13, 12, 16, 16 ], "texture": "#texture" }
			}
		}
	]
}