{
	"__comment": "Designed by Galingueur with Cubik Studio - https://cubik.studio",
	"textures": {
		"texture": "block/m_light",
		"particle": "block/m_light"
	},
	"elements": [
		{
			"__comment": "Box2",
			"from": [ 0, 7, 1.5 ],
			"to": [ 2, 9, 14.5 ],
			"faces": {
				"down": { "uv": [ 0, 0, 2, 13 ], "texture": "#texture", "rotation": 180 },
				"up": { "uv": [ 0, 0, 2, 13 ], "texture": "#texture", "rotation": 180 },
				"north": { "uv": [ 0, 0, 2, 1 ], "texture": "#texture", "rotation": 180 },
				"south": { "uv": [ 0, 0, 2, 1 ], "texture": "#texture", "rotation": 180 },
				"west": { "uv": [ 0, 0, 2, 13 ], "texture": "#texture", "rotation": 270 },
				"east": { "uv": [ 0, 0, 2, 13 ], "texture": "#texture", "rotation": 270 }
			}
		}
	],
	"display": {
		"thirdperson_righthand": {
			"rotation":  [ 90, 0, 0 ],
			"translation":  [ 5.5654, 0.6956, 0 ],
			"scale":  [ 0.85, 0.85, 0.85 ]
		},
		"thirdperson_lefthand": {
			"rotation":  [ 90, 0, 0 ],
			"translation":  [ -5.565, 0.6956, 0 ],
			"scale":  [ 0.85, 0.85, 0.85 ]
		},
		"firstperson_righthand": {
			"rotation":  [ 45, 15, 0 ],
			"translation":  [ 5.3045, 3.2, 1.13 ],
			"scale":  [ 0.7, 1, 0.7 ]
		},
		"firstperson_lefthand": {
			"rotation":  [ 45, 15, 0 ],
			"translation":  [ -1.652, 3.2, 1.13 ],
			"scale":  [ 0.7, 1, 0.7 ]
		},
		"gui": {
			"rotation":  [ 30, 225, 0 ],
			"translation":  [ -4.173, -2.086, 0 ]
		},
		"ground": {
			"translation":  [ 0, 2, 0 ],
			"scale":  [ 0.5, 0.5, 0.5 ]
		},
		"fixed": {
			"translation":  [ 20, 0, -17.38 ],
			"scale":  [ 3, 3, 3 ]
		}
	}
}