{
	"__comment": "Designed by Galingueur with Cubik Studio - https://cubik.studio",
	"textures": {
		"particle": "block/m_railgun_1",
		"texture": "block/m_railgun_1"
	},
	"elements": [
		{
			"__comment": "Cube1",
			"from": [ 5, 2, -16 ],
			"to": [ 11, 6.5, -11 ],
			"faces": {
				"down": { "uv": [ 5.5, 5.25, 4.25, 7 ], "texture": "#texture", "rotation": 90 },
				"up": { "uv": [ 5.5, 5.25, 4.25, 7 ], "texture": "#texture", "rotation": 90 },
				"north": { "uv": [ 14, 10.75, 16, 12 ], "texture": "#texture" },
				"south": { "uv": [ 14, 10.75, 16, 12 ], "texture": "#texture" },
				"west": { "uv": [ 13.75, 8.75, 15, 10 ], "texture": "#texture" },
				"east": { "uv": [ 13.75, 8.75, 15, 10 ], "texture": "#texture" }
			}
		},
		{
			"__comment": "Cube1",
			"from": [ 5.5, 0, 17 ],
			"to": [ 10.5, 2, 22 ],
			"faces": {
				"down": { "uv": [ 11.5, 6, 12.5, 7 ], "texture": "#texture", "rotation": 180 },
				"up": { "uv": [ 13.25, 10, 13.5, 10.25 ], "texture": "#texture" },
				"north": { "uv": [ 10, 8.25, 10.5, 9.25 ], "texture": "#texture", "rotation": 270 },
				"south": { "uv": [ 13.25, 10, 13.5, 10.25 ], "texture": "#texture" },
				"west": { "uv": [ 10.25, 11, 11.5, 11.5 ], "texture": "#texture" },
				"east": { "uv": [ 11.5, 11, 10.25, 11.5 ], "texture": "#texture" }
			}
		},
		{
			"__comment": "Cube1",
			"from": [ 9.5, 0, 28 ],
			"to": [ 10.5, 4.75, 30 ],
			"faces": {
				"down": { "uv": [ 12.75, 10.5, 13, 10.75 ], "texture": "#texture" },
				"up": { "uv": [ 13.25, 10, 13.5, 10.25 ], "texture": "#texture" },
				"north": { "uv": [ 13.25, 10, 13.5, 10.25 ], "texture": "#texture" },
				"south": { "uv": [ 15, 8.75, 15.25, 10 ], "texture": "#texture" },
				"west": { "uv": [ 13, 10.25, 13.5, 11.5 ], "texture": "#texture" },
				"east": { "uv": [ 13.5, 10.25, 13, 11.5 ], "texture": "#texture" }
			}
		},
		{
			"__comment": "Cube1",
			"from": [ 9.5, 4.1875, 22 ],
			"to": [ 10.5, 5.1875, 30 ],
			"rotation": { "origin": [ 9.5, 4.1875, 22 ], "axis": "z", "angle": 22.5 },
			"faces": {
				"down": { "uv": [ 11.5, 10, 13.5, 10.25 ], "texture": "#texture" },
				"up": { "uv": [ 11.5, 10, 13.5, 10.25 ], "texture": "#texture" },
				"north": { "uv": [ 13.25, 10, 13.5, 10.25 ], "texture": "#texture" },
				"south": { "uv": [ 13.25, 10, 13.5, 10.25 ], "texture": "#texture" },
				"west": { "uv": [ 11.5, 10, 13.5, 10.25 ], "texture": "#texture" },
				"east": { "uv": [ 11.5, 10, 13.5, 10.25 ], "texture": "#texture" }
			}
		},
		{
			"__comment": "Cube1",
			"from": [ 5.5, 0, 28 ],
			"to": [ 6.5, 4.75, 30 ],
			"faces": {
				"down": { "uv": [ 12.75, 10.5, 13, 10.75 ], "texture": "#texture" },
				"up": { "uv": [ 13.25, 10, 13.5, 10.25 ], "texture": "#texture" },
				"north": { "uv": [ 13.25, 10, 13.5, 10.25 ], "texture": "#texture" },
				"south": { "uv": [ 15, 8.75, 15.25, 10 ], "texture": "#texture" },
				"west": { "uv": [ 13, 10.25, 13.5, 11.5 ], "texture": "#texture" },
				"east": { "uv": [ 13.5, 10.25, 13, 11.5 ], "texture": "#texture" }
			}
		},
		{
			"__comment": "Cube1",
			"from": [ 5.5, 0, 22 ],
			"to": [ 10.5, 4.75, 28 ],
			"faces": {
				"down": { "uv": [ 12.75, 10.5, 13, 10.75 ], "texture": "#texture" },
				"up": { "uv": [ 13.25, 10, 13.5, 10.25 ], "texture": "#texture" },
				"north": { "uv": [ 13.25, 10, 13.5, 10.25 ], "texture": "#texture" },
				"south": { "uv": [ 15, 8.75, 16, 10 ], "texture": "#texture" },
				"west": { "uv": [ 11.5, 10.25, 13, 11.5 ], "texture": "#texture" },
				"east": { "uv": [ 13, 10.25, 11.5, 11.5 ], "texture": "#texture" }
			}
		},
		{
			"__comment": "Cube1",
			"from": [ 9.5, 0.5, 30 ],
			"to": [ 10, 1, 31 ],
			"faces": {
				"down": { "uv": [ 13.5, 11.25, 13.75, 11.5 ], "texture": "#texture" },
				"up": { "uv": [ 13.5, 11.25, 13.75, 11.5 ], "texture": "#texture" },
				"north": { "uv": [ 13.5, 11.25, 13.75, 11.5 ], "texture": "#texture" },
				"south": { "uv": [ 13.5, 11.25, 13.75, 11.5 ], "texture": "#texture" },
				"west": { "uv": [ 13.5, 11.25, 13.75, 11.5 ], "texture": "#texture" },
				"east": { "uv": [ 13.5, 11.25, 13.75, 11.5 ], "texture": "#texture" }
			}
		},
		{
			"__comment": "Cube1",
			"from": [ 5.625, 4.5625, 22 ],
			"to": [ 6.625, 5.5625, 30 ],
			"rotation": { "origin": [ 5.625, 4.5625, 22 ], "axis": "z", "angle": -22.5 },
			"faces": {
				"down": { "uv": [ 11.5, 10, 13.5, 10.25 ], "texture": "#texture" },
				"up": { "uv": [ 11.5, 10, 13.5, 10.25 ], "texture": "#texture" },
				"north": { "uv": [ 13.25, 10, 13.5, 10.25 ], "texture": "#texture" },
				"south": { "uv": [ 13.25, 10, 13.5, 10.25 ], "texture": "#texture" },
				"west": { "uv": [ 11.5, 10, 13.5, 10.25 ], "texture": "#texture" },
				"east": { "uv": [ 11.5, 10, 13.5, 10.25 ], "texture": "#texture" }
			}
		},
		{
			"__comment": "Cube1",
			"from": [ 7, 2, 28 ],
			"to": [ 9, 4, 32 ],
			"faces": {
				"down": { "uv": [ 13.5, 10.25, 14, 10.75 ], "texture": "#texture" },
				"up": { "uv": [ 13.5, 10.25, 14, 10.75 ], "texture": "#texture" },
				"north": { "uv": [ 13.5, 10.25, 14, 10.75 ], "texture": "#texture" },
				"south": { "uv": [ 13.5, 10.25, 14, 10.75 ], "texture": "#texture" },
				"west": { "uv": [ 13.5, 10.25, 14, 10.75 ], "texture": "#texture" },
				"east": { "uv": [ 13.5, 10.25, 14, 10.75 ], "texture": "#texture" }
			}
		},
		{
			"__comment": "Cube1",
			"from": [ 6, 4.5, 22 ],
			"to": [ 10, 5.5, 30 ],
			"faces": {
				"down": { "uv": [ 13.25, 10, 13.5, 10.25 ], "texture": "#texture" },
				"up": { "uv": [ 11.5, 8.25, 13.5, 9.25 ], "texture": "#texture", "rotation": 90 },
				"north": { "uv": [ 13.25, 10, 13.5, 10.25 ], "texture": "#texture" },
				"south": { "uv": [ 13.25, 10, 13.5, 10.25 ], "texture": "#texture" },
				"west": { "uv": [ 11.5, 10, 13.5, 10.25 ], "texture": "#texture" },
				"east": { "uv": [ 11.5, 10, 13.5, 10.25 ], "texture": "#texture" }
			}
		},
		{
			"__comment": "Cube1",
			"from": [ 6, 0.5, 30 ],
			"to": [ 6.5, 1, 31 ],
			"faces": {
				"down": { "uv": [ 13.5, 11.25, 13.75, 11.5 ], "texture": "#texture" },
				"up": { "uv": [ 13.5, 11.25, 13.75, 11.5 ], "texture": "#texture" },
				"north": { "uv": [ 13.5, 11.25, 13.75, 11.5 ], "texture": "#texture" },
				"south": { "uv": [ 13.5, 11.25, 13.75, 11.5 ], "texture": "#texture" },
				"west": { "uv": [ 13.5, 11.25, 13.75, 11.5 ], "texture": "#texture" },
				"east": { "uv": [ 13.5, 11.25, 13.75, 11.5 ], "texture": "#texture" }
			}
		},
		{
			"__comment": "Cube1",
			"from": [ 7, 5.5625, -7.375 ],
			"to": [ 9, 6.5625, -3.375 ],
			"rotation": { "origin": [ 7, 5.5625, -7.375 ], "axis": "x", "angle": 22.5 },
			"faces": {
				"down": { "uv": [ 2, 15, 5.5, 16 ], "texture": "#texture" },
				"up": { "uv": [ 0, 8.25, 1, 9 ], "texture": "#texture", "rotation": 90 },
				"north": { "uv": [ 0.25, 8.25, 0.5, 9 ], "texture": "#texture", "rotation": 90 },
				"south": { "uv": [ 0.25, 8.25, 0.5, 9 ], "texture": "#texture", "rotation": 90 },
				"west": { "uv": [ 0, 8.25, 1, 8.75 ], "texture": "#texture" },
				"east": { "uv": [ 1, 8.25, 0, 8.75 ], "texture": "#texture" }
			}
		},
		{
			"__comment": "Cube1",
			"from": [ 11, 0, -7 ],
			"to": [ 14.5, 2, -4 ],
			"rotation": { "origin": [ 11, 0, -7 ], "axis": "z", "angle": 45 },
			"faces": {
				"down": { "uv": [ 0, 15.25, 1.25, 16 ], "texture": "#texture" },
				"up": { "uv": [ 0, 15.25, 1.25, 16 ], "texture": "#texture" },
				"north": { "uv": [ 0, 15.25, 1.25, 16 ], "texture": "#texture" },
				"south": { "uv": [ 0, 15.25, 1.25, 16 ], "texture": "#texture" },
				"west": { "uv": [ 0, 15.25, 1.25, 16 ], "texture": "#texture" },
				"east": { "uv": [ 0, 15.25, 1.25, 16 ], "texture": "#texture" }
			}
		},
		{
			"__comment": "Cube1",
			"from": [ 5, 0, -14.5 ],
			"to": [ 11, 2, 7 ],
			"faces": {
				"down": { "uv": [ 1.25, 11.5, 7, 11.75 ], "texture": "#texture" },
				"up": { "uv": [ 5, 0, 11, 6 ], "texture": "#texture" },
				"north": { "uv": [ 7.25, 11, 7.75, 11.5 ], "texture": "#texture" },
				"south": { "uv": [ 7.25, 11, 7.75, 11.5 ], "texture": "#texture" },
				"west": { "uv": [ 1.25, 11, 7, 11.5 ], "texture": "#texture" },
				"east": { "uv": [ 7, 11, 1.25, 11.5 ], "texture": "#texture" }
			}
		},
		{
			"__comment": "Cube1",
			"from": [ 5, 2, -11 ],
			"to": [ 11, 4, 5 ],
			"faces": {
				"down": { "uv": [ 5, 12, 11, 16 ], "texture": "#texture" },
				"up": { "uv": [ 2, 10.5, 6.5, 10.75 ], "texture": "#texture", "rotation": 90 },
				"north": { "uv": [ 5, 12, 11, 14 ], "texture": "#texture" },
				"south": { "uv": [ 6.25, 10.5, 6.5, 11 ], "texture": "#texture" },
				"west": { "uv": [ 2, 10.5, 6.5, 11 ], "texture": "#texture" },
				"east": { "uv": [ 6.5, 10.5, 2, 11 ], "texture": "#texture" }
			}
		},
		{
			"__comment": "Cube1",
			"from": [ 6.5, -0.5, 17.5 ],
			"to": [ 9.5, 0.5, 30 ],
			"faces": {
				"down": { "uv": [ 10.5, 6, 13.5, 7 ], "texture": "#texture", "rotation": 90 },
				"up": { "uv": [ 10.5, 6, 13.5, 7 ], "texture": "#texture", "rotation": 90 },
				"north": { "uv": [ 10.5, 6, 10.75, 7 ], "texture": "#texture" },
				"south": { "uv": [ 10.5, 6, 10.75, 7 ], "texture": "#texture" },
				"west": { "uv": [ 10.5, 11.5, 13.5, 11.75 ], "texture": "#texture" },
				"east": { "uv": [ 10.5, 11.5, 13.5, 11.75 ], "texture": "#texture" }
			}
		},
		{
			"__comment": "Cube1",
			"from": [ 11, 2, -15 ],
			"to": [ 14.5, 4.5, -2 ],
			"faces": {
				"down": { "uv": [ 0, 15.25, 1, 16 ], "texture": "#texture" },
				"up": { "uv": [ 3.75, 9.5, 4, 10 ], "texture": "#texture" },
				"north": { "uv": [ 13.75, 9.25, 15, 10 ], "texture": "#texture" },
				"south": { "uv": [ 13.75, 9.25, 15, 10 ], "texture": "#texture" },
				"west": { "uv": [ 0.25, 10.5, 3.5, 11.25 ], "texture": "#texture" },
				"east": { "uv": [ 3.5, 10.5, 0.25, 11.25 ], "texture": "#texture" }
			}
		},
		{
			"__comment": "Cube1",
			"from": [ 11.125, 6.3125, -8.125 ],
			"to": [ 14.375, 9.3125, -2.625 ],
			"rotation": { "origin": [ 11.125, 6.3125, -8.125 ], "axis": "x", "angle": 45 },
			"faces": {
				"down": { "uv": [ 2, 15, 5.5, 16 ], "texture": "#texture" },
				"up": { "uv": [ 2.5, 6, 4, 7 ], "texture": "#texture", "rotation": 90 },
				"north": { "uv": [ 13.75, 9.25, 15, 10 ], "texture": "#texture" },
				"south": { "uv": [ 13.75, 9.25, 15, 10 ], "texture": "#texture" },
				"west": { "uv": [ 2.75, 9.25, 4.25, 10 ], "texture": "#texture" },
				"east": { "uv": [ 2.75, 9.25, 4.25, 10 ], "texture": "#texture" }
			}
		},
		{
			"__comment": "Cube1",
			"from": [ 1.25, 3.75, -14 ],
			"to": [ 1.5, 7.75, -7 ],
			"faces": {
				"down": { "uv": [ 1.25, 10, 1.5, 10.25 ], "texture": "#texture" },
				"up": { "uv": [ 1.25, 10, 1.5, 10.25 ], "texture": "#texture" },
				"north": { "uv": [ 1.25, 10, 1.5, 10.25 ], "texture": "#texture" },
				"south": { "uv": [ 1.25, 10, 1.5, 10.25 ], "texture": "#texture" },
				"west": { "uv": [ 0.5, 9.5, 2.25, 10.75 ], "texture": "#texture" },
				"east": { "uv": [ 0.5, 9.5, 2.25, 10.75 ], "texture": "#texture" }
			}
		},
		{
			"__comment": "Cube1",
			"from": [ 1.5, 2, -15 ],
			"to": [ 5, 4.5, -2 ],
			"faces": {
				"down": { "uv": [ 0, 15.25, 1, 16 ], "texture": "#texture" },
				"up": { "uv": [ 3.75, 9.5, 4, 10 ], "texture": "#texture" },
				"north": { "uv": [ 13.75, 9.25, 15, 10 ], "texture": "#texture" },
				"south": { "uv": [ 13.75, 9.25, 15, 10 ], "texture": "#texture" },
				"west": { "uv": [ 0.25, 10.5, 3.5, 11.25 ], "texture": "#texture" },
				"east": { "uv": [ 3.5, 10.5, 0.25, 11.25 ], "texture": "#texture" }
			}
		},
		{
			"__comment": "Cube1",
			"from": [ 6, 0.5, -15.5 ],
			"to": [ 10, 2.5, -12.5 ],
			"faces": {
				"down": { "uv": [ 5.5, 5.25, 4.25, 7 ], "texture": "#texture", "rotation": 90 },
				"up": { "uv": [ 0, 6, 2.25, 7 ], "texture": "#texture", "rotation": 90 },
				"north": { "uv": [ 0.5, 6, 2, 7 ], "texture": "#texture" },
				"south": { "uv": [ 0.5, 6, 2, 7 ], "texture": "#texture" },
				"west": { "uv": [ 0.5, 6, 0.75, 7 ], "texture": "#texture" },
				"east": { "uv": [ 0.5, 6, 0.75, 7 ], "texture": "#texture" }
			}
		},
		{
			"__comment": "Cube1",
			"from": [ 11, 0, -14 ],
			"to": [ 14.5, 2, -11 ],
			"rotation": { "origin": [ 11, 0, -14 ], "axis": "z", "angle": 45 },
			"faces": {
				"down": { "uv": [ 0, 15.25, 1.25, 16 ], "texture": "#texture" },
				"up": { "uv": [ 0, 15.25, 1.25, 16 ], "texture": "#texture" },
				"north": { "uv": [ 0, 15.25, 1.25, 16 ], "texture": "#texture" },
				"south": { "uv": [ 0, 15.25, 1.25, 16 ], "texture": "#texture" },
				"west": { "uv": [ 0, 15.25, 1.25, 16 ], "texture": "#texture" },
				"east": { "uv": [ 0, 15.25, 1.25, 16 ], "texture": "#texture" }
			}
		},
		{
			"__comment": "Cube1",
			"from": [ 6, 2, -11 ],
			"to": [ 10, 5.5, 22 ],
			"faces": {
				"down": { "uv": [ 2.5, 7.25, 11.5, 8.25 ], "texture": "#texture", "rotation": 270 },
				"up": { "uv": [ 1.25, 8.25, 11.5, 9.249999 ], "texture": "#texture", "rotation": 90 },
				"north": { "uv": [ 6, 10.5, 10, 14 ], "texture": "#texture" },
				"south": { "uv": [ 6, 10.5, 10, 14 ], "texture": "#texture" },
				"west": { "uv": [ 1.25, 10, 11.5, 11 ], "texture": "#texture" },
				"east": { "uv": [ 11.5, 10, 1.25, 11 ], "texture": "#texture" }
			}
		},
		{
			"__comment": "Cube1",
			"from": [ 6.5, -1, -14 ],
			"to": [ 9.5, 0, 5.5 ],
			"faces": {
				"down": { "uv": [ 1.25, 11.5, 7, 11.75 ], "texture": "#texture" },
				"up": { "uv": [ 6.5, 0, 9.5, 4.5 ], "texture": "#texture" },
				"north": { "uv": [ 0.5, 11.5, 1.5, 11.75 ], "texture": "#texture" },
				"south": { "uv": [ 0.5, 11.5, 1.5, 11.75 ], "texture": "#texture" },
				"west": { "uv": [ 0.5, 11.5, 7.25, 11.75 ], "texture": "#texture" },
				"east": { "uv": [ 7.25, 11.5, 0.5, 11.75 ], "texture": "#texture" }
			}
		},
		{
			"__comment": "Cube1",
			"from": [ 7, 5.5, -11 ],
			"to": [ 9, 6.5, -7 ],
			"faces": {
				"down": { "uv": [ 2, 15, 5.5, 16 ], "texture": "#texture" },
				"up": { "uv": [ 0, 8.25, 1, 9 ], "texture": "#texture", "rotation": 90 },
				"north": { "uv": [ 0.25, 8.25, 0.5, 9 ], "texture": "#texture", "rotation": 90 },
				"south": { "uv": [ 0.25, 8.25, 0.5, 9 ], "texture": "#texture", "rotation": 90 },
				"west": { "uv": [ 0, 8.25, 1, 8.75 ], "texture": "#texture" },
				"east": { "uv": [ 1, 8.25, 0, 8.75 ], "texture": "#texture" }
			}
		},
		{
			"__comment": "Cube1",
			"from": [ 11.5, 5, -16 ],
			"to": [ 14, 8, -15.5 ],
			"faces": {
				"down": { "uv": [ 13.75, 7.25, 15, 7.5 ], "texture": "#texture" },
				"up": { "uv": [ 13.75, 7.25, 15, 7.5 ], "texture": "#texture" },
				"north": { "uv": [ 13.75, 7.25, 15, 8.5 ], "texture": "#texture" },
				"south": { "uv": [ 13.75, 7.25, 15, 8.5 ], "texture": "#texture" },
				"west": { "uv": [ 13.75, 7.25, 14, 8.5 ], "texture": "#texture" },
				"east": { "uv": [ 13.75, 7.25, 14, 8.5 ], "texture": "#texture" }
			}
		},
		{
			"__comment": "Cube1",
			"from": [ 1.5, 4.5, -15.5 ],
			"to": [ 5, 8.5, -6 ],
			"faces": {
				"down": { "uv": [ 2, 15, 5.5, 16 ], "texture": "#texture" },
				"up": { "uv": [ 0, 7, 2.25, 6 ], "texture": "#texture", "rotation": 90 },
				"north": { "uv": [ 13.75, 8.75, 15, 10 ], "texture": "#texture" },
				"south": { "uv": [ 13.75, 8.75, 15, 10 ], "texture": "#texture" },
				"west": { "uv": [ 0, 9.25, 2.5, 10.5 ], "texture": "#texture" },
				"east": { "uv": [ 2.5, 9.25, 0, 10.5 ], "texture": "#texture" }
			}
		},
		{
			"__comment": "Cube1",
			"from": [ 2, 5, -16 ],
			"to": [ 4.5, 8, -15.5 ],
			"faces": {
				"down": { "uv": [ 13.75, 7.25, 15, 7.5 ], "texture": "#texture" },
				"up": { "uv": [ 13.75, 7.25, 15, 7.5 ], "texture": "#texture" },
				"north": { "uv": [ 13.75, 7.25, 15, 8.5 ], "texture": "#texture" },
				"south": { "uv": [ 13.75, 7.25, 15, 8.5 ], "texture": "#texture" },
				"west": { "uv": [ 13.75, 7.25, 14, 8.5 ], "texture": "#texture" },
				"east": { "uv": [ 13.75, 7.25, 14, 8.5 ], "texture": "#texture" }
			}
		},
		{
			"__comment": "Cube1",
			"from": [ 6.5, -0.75, 5.375 ],
			"to": [ 9.5, 1.25, 12.875 ],
			"rotation": { "origin": [ 6.5, -0.75, 5.375 ], "axis": "x", "angle": -22.5 },
			"faces": {
				"down": { "uv": [ 2.5, 7.5, 3.75, 8 ], "texture": "#texture" },
				"up": { "uv": [ 2.5, 7.5, 3.75, 8 ], "texture": "#texture" },
				"north": { "uv": [ 2.5, 7.5, 3.25, 8 ], "texture": "#texture" },
				"south": { "uv": [ 2.5, 7.5, 3.25, 8 ], "texture": "#texture" },
				"west": { "uv": [ 4.5, 9.5, 5.75, 10 ], "texture": "#texture" },
				"east": { "uv": [ 4.5, 9.5, 5.75, 10 ], "texture": "#texture" }
			}
		},
		{
			"__comment": "Cube1",
			"from": [ 5.125, 2.5625, 3.625 ],
			"to": [ 10.875, 4.5625, 6.375 ],
			"rotation": { "origin": [ 5.125, 2.5625, 3.625 ], "axis": "x", "angle": 45 },
			"faces": {
				"down": { "uv": [ 5, 9, 11, 12 ], "texture": "#texture" },
				"up": { "uv": [ 6, 9.5, 6.75, 9.75 ], "texture": "#texture", "rotation": 270 },
				"north": { "uv": [ 7, 11, 7.25, 11.5 ], "texture": "#texture" },
				"south": { "uv": [ 7, 11, 7.25, 11.5 ], "texture": "#texture" },
				"west": { "uv": [ 6, 9.500001, 6.75, 10 ], "texture": "#texture" },
				"east": { "uv": [ 6, 9.500001, 6.75, 10 ], "texture": "#texture" }
			}
		},
		{
			"__comment": "Cube1",
			"from": [ 2.5, 2.5, -13.875 ],
			"to": [ 6, 4.5, -10.875 ],
			"rotation": { "origin": [ 2.5, 2.5, -13.875 ], "axis": "z", "angle": -45 },
			"faces": {
				"down": { "uv": [ 0, 15.25, 1.25, 16 ], "texture": "#texture" },
				"up": { "uv": [ 0, 15.25, 1.25, 16 ], "texture": "#texture" },
				"north": { "uv": [ 0, 15.25, 1.25, 16 ], "texture": "#texture" },
				"south": { "uv": [ 0, 15.25, 1.25, 16 ], "texture": "#texture" },
				"west": { "uv": [ 0, 15.25, 1.25, 16 ], "texture": "#texture" },
				"east": { "uv": [ 0, 15.25, 1.25, 16 ], "texture": "#texture" }
			}
		},
		{
			"__comment": "Cube1",
			"from": [ 2.5, 2.5, -7 ],
			"to": [ 6, 4.5, -4 ],
			"rotation": { "origin": [ 2.5, 2.5, -7 ], "axis": "z", "angle": -45 },
			"faces": {
				"down": { "uv": [ 0, 15.25, 1.25, 16 ], "texture": "#texture" },
				"up": { "uv": [ 0, 15.25, 1.25, 16 ], "texture": "#texture" },
				"north": { "uv": [ 0, 15.25, 1.25, 16 ], "texture": "#texture" },
				"south": { "uv": [ 0, 15.25, 1.25, 16 ], "texture": "#texture" },
				"west": { "uv": [ 0, 15.25, 1.25, 16 ], "texture": "#texture" },
				"east": { "uv": [ 0, 15.25, 1.25, 16 ], "texture": "#texture" }
			}
		},
		{
			"__comment": "Cube1",
			"from": [ 1.625, 6.3125, -8.0625 ],
			"to": [ 4.875, 9.3125, -2.5625 ],
			"rotation": { "origin": [ 1.625, 6.3125, -8.0625 ], "axis": "x", "angle": 45 },
			"faces": {
				"down": { "uv": [ 2, 15, 5.5, 16 ], "texture": "#texture" },
				"up": { "uv": [ 2.5, 7, 4, 6 ], "texture": "#texture", "rotation": 90 },
				"north": { "uv": [ 13.75, 9.25, 15, 10 ], "texture": "#texture" },
				"south": { "uv": [ 13.75, 9.25, 15, 10 ], "texture": "#texture" },
				"west": { "uv": [ 2.75, 9.25, 4.25, 10 ], "texture": "#texture" },
				"east": { "uv": [ 2.75, 9.25, 4.25, 10 ], "texture": "#texture" }
			}
		},
		{
			"__comment": "Cube1",
			"from": [ 11, 4.5, -15.5 ],
			"to": [ 14.5, 8.5, -6 ],
			"faces": {
				"down": { "uv": [ 2, 15, 5.5, 16 ], "texture": "#texture" },
				"up": { "uv": [ 0, 6, 2.25, 7 ], "texture": "#texture", "rotation": 90 },
				"north": { "uv": [ 13.75, 8.75, 15, 10 ], "texture": "#texture" },
				"south": { "uv": [ 13.75, 8.75, 15, 10 ], "texture": "#texture" },
				"west": { "uv": [ 0, 9.25, 2.5, 10.5 ], "texture": "#texture" },
				"east": { "uv": [ 2.5, 9.25, 0, 10.5 ], "texture": "#texture" }
			}
		},
		{
			"__comment": "Cube1",
			"from": [ 14.5, 3.75, -14 ],
			"to": [ 14.75, 7.75, -7 ],
			"faces": {
				"down": { "uv": [ 1.25, 10, 1.5, 10.25 ], "texture": "#texture" },
				"up": { "uv": [ 1.25, 10, 1.5, 10.25 ], "texture": "#texture" },
				"north": { "uv": [ 1.25, 10, 1.5, 10.25 ], "texture": "#texture" },
				"south": { "uv": [ 1.25, 10, 1.5, 10.25 ], "texture": "#texture" },
				"west": { "uv": [ 0.5, 9.5, 2.25, 10.75 ], "texture": "#texture" },
				"east": { "uv": [ 0.5, 9.5, 2.25, 10.75 ], "texture": "#texture" }
			}
		},
		{
			"__comment": "Cube1",
			"from": [ 7, 5.5, -3 ],
			"to": [ 9, 6, 5 ],
			"faces": {
				"down": { "uv": [ 0, 7.25, 2, 8 ], "texture": "#texture", "rotation": 90 },
				"up": { "uv": [ 0, 7.25, 2, 8 ], "texture": "#texture", "rotation": 90 },
				"north": { "uv": [ 0, 7.25, 2, 7.5 ], "texture": "#texture", "rotation": 90 },
				"south": { "uv": [ 0, 7.25, 2, 7.5 ], "texture": "#texture", "rotation": 90 },
				"west": { "uv": [ 0, 7.25, 2, 7.5 ], "texture": "#texture", "rotation": 90 },
				"east": { "uv": [ 0, 7.25, 2, 7.5 ], "texture": "#texture", "rotation": 90 }
			}
		},
		{
			"__comment": "Cube1",
			"from": [ 5.5, 3.75, 6.75 ],
			"to": [ 10.5, 5.75, 7.5 ],
			"faces": {
				"down": { "uv": [ 9.75, 8.5, 10, 8.75 ], "texture": "#texture", "rotation": 180 },
				"up": { "uv": [ 9.75, 8.5, 10, 8.75 ], "texture": "#texture", "rotation": 180 },
				"north": { "uv": [ 9.75, 8.5, 10, 8.75 ], "texture": "#texture", "rotation": 180 },
				"south": { "uv": [ 9.75, 8.5, 10, 8.75 ], "texture": "#texture", "rotation": 180 },
				"west": { "uv": [ 9.75, 8.5, 10, 8.75 ], "texture": "#texture", "rotation": 180 },
				"east": { "uv": [ 9.75, 8.5, 10, 8.75 ], "texture": "#texture", "rotation": 180 }
			}
		},
		{
			"__comment": "Cube1",
			"from": [ 6, 5.5, 7.5 ],
			"to": [ 7, 6, 17.25 ],
			"faces": {
				"down": { "uv": [ 0, 7.25, 2, 8 ], "texture": "#texture", "rotation": 90 },
				"up": { "uv": [ 7, 9, 10, 9.25 ], "texture": "#texture", "rotation": 90 },
				"north": { "uv": [ 7.75, 9, 8.25, 9.25 ], "texture": "#texture", "rotation": 90 },
				"south": { "uv": [ 7.75, 9, 8.25, 9.25 ], "texture": "#texture", "rotation": 90 },
				"west": { "uv": [ 7, 9, 10, 9.25 ], "texture": "#texture", "rotation": 180 },
				"east": { "uv": [ 7, 9, 10, 9.25 ], "texture": "#texture", "rotation": 180 }
			}
		},
		{
			"__comment": "Cube1",
			"from": [ 9, 5.5, 7.5 ],
			"to": [ 10, 6, 17.25 ],
			"faces": {
				"down": { "uv": [ 0, 7.25, 2, 8 ], "texture": "#texture", "rotation": 90 },
				"up": { "uv": [ 7, 9, 10, 9.25 ], "texture": "#texture", "rotation": 90 },
				"north": { "uv": [ 7.75, 9, 8.25, 9.25 ], "texture": "#texture", "rotation": 90 },
				"south": { "uv": [ 7.75, 9, 8.25, 9.25 ], "texture": "#texture", "rotation": 90 },
				"west": { "uv": [ 7, 9, 10, 9.25 ], "texture": "#texture", "rotation": 180 },
				"east": { "uv": [ 7, 9, 10, 9.25 ], "texture": "#texture", "rotation": 180 }
			}
		},
		{
			"__comment": "Cube1",
			"from": [ 7, 5.5, 6.75 ],
			"to": [ 9, 6.25, 16.5 ],
			"faces": {
				"down": { "uv": [ 0, 7.25, 2, 8 ], "texture": "#texture", "rotation": 90 },
				"up": { "uv": [ 6.75, 8.5, 9.75, 9 ], "texture": "#texture", "rotation": 90 },
				"north": { "uv": [ 7.75, 8.5, 8.25, 8.75 ], "texture": "#texture", "rotation": 90 },
				"south": { "uv": [ 7.75, 8.5, 8.25, 8.75 ], "texture": "#texture", "rotation": 90 },
				"west": { "uv": [ 9.75, 8.5, 6.75, 8.75 ], "texture": "#texture", "rotation": 180 },
				"east": { "uv": [ 6.75, 8.5, 9.75, 8.75 ], "texture": "#texture", "rotation": 180 }
			}
		},
		{
			"__comment": "Cube1",
			"from": [ 5.75, 5.5, 6 ],
			"to": [ 10.25, 6.5, 7 ],
			"faces": {
				"down": { "uv": [ 9.75, 8.5, 10, 8.75 ], "texture": "#texture", "rotation": 180 },
				"up": { "uv": [ 9.75, 8.5, 10, 8.75 ], "texture": "#texture", "rotation": 180 },
				"north": { "uv": [ 9.75, 8.5, 10, 8.75 ], "texture": "#texture", "rotation": 180 },
				"south": { "uv": [ 9.75, 8.5, 10, 8.75 ], "texture": "#texture", "rotation": 180 },
				"west": { "uv": [ 9.75, 8.5, 10, 8.75 ], "texture": "#texture", "rotation": 180 },
				"east": { "uv": [ 9.75, 8.5, 10, 8.75 ], "texture": "#texture", "rotation": 180 }
			}
		},
		{
			"__comment": "Cube1",
			"from": [ 5.5, 3.75, 17.25 ],
			"to": [ 10.5, 5.75, 18 ],
			"faces": {
				"down": { "uv": [ 9.75, 8.5, 10, 8.75 ], "texture": "#texture", "rotation": 180 },
				"up": { "uv": [ 9.75, 8.5, 10, 8.75 ], "texture": "#texture", "rotation": 180 },
				"north": { "uv": [ 9.75, 8.5, 10, 8.75 ], "texture": "#texture", "rotation": 180 },
				"south": { "uv": [ 9.75, 8.5, 10, 8.75 ], "texture": "#texture", "rotation": 180 },
				"west": { "uv": [ 9.75, 8.5, 10, 8.75 ], "texture": "#texture", "rotation": 180 },
				"east": { "uv": [ 9.75, 8.5, 10, 8.75 ], "texture": "#texture", "rotation": 180 }
			}
		},
		{
			"__comment": "Cube1",
			"from": [ 5.75, 5.5, 16.5 ],
			"to": [ 10.25, 6.5, 17.5 ],
			"faces": {
				"down": { "uv": [ 9.75, 8.5, 10, 8.75 ], "texture": "#texture", "rotation": 180 },
				"up": { "uv": [ 9.75, 8.5, 10, 8.75 ], "texture": "#texture", "rotation": 180 },
				"north": { "uv": [ 9.75, 8.5, 10, 8.75 ], "texture": "#texture", "rotation": 180 },
				"south": { "uv": [ 9.75, 8.5, 10, 8.75 ], "texture": "#texture", "rotation": 180 },
				"west": { "uv": [ 9.75, 8.5, 10, 8.75 ], "texture": "#texture", "rotation": 180 },
				"east": { "uv": [ 9.75, 8.5, 10, 8.75 ], "texture": "#texture", "rotation": 180 }
			}
		}
	],
	"display": {
		"thirdperson_righthand": {
			"rotation":  [ 75, 45, 0 ],
			"translation":  [ 0, 2.5, 0 ],
			"scale":  [ 0.375, 0.375, 0.375 ]
		},
		"thirdperson_lefthand": {
			"rotation":  [ 75, 45, 0 ],
			"translation":  [ 0, 2.5, 0 ],
			"scale":  [ 0.375, 0.375, 0.375 ]
		},
		"firstperson_righthand": {
			"rotation":  [ 0, 45, 0 ],
			"scale":  [ 0.4, 0.4, 0.4 ]
		},
		"firstperson_lefthand": {
			"rotation":  [ 0, 45, 0 ],
			"scale":  [ 0.4, 0.4, 0.4 ]
		},
		"gui": {
			"rotation":  [ 30, -32, 0 ],
			"scale":  [ 0.4, 0.4, 0.4 ]
		},
		"head": {
			"rotation":  [ 0, 180, 0 ],
			"translation":  [ 0, 4.1739, -28.51 ]
		},
		"ground": {
			"translation":  [ 0, 3, 0 ],
			"scale":  [ 0.25, 0.25, 0.25 ]
		},
		"fixed": {
			"rotation":  [ 0, 180, 0 ],
			"translation":  [ 0, 11, -68 ],
			"scale":  [ 3, 3, 3 ]
		}
	}
}