{
	"__comment": "Designed by Galingueur with Cubik Studio - https://cubik.studio",
	"textures": {
		"particle": "block/m_wheel",
		"texture": "block/m_pipe_02",
		"texture1": "block/m_wheel",
		"texture2": "block/m_pipe_01"
	},
	"elements": [
		{
			"__comment": "Box23",
			"from": [ -1, 11, -1.9688 ],
			"to": [ 9, 18.46875, -0.06254995 ],
			"rotation": { "origin": [ -1, 11, -1.96875 ], "axis": "x", "angle": 22.5 },
			"faces": {
				"down": { "uv": [ 0, 0, 9, 1 ], "texture": "#texture" },
				"up": { "uv": [ 0, 15, 9, 16 ], "texture": "#texture" },
				"north": { "uv": [ 7, 0.25, 16, 5 ], "texture": "#texture" },
				"south": { "uv": [ 0, 0.25, 9, 5 ], "texture": "#texture" },
				"west": { "uv": [ 15, 0.25, 16, 5 ], "texture": "#texture" },
				"east": { "uv": [ 0, 0.25, 1, 5 ], "texture": "#texture" }
			}
		},
		{
			"__comment": "Box23",
			"from": [ -1, 10.25, 16.1562 ],
			"to": [ 9, 17.75, 18.1562 ],
			"rotation": { "origin": [ -1, 10.25, 16.15625 ], "axis": "x", "angle": -22.5 },
			"faces": {
				"down": { "uv": [ 0, 15, 9, 16 ], "texture": "#texture" },
				"up": { "uv": [ 0, 0, 9, 1 ], "texture": "#texture" },
				"north": { "uv": [ 7, 0.25, 16, 5 ], "texture": "#texture" },
				"south": { "uv": [ 0, 0.25, 9, 5 ], "texture": "#texture" },
				"west": { "uv": [ 0, 0.25, 1, 5 ], "texture": "#texture" },
				"east": { "uv": [ 15, 0.25, 16, 5 ], "texture": "#texture" }
			}
		},
		{
			"__comment": "Box23",
			"from": [ -1, 6, -2 ],
			"to": [ 9, 11, 0 ],
			"faces": {
				"down": { "uv": [ 0, 0, 9, 2 ], "texture": "#texture" },
				"up": { "uv": [ 0, 14, 9, 16 ], "texture": "#texture" },
				"north": { "uv": [ 7, 5, 16, 10 ], "texture": "#texture" },
				"south": { "uv": [ 0, 5, 9, 10 ], "texture": "#texture" },
				"west": { "uv": [ 14, 5, 16, 10 ], "texture": "#texture" },
				"east": { "uv": [ 0, 5, 2, 10 ], "texture": "#texture" }
			}
		},
		{
			"__comment": "Box23",
			"from": [ -1, 6, 16 ],
			"to": [ 9, 11, 18 ],
			"faces": {
				"down": { "uv": [ 0, 14, 9, 16 ], "texture": "#texture" },
				"up": { "uv": [ 0, 0, 9, 2 ], "texture": "#texture" },
				"north": { "uv": [ 7, 5, 16, 10 ], "texture": "#texture" },
				"south": { "uv": [ 0, 5, 9, 10 ], "texture": "#texture" },
				"west": { "uv": [ 0, 5, 2, 10 ], "texture": "#texture" },
				"east": { "uv": [ 14, 5, 16, 10 ], "texture": "#texture" }
			}
		},
		{
			"__comment": "Box23",
			"from": [ 5, 5, 8 ],
			"to": [ 16, 9, 12 ],
			"rotation": { "origin": [ 5, 5, 8 ], "axis": "x", "angle": -45 },
			"faces": {
				"down": { "uv": [ 5, 6, 16, 10 ], "texture": "#texture2" },
				"up": { "uv": [ 5, 6, 16, 10 ], "texture": "#texture2" },
				"north": { "uv": [ 0, 6, 11, 10 ], "texture": "#texture2" },
				"south": { "uv": [ 5, 6, 16, 10 ], "texture": "#texture2" },
				"west": { "uv": [ 6, 6, 10, 10 ], "texture": "#texture2" },
				"east": { "uv": [ 6, 6, 10, 10 ], "texture": "#texture2" }
			}
		},
		{
			"__comment": "Box23",
			"from": [ -2, 5, 11 ],
			"to": [ 8, 11, 16 ],
			"faces": {
				"down": { "uv": [ 0, 11.90625, 8, 15.90625 ], "texture": "#texture1" },
				"up": { "uv": [ 0, 0.09375, 8, 4.09375 ], "texture": "#texture1" },
				"north": { "uv": [ 0, 0, 3, 8 ], "texture": "#texture1" },
				"south": { "uv": [ 0, 0, 3, 8 ], "texture": "#texture1" },
				"west": { "uv": [ 3, 0, 7, 8 ], "texture": "#texture1" },
				"east": { "uv": [ 3, 0, 7, 8 ], "texture": "#texture1" }
			}
		},
		{
			"__comment": "Box23",
			"from": [ -2, 5, 0 ],
			"to": [ 8, 11, 5 ],
			"faces": {
				"down": { "uv": [ 0, 11.90625, 8, 15.90625 ], "texture": "#texture1" },
				"up": { "uv": [ 0, 0.09375, 8, 4.09375 ], "texture": "#texture1" },
				"north": { "uv": [ 0, 0, 3, 8 ], "texture": "#texture1" },
				"south": { "uv": [ 0, 0, 3, 8 ], "texture": "#texture1" },
				"west": { "uv": [ 3, 0, 7, 8 ], "texture": "#texture1" },
				"east": { "uv": [ 3, 0, 7, 8 ], "texture": "#texture1" }
			}
		},
		{
			"__comment": "Box23",
			"from": [ -2, 11, 5 ],
			"to": [ 8, 16, 11 ],
			"faces": {
				"down": { "uv": [ 0, 0, 3, 8 ], "texture": "#texture1" },
				"up": { "uv": [ 0, 0, 3, 8 ], "texture": "#texture1" },
				"north": { "uv": [ 3, 12, 7, 16 ], "texture": "#texture1" },
				"south": { "uv": [ 3, 12, 7, 16 ], "texture": "#texture1" },
				"west": { "uv": [ 3, 0, 7, 4 ], "texture": "#texture1" },
				"east": { "uv": [ 3, 0, 7, 4 ], "texture": "#texture1" }
			}
		},
		{
			"__comment": "Box23",
			"from": [ -2, 0, 5 ],
			"to": [ 8, 5, 11 ],
			"faces": {
				"down": { "uv": [ 0, 0, 3, 8 ], "texture": "#texture1" },
				"up": { "uv": [ 0, 0, 3, 8 ], "texture": "#texture1" },
				"north": { "uv": [ 3, 12, 7, 16 ], "texture": "#texture1" },
				"south": { "uv": [ 3, 12, 7, 16 ], "texture": "#texture1" },
				"west": { "uv": [ 3, 0, 7, 4 ], "texture": "#texture1" },
				"east": { "uv": [ 3, 0, 7, 4 ], "texture": "#texture1" }
			}
		},
		{
			"__comment": "Box23",
			"from": [ -2, 11, 0 ],
			"to": [ 8, 18, 5 ],
			"rotation": { "origin": [ -2, 11, 0 ], "axis": "x", "angle": 45 },
			"faces": {
				"down": { "uv": [ 3, 0, 7, 3.5 ], "texture": "#texture1" },
				"up": { "uv": [ 3, 0, 7, 3.5 ], "texture": "#texture1" },
				"north": { "uv": [ 0, 0, 3, 6 ], "texture": "#texture1" },
				"south": { "uv": [ 0, 0, 3, 6 ], "texture": "#texture1" },
				"west": { "uv": [ 3, 0, 7, 3.5 ], "texture": "#texture1" },
				"east": { "uv": [ 3, 0, 7, 3.5 ], "texture": "#texture1" }
			}
		},
		{
			"__comment": "Box23",
			"from": [ -2, 0, 5 ],
			"to": [ 8, 7, 10 ],
			"rotation": { "origin": [ -2, 0, 5 ], "axis": "x", "angle": -45 },
			"faces": {
				"down": { "uv": [ 3, 0, 7, 3.5 ], "texture": "#texture1" },
				"up": { "uv": [ 3, 0, 7, 3.5 ], "texture": "#texture1" },
				"north": { "uv": [ 0, 0, 3, 6 ], "texture": "#texture1" },
				"south": { "uv": [ 0, 0, 3, 6 ], "texture": "#texture1" },
				"west": { "uv": [ 3, 0, 7, 3.5 ], "texture": "#texture1" },
				"east": { "uv": [ 3, 0, 7, 3.5 ], "texture": "#texture1" }
			}
		},
		{
			"__comment": "Box23",
			"from": [ -2, 7.5, 12.4375 ],
			"to": [ 8, 14.5, 17.4375 ],
			"rotation": { "origin": [ -2, 7.5, 12.4375 ], "axis": "x", "angle": -45 },
			"faces": {
				"down": { "uv": [ 3, 0, 7, 3.5 ], "texture": "#texture1" },
				"up": { "uv": [ 3, 0, 7, 3.5 ], "texture": "#texture1" },
				"north": { "uv": [ 0, 0, 3, 6 ], "texture": "#texture1" },
				"south": { "uv": [ 0, 0, 3, 6 ], "texture": "#texture1" },
				"west": { "uv": [ 3, 0, 7, 3.5 ], "texture": "#texture1" },
				"east": { "uv": [ 3, 0, 7, 3.5 ], "texture": "#texture1" }
			}
		},
		{
			"__comment": "Box23",
			"from": [ -2, 3.5625, 7.4375 ],
			"to": [ 8, 10.5625, 12.4375 ],
			"rotation": { "origin": [ -2, 3.5625, 7.4375 ], "axis": "x", "angle": 45 },
			"faces": {
				"down": { "uv": [ 3, 0, 7, 3.5 ], "texture": "#texture1" },
				"up": { "uv": [ 3, 0, 7, 3.5 ], "texture": "#texture1" },
				"north": { "uv": [ 0, 0, 3, 6 ], "texture": "#texture1" },
				"south": { "uv": [ 0, 0, 3, 6 ], "texture": "#texture1" },
				"west": { "uv": [ 3, 0, 7, 3.5 ], "texture": "#texture1" },
				"east": { "uv": [ 3, 0, 7, 3.5 ], "texture": "#texture1" }
			}
		},
		{
			"__comment": "Box23",
			"from": [ -1, 15.9688, 0.875 ],
			"to": [ 9, 17.9063, 15.0625 ],
			"faces": {
				"down": { "uv": [ 0, 0.9375, 9, 15.125 ], "texture": "#texture" },
				"up": { "uv": [ 0, 0.875, 9, 15.0625 ], "texture": "#texture" },
				"north": { "uv": [ 7, 0, 16, 0.03125 ], "texture": "#texture" },
				"south": { "uv": [ 0, 0, 9, 0.03125 ], "texture": "#texture" },
				"west": { "uv": [ 0.875, 0, 15.0625, 0.03125 ], "texture": "#texture" },
				"east": { "uv": [ 0.9375, 0, 15.125, 0.03125 ], "texture": "#texture" }
			}
		},
		{
			"__comment": "Box23",
			"from": [ -1, 4.5, 4.5 ],
			"to": [ 6, 11.5, 11.5 ],
			"faces": {
				"down": { "uv": [ 0, 4.5, 6, 11.5 ], "texture": "#texture2" },
				"up": { "uv": [ 0, 4.5, 6, 11.5 ], "texture": "#texture2" },
				"north": { "uv": [ 10, 4.5, 16, 11.5 ], "texture": "#texture2" },
				"south": { "uv": [ 0, 4.5, 6, 11.5 ], "texture": "#texture2" },
				"west": { "uv": [ 4.5, 4.5, 11.5, 11.5 ], "texture": "#texture2" },
				"east": { "uv": [ 4.5, 4.5, 11.5, 11.5 ], "texture": "#texture2" }
			}
		}
	],
	"display": {
		"thirdperson_righthand": {
			"rotation":  [ 75, 45, 0 ],
			"translation":  [ -0.695, 1.1086, 0 ],
			"scale":  [ 0.375, 0.375, 0.375 ]
		},
		"thirdperson_lefthand": {
			"rotation":  [ 75, 45, 0 ],
			"translation":  [ -0.695, 1.1086, 0 ],
			"scale":  [ 0.375, 0.375, 0.375 ]
		},
		"firstperson_righthand": {
			"rotation":  [ 0, 45, 0 ],
			"translation":  [ 0.6956, 2.7826, 0 ],
			"scale":  [ 0.4, 0.4, 0.4 ]
		},
		"firstperson_lefthand": {
			"rotation":  [ 0, 45, 0 ],
			"translation":  [ 0.6956, 2.7826, 0 ],
			"scale":  [ 0.4, 0.4, 0.4 ]
		},
		"gui": {
			"rotation":  [ 30, -225, 0 ],
			"translation":  [ -1.391, 0, 0 ],
			"scale":  [ 0.625, 0.625, 0.625 ]
		},
		"head": {
			"rotation":  [ 0, 90, 0 ]
		},
		"ground": {
			"translation":  [ 1.3913, 3, 0 ],
			"scale":  [ 0.25, 0.25, 0.25 ]
		},
		"fixed": {
			"rotation":  [ 0, -90, 0 ],
			"scale":  [ 2, 2, 2 ]
		}
	}
}