{
	"__comment": "Designed by Galingueur with Cubik Studio - https://cubik.studio",
	"textures": {
		"texture": "item/m_woodentools"
	},
	"elements": [
		{
			"__comment": "Cube2",
			"from": [ 7.75, 12, 2 ],
			"to": [ 8.25, 13, 3 ],
			"faces": {
				"down": { "uv": [ 3, 9.5, 3.5, 10 ], "texture": "#texture" },
				"up": { "uv": [ 3, 9.5, 3.5, 10 ], "texture": "#texture" },
				"north": { "uv": [ 3, 9.5, 3.5, 10 ], "texture": "#texture" },
				"south": { "uv": [ 3, 9.5, 3.5, 10 ], "texture": "#texture" },
				"west": { "uv": [ 3, 9.5, 3.5, 10 ], "texture": "#texture" },
				"east": { "uv": [ 3, 9.5, 3.5, 10 ], "texture": "#texture" }
			}
		},
		{
			"__comment": "Cube2",
			"from": [ 7, 0, 7 ],
			"to": [ 9, 12, 9 ],
			"faces": {
				"down": { "uv": [ 5, 7.5, 5.5, 8 ], "texture": "#texture" },
				"up": { "uv": [ 5, 3, 5.5, 3.5 ], "texture": "#texture" },
				"north": { "uv": [ 5.5, 10, 6.5, 16 ], "texture": "#texture" },
				"south": { "uv": [ 5.5, 10, 6.5, 16 ], "texture": "#texture" },
				"west": { "uv": [ 5.5, 10, 6.5, 16 ], "texture": "#texture" },
				"east": { "uv": [ 5.5, 10, 6.5, 16 ], "texture": "#texture" }
			}
		},
		{
			"__comment": "Cube2",
			"from": [ 6.75, 11.5, 6.75 ],
			"to": [ 9.25, 16.5, 9.25 ],
			"faces": {
				"down": { "uv": [ 14, 11, 14.5, 11.5 ], "texture": "#texture" },
				"up": { "uv": [ 13.5, 8, 14, 8.5 ], "texture": "#texture" },
				"north": { "uv": [ 5.5, 8, 6, 10 ], "texture": "#texture" },
				"south": { "uv": [ 6, 8, 6.5, 10 ], "texture": "#texture" },
				"west": { "uv": [ 5.5, 8, 6.5, 10 ], "texture": "#texture" },
				"east": { "uv": [ 6.5, 8, 5.5, 10 ], "texture": "#texture" }
			}
		},
		{
			"__comment": "Cube2",
			"from": [ 7.25, 12, 5 ],
			"to": [ 8.75, 16, 7 ],
			"faces": {
				"down": { "uv": [ 12, 10.5, 12.5, 11 ], "texture": "#texture" },
				"up": { "uv": [ 12, 8, 12.5, 8.5 ], "texture": "#texture" },
				"north": { "uv": [ 5, 8, 4.5, 10 ], "texture": "#texture" },
				"south": { "uv": [ 5.5, 8, 5, 10 ], "texture": "#texture" },
				"west": { "uv": [ 4.5, 8, 5.5, 10 ], "texture": "#texture" },
				"east": { "uv": [ 5.5, 8, 4.5, 10 ], "texture": "#texture" }
			}
		},
		{
			"__comment": "Cube2",
			"from": [ 7.25, 12, 4 ],
			"to": [ 8.75, 15, 5 ],
			"faces": {
				"down": { "uv": [ 4, 9.5, 4.5, 10 ], "texture": "#texture" },
				"up": { "uv": [ 4, 8.5, 4.5, 9 ], "texture": "#texture" },
				"north": { "uv": [ 4, 8.5, 4.5, 10 ], "texture": "#texture" },
				"south": { "uv": [ 4, 8.5, 4.5, 10 ], "texture": "#texture" },
				"west": { "uv": [ 4, 8.5, 4.5, 10 ], "texture": "#texture" },
				"east": { "uv": [ 4, 8.5, 4.5, 10 ], "texture": "#texture" }
			}
		},
		{
			"__comment": "Cube2",
			"from": [ 7.5, 12, 3 ],
			"to": [ 8.5, 14, 4 ],
			"faces": {
				"down": { "uv": [ 4, 9.5, 4.5, 10 ], "texture": "#texture" },
				"up": { "uv": [ 4, 8.5, 4.5, 9 ], "texture": "#texture" },
				"north": { "uv": [ 4, 8.5, 4.5, 10 ], "texture": "#texture" },
				"south": { "uv": [ 3.5, 9, 4, 10 ], "texture": "#texture" },
				"west": { "uv": [ 4, 8.5, 4.5, 10 ], "texture": "#texture" },
				"east": { "uv": [ 3.5, 9, 4, 10 ], "texture": "#texture" }
			}
		}
	],
	"display": {
		"thirdperson_righthand": {
			"translation":  [ 0, 2.7826, 0 ],
			"scale":  [ 0.8, 0.8, 0.8 ]
		},
		"thirdperson_lefthand": {
			"translation":  [ 0, 2.7826, 0 ],
			"scale":  [ 0.8, 0.8, 0.8 ]
		},
		"firstperson_righthand": {
			"rotation":  [ -21, 7, 0 ],
			"translation":  [ 0, 4.1739, 0 ],
			"scale":  [ 0.7, 0.7, 0.7 ]
		},
		"firstperson_lefthand": {
			"rotation":  [ -21, 7, 0 ],
			"translation":  [ 0, 4.1739, 0 ],
			"scale":  [ 0.7, 0.7, 0.7 ]
		},
		"gui": {
			"rotation":  [ 31, -131, 47 ],
			"translation":  [ -0.694, 0.0016, 0 ],
			"scale":  [ 0.7, 0.7, 0.7 ]
		},
		"ground": {
			"translation":  [ 0, 2, 0 ],
			"scale":  [ 0.5, 0.5, 0.5 ]
		},
		"fixed": {
			"rotation":  [ 90, 90, -90 ],
			"translation":  [ 0, 0.0002, 0.6956 ],
			"scale":  [ 2, 2, 2 ]
		}
	}
}