{
	"__comment": "Designed by Galingueur with Cubik Studio - https://cubik.studio",
	"textures": {
		"particle": "block/m_gun_01",
		"texture": "block/m_gun_01"
	},
	"elements": [
		{
			"__comment": "Cube1",
			"from": [ 12.5, 9, 7.5 ],
			"to": [ 13.5, 10, 9.5 ],
			"faces": {
				"down": { "uv": [ 9, 1, 10, 2 ], "texture": "#texture" },
				"up": { "uv": [ 9, 1, 10, 2 ], "texture": "#texture" },
				"north": { "uv": [ 10, 2, 9, 1 ], "texture": "#texture", "rotation": 180 },
				"south": { "uv": [ 10, 2, 9, 1 ], "texture": "#texture", "rotation": 180 },
				"west": { "uv": [ 9, 1, 10, 2 ], "texture": "#texture" },
				"east": { "uv": [ 9, 1, 10, 2 ], "texture": "#texture" }
			}
		},
		{
			"__comment": "Cube1",
			"from": [ 5.5, 4, 7.5 ],
			"to": [ 6.5, 6, 9.5 ],
			"faces": {
				"down": { "uv": [ 4, 4, 5, 5 ], "texture": "#texture" },
				"up": { "uv": [ 0, 2, 1, 3 ], "texture": "#texture", "rotation": 90 },
				"north": { "uv": [ 3, 5, 7, 4 ], "texture": "#texture", "rotation": 180 },
				"south": { "uv": [ 7, 5, 3, 4 ], "texture": "#texture", "rotation": 180 },
				"west": { "uv": [ 3, 4, 4, 5 ], "texture": "#texture" },
				"east": { "uv": [ 6, 4, 7, 5 ], "texture": "#texture", "rotation": 180 }
			}
		},
		{
			"__comment": "Cube1",
			"from": [ 6.5, 4, 8 ],
			"to": [ 7.5, 5, 9 ],
			"faces": {
				"down": { "uv": [ 9, 1, 10, 2 ], "texture": "#texture" },
				"up": { "uv": [ 9, 1, 10, 2 ], "texture": "#texture" },
				"north": { "uv": [ 10, 2, 9, 1 ], "texture": "#texture", "rotation": 180 },
				"south": { "uv": [ 10, 2, 9, 1 ], "texture": "#texture", "rotation": 180 },
				"west": { "uv": [ 9, 1, 10, 2 ], "texture": "#texture" },
				"east": { "uv": [ 9, 1, 10, 2 ], "texture": "#texture" }
			}
		},
		{
			"__comment": "Cube1",
			"from": [ 11.5, 7.0001, 7.5 ],
			"to": [ 12.5, 10.0001, 9.5 ],
			"faces": {
				"down": { "uv": [ 8, 3, 9, 4 ], "texture": "#texture" },
				"up": { "uv": [ 8, 1, 9, 2 ], "texture": "#texture" },
				"north": { "uv": [ 8, 4, 9, 1 ], "texture": "#texture", "rotation": 180 },
				"south": { "uv": [ 9, 4, 8, 1 ], "texture": "#texture", "rotation": 180 },
				"west": { "uv": [ 4, 13, 7, 16 ], "texture": "#texture", "rotation": 180 },
				"east": { "uv": [ 4, 10, 7, 13 ], "texture": "#texture", "rotation": 180 }
			}
		},
		{
			"__comment": "Cube1",
			"from": [ 5.5, 10, 7.5 ],
			"to": [ 9.5, 11, 9.5 ],
			"faces": {
				"down": { "uv": [ 6, 6, 11, 10 ], "texture": "#texture" },
				"up": { "uv": [ 6, 6, 7, 10 ], "texture": "#texture", "rotation": 90 },
				"north": { "uv": [ 2, 1, 6, 0 ], "texture": "#texture", "rotation": 180 },
				"south": { "uv": [ 6, 1, 2, 0 ], "texture": "#texture", "rotation": 180 },
				"west": { "uv": [ 6, 6, 8, 7 ], "texture": "#texture", "rotation": 180 },
				"east": { "uv": [ 6, 6, 8, 7 ], "texture": "#texture", "rotation": 180 }
			}
		},
		{
			"__comment": "Cube1",
			"from": [ 3.5, 7.0001, 7 ],
			"to": [ 5.5, 9.000099, 10 ],
			"faces": {
				"down": { "uv": [ 0, 3, 2, 4 ], "texture": "#texture" },
				"up": { "uv": [ 0, 2, 1, 3 ], "texture": "#texture", "rotation": 90 },
				"north": { "uv": [ 0, 4, 2, 2 ], "texture": "#texture", "rotation": 180 },
				"south": { "uv": [ 2, 4, 0, 2 ], "texture": "#texture", "rotation": 180 },
				"west": { "uv": [ 0, 2, 1, 3 ], "texture": "#texture", "rotation": 180 },
				"east": { "uv": [ 1, 2, 2, 3 ], "texture": "#texture", "rotation": 180 }
			}
		},
		{
			"__comment": "Cube1",
			"from": [ 3.5, 3.0001, 7 ],
			"to": [ 5.5, 6.0001, 10 ],
			"faces": {
				"down": { "uv": [ 0, 7, 2, 8 ], "texture": "#texture" },
				"up": { "uv": [ 0, 2, 1, 3 ], "texture": "#texture", "rotation": 90 },
				"north": { "uv": [ 0, 8, 2, 5 ], "texture": "#texture", "rotation": 180 },
				"south": { "uv": [ 2, 8, 0, 5 ], "texture": "#texture", "rotation": 180 },
				"west": { "uv": [ 0, 5, 1, 8 ], "texture": "#texture" },
				"east": { "uv": [ 2, 5, 3, 6 ], "texture": "#texture", "rotation": 180 }
			}
		},
		{
			"__comment": "Cube1",
			"from": [ 12.5, 7, 7.5 ],
			"to": [ 13.5, 8, 9.5 ],
			"faces": {
				"down": { "uv": [ 9, 1, 10, 2 ], "texture": "#texture" },
				"up": { "uv": [ 9, 1, 10, 2 ], "texture": "#texture" },
				"north": { "uv": [ 10, 2, 9, 1 ], "texture": "#texture", "rotation": 180 },
				"south": { "uv": [ 10, 2, 9, 1 ], "texture": "#texture", "rotation": 180 },
				"west": { "uv": [ 9, 1, 10, 2 ], "texture": "#texture" },
				"east": { "uv": [ 9, 1, 10, 2 ], "texture": "#texture" }
			}
		},
		{
			"__comment": "Cube1",
			"from": [ 7.5, 5, 8 ],
			"to": [ 8.5, 6, 9 ],
			"faces": {
				"down": { "uv": [ 9, 1, 10, 2 ], "texture": "#texture" },
				"up": { "uv": [ 9, 1, 10, 2 ], "texture": "#texture" },
				"north": { "uv": [ 10, 2, 9, 1 ], "texture": "#texture", "rotation": 180 },
				"south": { "uv": [ 10, 2, 9, 1 ], "texture": "#texture", "rotation": 180 },
				"west": { "uv": [ 9, 1, 10, 2 ], "texture": "#texture" },
				"east": { "uv": [ 9, 1, 10, 2 ], "texture": "#texture" }
			}
		},
		{
			"__comment": "Cube1",
			"from": [ 4.5, 6.0001, 7.5 ],
			"to": [ 10.5, 7.0001, 9.5 ],
			"faces": {
				"down": { "uv": [ 4, 4, 5, 5 ], "texture": "#texture" },
				"up": { "uv": [ 0, 2, 1, 3 ], "texture": "#texture", "rotation": 90 },
				"north": { "uv": [ 3, 5, 7, 4 ], "texture": "#texture", "rotation": 180 },
				"south": { "uv": [ 7, 5, 3, 4 ], "texture": "#texture", "rotation": 180 },
				"west": { "uv": [ 3, 4, 4, 5 ], "texture": "#texture" },
				"east": { "uv": [ 6, 4, 7, 5 ], "texture": "#texture", "rotation": 180 }
			}
		},
		{
			"__comment": "Cube1",
			"from": [ 4.5, 7.0001, 7.5 ],
			"to": [ 11.5, 10.0001, 9.5 ],
			"faces": {
				"down": { "uv": [ 1, 3, 9, 4 ], "texture": "#texture" },
				"up": { "uv": [ 1, 1, 9, 2 ], "texture": "#texture" },
				"north": { "uv": [ 1, 4, 8, 1 ], "texture": "#texture", "rotation": 180 },
				"south": { "uv": [ 8, 4, 1, 1 ], "texture": "#texture", "rotation": 180 },
				"west": { "uv": [ 4, 13, 7, 16 ], "texture": "#texture", "rotation": 180 },
				"east": { "uv": [ 4, 10, 7, 11 ], "texture": "#texture", "rotation": 180 }
			}
		},
		{
			"__comment": "Cube1",
			"from": [ 6.125, 8, 7 ],
			"to": [ 8.625, 9, 10 ],
			"faces": {
				"down": { "uv": [ 3, 2, 5, 3 ], "texture": "#texture" },
				"up": { "uv": [ 3, 2, 5, 3 ], "texture": "#texture", "rotation": 90 },
				"north": { "uv": [ 3, 3, 5, 2 ], "texture": "#texture", "rotation": 180 },
				"south": { "uv": [ 5, 3, 3, 2 ], "texture": "#texture", "rotation": 180 },
				"west": { "uv": [ 3, 2, 5, 3 ], "texture": "#texture", "rotation": 180 },
				"east": { "uv": [ 3, 2, 5, 3 ], "texture": "#texture", "rotation": 180 }
			}
		},
		{
			"__comment": "Cube1",
			"from": [ 5.5, 9, 7 ],
			"to": [ 9.5, 10, 10 ],
			"faces": {
				"down": { "uv": [ 6, 6, 11, 10 ], "texture": "#texture" },
				"up": { "uv": [ 2, 1, 6, 2 ], "texture": "#texture", "rotation": 180 },
				"north": { "uv": [ 2, 2, 6, 1 ], "texture": "#texture", "rotation": 180 },
				"south": { "uv": [ 6, 2, 2, 1 ], "texture": "#texture", "rotation": 180 },
				"west": { "uv": [ 6, 6, 11, 7 ], "texture": "#texture", "rotation": 180 },
				"east": { "uv": [ 6, 6, 11, 7 ], "texture": "#texture", "rotation": 180 }
			}
		}
	],
	"display": {
		"thirdperson_righthand": {
			"rotation":  [ 0, 90, 0 ],
			"translation":  [ -0.439, 1.7582, -2.197 ]
		},
		"thirdperson_lefthand": {
			"rotation":  [ 0, -90, 0 ],
			"translation":  [ 0.4395, 1.7582, -2.197 ]
		},
		"firstperson_righthand": {
			"rotation":  [ 0, 90, 0 ],
			"translation":  [ -1.318, 2.1978, 0.4395 ]
		},
		"firstperson_lefthand": {
			"rotation":  [ 0, -90, 0 ],
			"translation":  [ -1.318, 2.1978, 0.4395 ]
		},
		"gui": {
			"scale":  [ 1.3, 1.3, 1.3 ]
		},
		"head": {
			"rotation":  [ -91, 90, 0 ],
			"translation":  [ -2.7, 0, -5.713 ],
			"scale":  [ 2, 2, 5 ]
		},
		"fixed": {
			"translation":  [ 0, 0, -2.197 ],
			"scale":  [ 2, 2, 2 ]
		}
	}
}