{
	"__comment": "Designed by Galingueur with Cubik Studio - https://cubik.studio",
	"textures": {
		"particle": "block/i_rifle",
		"texture": "block/i_rifle"
	},
	"elements": [
		{
			"__comment": "Cube2",
			"from": [ -9.5, -15, -2 ],
			"to": [ -8.5, -14, -1 ],
			"faces": {
				"down": { "uv": [ 0, 16, 0, 16 ], "texture": "#texture" },
				"up": { "uv": [ 0, 0, 0, 0 ], "texture": "#texture" },
				"north": { "uv": [ 16, 16, 16, 16 ], "texture": "#texture" },
				"south": { "uv": [ 0, 16, 0, 16 ], "texture": "#texture" },
				"west": { "uv": [ 0, 16, 0, 16 ], "texture": "#texture" },
				"east": { "uv": [ 16, 16, 16, 16 ], "texture": "#texture" }
			}
		},
		{
			"__comment": "Cube3",
			"from": [ 1.5, 10, 0 ],
			"to": [ 2.5, 11, 2 ],
			"faces": {
				"down": { "uv": [ 11, 0.5, 11.5, 1.5 ], "texture": "#texture" },
				"up": { "uv": [ 11, 0.5, 11.5, 1.5 ], "texture": "#texture" },
				"north": { "uv": [ 4.5, 3, 5, 3.5 ], "texture": "#texture" },
				"south": { "uv": [ 4.5, 3, 5, 3.5 ], "texture": "#texture" },
				"west": { "uv": [ 11, 0.5, 11.5, 1.5 ], "texture": "#texture" },
				"east": { "uv": [ 11, 0.5, 11.5, 1.5 ], "texture": "#texture" }
			}
		},
		{
			"__comment": "Cube3",
			"from": [ 14.5, 8, 0 ],
			"to": [ 21.5, 10, 2 ],
			"faces": {
				"down": { "uv": [ 12.5, 5, 16, 6 ], "texture": "#texture" },
				"up": { "uv": [ 11, 0.5, 14.5, 1.5 ], "texture": "#texture" },
				"north": { "uv": [ 11, 3.5, 14.5, 4.5 ], "texture": "#texture" },
				"south": { "uv": [ 11, 3.5, 14.5, 4.5 ], "texture": "#texture" },
				"west": { "uv": [ 14.5, 0.5, 15.5, 1.5 ], "texture": "#texture" },
				"east": { "uv": [ 14.5, 0.5, 15.5, 1.5 ], "texture": "#texture" }
			}
		},
		{
			"__comment": "Cube3",
			"from": [ 2.5, 9, -0.5 ],
			"to": [ 14.5, 12, 2.5 ],
			"faces": {
				"down": { "uv": [ 5, 0, 11, 2 ], "texture": "#texture" },
				"up": { "uv": [ 5, 0, 11, 2 ], "texture": "#texture" },
				"north": { "uv": [ 11, 2.5, 5, 4 ], "texture": "#texture" },
				"south": { "uv": [ 5, 2.5, 11, 4 ], "texture": "#texture" },
				"west": { "uv": [ 14, 2.5, 16, 3.5 ], "texture": "#texture" },
				"east": { "uv": [ 14, 2.5, 16, 3.5 ], "texture": "#texture" }
			}
		},
		{
			"__comment": "Cube3",
			"from": [ -1.5, 7, 0 ],
			"to": [ -0.5, 10, 2 ],
			"faces": {
				"down": { "uv": [ 11, 5.5, 12, 6.5 ], "texture": "#texture" },
				"up": { "uv": [ 10.5, 5.5, 12, 6.5 ], "texture": "#texture" },
				"north": { "uv": [ 3, 3.5, 3.5, 5 ], "texture": "#texture" },
				"south": { "uv": [ 3, 3.5, 3.5, 5 ], "texture": "#texture" },
				"west": { "uv": [ 11, 5.5, 12, 6.5 ], "texture": "#texture" },
				"east": { "uv": [ 10.5, 5.5, 11.5, 6.5 ], "texture": "#texture" }
			}
		},
		{
			"__comment": "Cube3",
			"from": [ 1.5, 7, 0 ],
			"to": [ 2.5, 8, 2 ],
			"faces": {
				"down": { "uv": [ 10.5, 5.5, 12.5, 6.5 ], "texture": "#texture" },
				"up": { "uv": [ 10.5, 5.5, 12.5, 6.5 ], "texture": "#texture" },
				"north": { "uv": [ 4.5, 4.5, 5, 5 ], "texture": "#texture" },
				"south": { "uv": [ 4.5, 4.5, 5, 5 ], "texture": "#texture" },
				"west": { "uv": [ 11, 5.5, 12, 6.5 ], "texture": "#texture" },
				"east": { "uv": [ 11, 5.5, 12, 6.5 ], "texture": "#texture" }
			}
		},
		{
			"__comment": "Cube3",
			"from": [ -0.5, 8, 0.5 ],
			"to": [ 2.5, 10, 1.5 ],
			"faces": {
				"down": { "uv": [ 3.5, 4, 4.5, 4.5 ], "texture": "#texture" },
				"up": { "uv": [ 3.5, 3.5, 5, 4 ], "texture": "#texture" },
				"north": { "uv": [ 3.5, 3.5, 5, 4.5 ], "texture": "#texture" },
				"south": { "uv": [ 3.5, 3.5, 5, 4.5 ], "texture": "#texture" },
				"west": { "uv": [ 14.5, 0.5, 15.5, 1.5 ], "texture": "#texture" },
				"east": { "uv": [ 14.5, 0.5, 15.5, 1.5 ], "texture": "#texture" }
			}
		},
		{
			"__comment": "Cube3",
			"from": [ -4.5, 5, 0 ],
			"to": [ -2.5, 6, 2 ],
			"faces": {
				"down": { "uv": [ 10.5, 5.5, 12.5, 6.5 ], "texture": "#texture" },
				"up": { "uv": [ 10.5, 5.5, 12, 6.5 ], "texture": "#texture" },
				"north": { "uv": [ 1.5, 5.5, 2.5, 6 ], "texture": "#texture" },
				"south": { "uv": [ 1.5, 5.5, 2.5, 6 ], "texture": "#texture" },
				"west": { "uv": [ 11, 5.5, 12, 6.5 ], "texture": "#texture" },
				"east": { "uv": [ 11, 5.5, 12, 6.5 ], "texture": "#texture" }
			}
		},
		{
			"__comment": "Cube3",
			"from": [ -4.5, 10, 0 ],
			"to": [ -0.5, 11, 2 ],
			"faces": {
				"down": { "uv": [ 1.5, 3, 3.5, 3.5 ], "texture": "#texture" },
				"up": { "uv": [ 1.5, 0, 3.5, 0.5 ], "texture": "#texture" },
				"north": { "uv": [ 1.5, 3, 3.5, 3.5 ], "texture": "#texture" },
				"south": { "uv": [ 1.5, 3, 3.5, 3.5 ], "texture": "#texture" },
				"west": { "uv": [ 10.5, 5.5, 11.5, 6.5 ], "texture": "#texture" },
				"east": { "uv": [ 10.5, 5.5, 11.5, 6.5 ], "texture": "#texture" }
			}
		},
		{
			"__comment": "Cube3",
			"from": [ -5.5, 6, 0 ],
			"to": [ -1.5, 10, 2 ],
			"faces": {
				"down": { "uv": [ 10.5, 5.5, 11.5, 6.5 ], "texture": "#texture" },
				"up": { "uv": [ 10.5, 5.5, 11.5, 6.5 ], "texture": "#texture" },
				"north": { "uv": [ 3, 3.5, 1, 5.5 ], "texture": "#texture" },
				"south": { "uv": [ 1, 3.5, 3, 5.5 ], "texture": "#texture" },
				"west": { "uv": [ 10.5, 5.5, 11.5, 6.5 ], "texture": "#texture" },
				"east": { "uv": [ 10.5, 5.5, 11.5, 6.5 ], "texture": "#texture" }
			}
		},
		{
			"__comment": "Cube3",
			"from": [ 12.5, 7, 0 ],
			"to": [ 14.5, 9, 2 ],
			"faces": {
				"down": { "uv": [ 11, 5.5, 12, 6.5 ], "texture": "#texture" },
				"up": { "uv": [ 11, 5.5, 12, 6.5 ], "texture": "#texture" },
				"north": { "uv": [ 11, 5.5, 12.5, 6.5 ], "texture": "#texture" },
				"south": { "uv": [ 11.5, 5.5, 12.5, 6.5 ], "texture": "#texture" },
				"west": { "uv": [ 11, 5.5, 12, 6.5 ], "texture": "#texture" },
				"east": { "uv": [ 11, 5.5, 12, 6.5 ], "texture": "#texture" }
			}
		},
		{
			"__comment": "Cube3",
			"from": [ 1, 3, 0 ],
			"to": [ 2.5, 7, 2 ],
			"faces": {
				"down": { "uv": [ 10.5, 5.5, 11.5, 6.5 ], "texture": "#texture" },
				"up": { "uv": [ 10.5, 5.5, 12, 6.5 ], "texture": "#texture" },
				"north": { "uv": [ 5, 5, 4, 7 ], "texture": "#texture" },
				"south": { "uv": [ 4, 5, 5, 7 ], "texture": "#texture" },
				"west": { "uv": [ 11, 5.5, 12, 6.5 ], "texture": "#texture" },
				"east": { "uv": [ 11, 5.5, 12, 6.5 ], "texture": "#texture" }
			}
		},
		{
			"__comment": "Cube3",
			"from": [ 3.5, 12, 0.5 ],
			"to": [ 10.5, 13, 1.5 ],
			"faces": {
				"down": { "uv": [ 5.5, 0.5, 9, 1.5 ], "texture": "#texture" },
				"up": { "uv": [ 5.5, 0.5, 9, 1.5 ], "texture": "#texture" },
				"north": { "uv": [ 5.5, 2, 9, 2.5 ], "texture": "#texture" },
				"south": { "uv": [ 5.5, 2, 9, 2.5 ], "texture": "#texture" },
				"west": { "uv": [ 11, 1.5, 12.5, 3 ], "texture": "#texture" },
				"east": { "uv": [ 11, 1.5, 12.5, 3 ], "texture": "#texture" }
			}
		},
		{
			"__comment": "Cube3",
			"from": [ 11.5, 4, 0 ],
			"to": [ 12.5, 5, 2 ],
			"faces": {
				"down": { "uv": [ 7, 5.5, 7.5, 6 ], "texture": "#texture" },
				"up": { "uv": [ 7, 5.5, 7.5, 6 ], "texture": "#texture" },
				"north": { "uv": [ 7, 5.5, 7.5, 6 ], "texture": "#texture" },
				"south": { "uv": [ 7, 5.5, 7.5, 6 ], "texture": "#texture" },
				"west": { "uv": [ 8, 6.5, 9, 7 ], "texture": "#texture" },
				"east": { "uv": [ 8, 6.5, 9, 7 ], "texture": "#texture" }
			}
		},
		{
			"__comment": "Cube3",
			"from": [ 4.5, 6, 0 ],
			"to": [ 6.5, 9, 2 ],
			"faces": {
				"down": { "uv": [ 10.5, 5.5, 12.5, 6.5 ], "texture": "#texture" },
				"up": { "uv": [ 11, 0.5, 14.5, 1.5 ], "texture": "#texture" },
				"north": { "uv": [ 7, 4, 6, 5.5 ], "texture": "#texture" },
				"south": { "uv": [ 6, 4, 7, 5.5 ], "texture": "#texture" },
				"west": { "uv": [ 14.5, 0.5, 15.5, 1.5 ], "texture": "#texture" },
				"east": { "uv": [ 14.5, 0.5, 15.5, 1.5 ], "texture": "#texture" }
			}
		},
		{
			"__comment": "Cube3",
			"from": [ 2.5, 5, 0 ],
			"to": [ 4.5, 9, 2 ],
			"faces": {
				"down": { "uv": [ 10.5, 5.5, 12.5, 6.5 ], "texture": "#texture" },
				"up": { "uv": [ 11, 0.5, 14.5, 1.5 ], "texture": "#texture" },
				"north": { "uv": [ 6, 4, 5, 6 ], "texture": "#texture" },
				"south": { "uv": [ 5, 4, 6, 6 ], "texture": "#texture" },
				"west": { "uv": [ 11.5, 5.5, 12.5, 6.5 ], "texture": "#texture" },
				"east": { "uv": [ 11, 5.5, 12, 6.5 ], "texture": "#texture" }
			}
		},
		{
			"__comment": "Cube3",
			"from": [ 6.5, 6, -1 ],
			"to": [ 13.5, 9, 3 ],
			"faces": {
				"down": { "uv": [ 7, 4.5, 10.5, 5.5 ], "texture": "#texture" },
				"up": { "uv": [ 7, 4, 10.5, 4.5 ], "texture": "#texture" },
				"north": { "uv": [ 7, 4, 10.5, 5.5 ], "texture": "#texture" },
				"south": { "uv": [ 7, 4, 10.5, 5.5 ], "texture": "#texture" },
				"west": { "uv": [ 9, 4, 10.5, 5.5 ], "texture": "#texture" },
				"east": { "uv": [ 9, 4, 10.5, 5.5 ], "texture": "#texture" }
			}
		},
		{
			"__comment": "Cube3",
			"from": [ 14.5, 10, 0 ],
			"to": [ 15.5, 11, 2 ],
			"faces": {
				"down": { "uv": [ 11, 0.5, 11.5, 1.5 ], "texture": "#texture" },
				"up": { "uv": [ 11, 0.5, 11.5, 1.5 ], "texture": "#texture" },
				"north": { "uv": [ 4.5, 3, 5, 3.5 ], "texture": "#texture" },
				"south": { "uv": [ 4.5, 3, 5, 3.5 ], "texture": "#texture" },
				"west": { "uv": [ 11, 0.5, 11.5, 1.5 ], "texture": "#texture" },
				"east": { "uv": [ 11, 0.5, 11.5, 1.5 ], "texture": "#texture" }
			}
		},
		{
			"__comment": "Cube3",
			"from": [ 8.5, 3, 0 ],
			"to": [ 11.5, 4, 2 ],
			"faces": {
				"down": { "uv": [ 7, 5.5, 7.5, 6 ], "texture": "#texture" },
				"up": { "uv": [ 7, 5.5, 7.5, 6 ], "texture": "#texture" },
				"north": { "uv": [ 7, 5.5, 7.5, 6 ], "texture": "#texture" },
				"south": { "uv": [ 7, 5.5, 7.5, 6 ], "texture": "#texture" },
				"west": { "uv": [ 8, 6.5, 9, 7 ], "texture": "#texture" },
				"east": { "uv": [ 8, 6.5, 9, 7 ], "texture": "#texture" }
			}
		},
		{
			"__comment": "Cube3",
			"from": [ 7.5, 4, 0 ],
			"to": [ 8.5, 5, 2 ],
			"faces": {
				"down": { "uv": [ 7, 5.5, 7.5, 6 ], "texture": "#texture" },
				"up": { "uv": [ 7, 5.5, 7.5, 6 ], "texture": "#texture" },
				"north": { "uv": [ 7, 5.5, 7.5, 6 ], "texture": "#texture" },
				"south": { "uv": [ 7, 5.5, 7.5, 6 ], "texture": "#texture" },
				"west": { "uv": [ 8, 6.5, 9, 7 ], "texture": "#texture" },
				"east": { "uv": [ 8, 6.5, 9, 7 ], "texture": "#texture" }
			}
		},
		{
			"__comment": "Cube3",
			"from": [ 6.5, 5, 0 ],
			"to": [ 7.5, 6, 2 ],
			"faces": {
				"down": { "uv": [ 7, 5.5, 7.5, 6 ], "texture": "#texture" },
				"up": { "uv": [ 7, 5.5, 7.5, 6 ], "texture": "#texture" },
				"north": { "uv": [ 7, 5.5, 7.5, 6 ], "texture": "#texture" },
				"south": { "uv": [ 7, 5.5, 7.5, 6 ], "texture": "#texture" },
				"west": { "uv": [ 8, 6.5, 9, 7 ], "texture": "#texture" },
				"east": { "uv": [ 8, 6.5, 9, 7 ], "texture": "#texture" }
			}
		},
		{
			"__comment": "Cube3",
			"from": [ 12.5, 5, 0 ],
			"to": [ 13.5, 6, 2 ],
			"faces": {
				"down": { "uv": [ 7, 5.5, 7.5, 6 ], "texture": "#texture" },
				"up": { "uv": [ 7, 5.5, 7.5, 6 ], "texture": "#texture" },
				"north": { "uv": [ 7, 5.5, 7.5, 6 ], "texture": "#texture" },
				"south": { "uv": [ 7, 5.5, 7.5, 6 ], "texture": "#texture" },
				"west": { "uv": [ 8, 6.5, 9, 7 ], "texture": "#texture" },
				"east": { "uv": [ 8, 6.5, 9, 7 ], "texture": "#texture" }
			}
		},
		{
			"__comment": "Cube3",
			"from": [ 2.5, 4, 0 ],
			"to": [ 3.5, 5, 2 ],
			"faces": {
				"down": { "uv": [ 10.5, 5.5, 12.5, 6.5 ], "texture": "#texture" },
				"up": { "uv": [ 10.5, 5.5, 12.5, 6.5 ], "texture": "#texture" },
				"north": { "uv": [ 4.5, 4.5, 5, 5 ], "texture": "#texture" },
				"south": { "uv": [ 4.5, 4.5, 5, 5 ], "texture": "#texture" },
				"west": { "uv": [ 11, 5.5, 12, 6.5 ], "texture": "#texture" },
				"east": { "uv": [ 11, 5.5, 12, 6.5 ], "texture": "#texture" }
			}
		}
	],
	"display": {
		"thirdperson_righthand": {
			"rotation":  [ 0, 90, 0 ],
			"translation":  [ 5, 1.5, -3 ],
			"scale":  [ 0.8, 0.8, 0.8 ]
		},
		"thirdperson_lefthand": {
			"rotation":  [ 0, -90, 0 ],
			"translation":  [ -5.4, 1.5, -3 ],
			"scale":  [ 0.8, 0.8, 0.8 ]
		},
		"firstperson_righthand": {
			"rotation":  [ 0, 90, 0 ],
			"translation":  [ 3, 2.5, 0 ]
		},
		"firstperson_lefthand": {
			"rotation":  [ 0, -90, 0 ],
			"translation":  [ -10.65, 2.5, 0 ]
		},
		"gui": {
			"rotation":  [ 0, 0, 41 ],
			"translation":  [ 0.3, 0, 0 ],
			"scale":  [ 0.7, 0.7, 0.7 ]
		},
		"head": {
			"rotation":  [ 0, 90, 0 ],
			"translation":  [ 10.434, 8.3478, -1.39 ],
			"scale":  [ 1.5, 1.5, 1.5 ]
		},
		"ground": {
			"translation":  [ 0.6956, 3.4782, 8.3478 ],
			"scale":  [ 1.2, 1.2, 1.2 ]
		},
		"fixed": {
			"translation":  [ 12, 0, 12 ],
			"scale":  [ 2, 2, 2 ]
		}
	}
}