{
	"__comment": "Designed by Galingueur with Cubik Studio - https://cubik.studio",
	"textures": {
		"particle": "block/m_screen_2_base",
		"texture": "block/m_screen_3_base",
		"texture1": "block/m_screen_3_screen"
	},
	"elements": [
		{
			"__comment": "Cube1",
			"from": [ 13.5, 7, 2.5 ],
			"to": [ 15.5, 12, 3.5 ],
			"rotation": { "origin": [ 13.5, 7, 2.5 ], "axis": "x", "angle": -22.5 },
			"faces": {
				"down": { "uv": [ 2, 12, 5, 14 ], "texture": "#texture", "cullface": "down" },
				"up": { "uv": [ 2.5, 2, 5.5, 4 ], "texture": "#texture" },
				"north": { "uv": [ 5.5, 3, 2.5, 11 ], "texture": "#texture" },
				"south": { "uv": [ 5.5, 3, 2.5, 11 ], "texture": "#texture" },
				"west": { "uv": [ 5, 3, 6, 10 ], "texture": "#texture", "cullface": "west" },
				"east": { "uv": [ 2, 3, 3, 10 ], "texture": "#texture" }
			}
		},
		{
			"__comment": "Cube1",
			"from": [ 13, 11.5, 1 ],
			"to": [ 15, 13, 1.5 ],
			"rotation": { "origin": [ 13, 11.5, 1 ], "axis": "x", "angle": -22.5 },
			"faces": {
				"down": { "uv": [ 5, 2, 6, 4 ], "texture": "#texture", "cullface": "down" },
				"up": { "uv": [ 5, 3.5, 6, 6 ], "texture": "#texture" },
				"north": { "uv": [ 5, 2, 6, 4 ], "texture": "#texture" },
				"south": { "uv": [ 5, 4, 6, 6 ], "texture": "#texture" },
				"west": { "uv": [ 5, 2, 6, 8 ], "texture": "#texture", "cullface": "west" },
				"east": { "uv": [ 5, 2, 6, 6.5 ], "texture": "#texture" }
			}
		},
		{
			"__comment": "Cube1",
			"from": [ 13, 0, 7 ],
			"to": [ 16, 0.5, 8 ],
			"faces": {
				"down": { "uv": [ 13, 14, 16, 16 ], "texture": "#texture", "cullface": "down" },
				"up": { "uv": [ 13, 13.5, 16, 15.5 ], "texture": "#texture", "rotation": 180 },
				"north": { "uv": [ 13, 12, 16, 13 ], "texture": "#texture" },
				"south": { "uv": [ 13, 13.5, 16, 14 ], "texture": "#texture" },
				"west": { "uv": [ 12, 8, 13, 13.5 ], "texture": "#texture", "cullface": "west" },
				"east": { "uv": [ 12, 8, 13, 12 ], "texture": "#texture", "cullface": "east" }
			}
		},
		{
			"__comment": "Cube1",
			"from": [ 13, 5.5, 3.5 ],
			"to": [ 15, 7.5, 4 ],
			"rotation": { "origin": [ 13, 5.5, 3.5 ], "axis": "x", "angle": -22.5 },
			"faces": {
				"down": { "uv": [ 2, 12, 5, 14 ], "texture": "#texture", "cullface": "down" },
				"up": { "uv": [ 2, 12, 5, 14 ], "texture": "#texture" },
				"north": { "uv": [ 13, 9, 16, 12 ], "texture": "#texture" },
				"south": { "uv": [ 13, 9, 16, 12 ], "texture": "#texture" },
				"west": { "uv": [ 13.5, 9, 14, 12 ], "texture": "#texture", "cullface": "west" },
				"east": { "uv": [ 13.5, 9, 14, 12 ], "texture": "#texture" }
			}
		},
		{
			"__comment": "Cube1",
			"from": [ 13.5, 0, 5.5 ],
			"to": [ 15.5, 6, 6.5 ],
			"rotation": { "origin": [ 13.5, 0, 5.5 ], "axis": "x", "angle": -22.5 },
			"faces": {
				"down": { "uv": [ 2, 12, 5, 14 ], "texture": "#texture", "cullface": "down" },
				"up": { "uv": [ 8, 11, 11, 12 ], "texture": "#texture" },
				"north": { "uv": [ 7.5, 7, 10.5, 16 ], "texture": "#texture" },
				"south": { "uv": [ 7.5, 7, 10.5, 16 ], "texture": "#texture" },
				"west": { "uv": [ 7, 7, 8, 16 ], "texture": "#texture", "cullface": "west" },
				"east": { "uv": [ 10, 7, 11, 16 ], "texture": "#texture" }
			}
		},
		{
			"__comment": "Cube1",
			"from": [ 13, 0, 4 ],
			"to": [ 16, 1, 7 ],
			"faces": {
				"down": { "uv": [ 13, 8.5, 16, 13.5 ], "texture": "#texture", "cullface": "down" },
				"up": { "uv": [ 13, 8.5, 16, 13.5 ], "texture": "#texture" },
				"north": { "uv": [ 12, 8, 13, 14 ], "texture": "#texture" },
				"south": { "uv": [ 12, 8, 13, 14 ], "texture": "#texture" },
				"west": { "uv": [ 12, 8, 13, 14 ], "texture": "#texture", "cullface": "west" },
				"east": { "uv": [ 12, 8, 13, 14 ], "texture": "#texture", "cullface": "east" }
			}
		},
		{
			"__comment": "Cube1",
			"from": [ 0, 0, 7 ],
			"to": [ 3, 0.5, 8 ],
			"faces": {
				"down": { "uv": [ 13, 14, 16, 16 ], "texture": "#texture", "cullface": "down" },
				"up": { "uv": [ 13, 13.5, 16, 15.5 ], "texture": "#texture", "rotation": 180 },
				"north": { "uv": [ 13, 12, 16, 13 ], "texture": "#texture" },
				"south": { "uv": [ 13, 13.5, 16, 14 ], "texture": "#texture" },
				"west": { "uv": [ 12, 8, 13, 13.5 ], "texture": "#texture", "cullface": "west" },
				"east": { "uv": [ 12, 8, 13, 12 ], "texture": "#texture" }
			}
		},
		{
			"__comment": "Cube1",
			"from": [ 0, 0, 4 ],
			"to": [ 3, 1, 7 ],
			"faces": {
				"down": { "uv": [ 13, 8.5, 16, 13.5 ], "texture": "#texture", "cullface": "down" },
				"up": { "uv": [ 13, 8.5, 16, 13.5 ], "texture": "#texture" },
				"north": { "uv": [ 12, 8, 13, 14 ], "texture": "#texture" },
				"south": { "uv": [ 12, 8, 13, 14 ], "texture": "#texture" },
				"west": { "uv": [ 12, 8, 13, 14 ], "texture": "#texture", "cullface": "west" },
				"east": { "uv": [ 12, 8, 13, 14 ], "texture": "#texture" }
			}
		},
		{
			"__comment": "Cube1",
			"from": [ 0.5, 0, 5.5 ],
			"to": [ 2.5, 6, 6.5 ],
			"rotation": { "origin": [ 0.5, 0, 5.5 ], "axis": "x", "angle": -22.5 },
			"faces": {
				"down": { "uv": [ 2, 12, 5, 14 ], "texture": "#texture", "cullface": "down" },
				"up": { "uv": [ 8, 11, 11, 12 ], "texture": "#texture" },
				"north": { "uv": [ 7.5, 7, 10.5, 16 ], "texture": "#texture" },
				"south": { "uv": [ 7.5, 7, 10.5, 16 ], "texture": "#texture" },
				"west": { "uv": [ 7, 7, 8, 16 ], "texture": "#texture", "cullface": "west" },
				"east": { "uv": [ 10, 7, 11, 16 ], "texture": "#texture" }
			}
		},
		{
			"__comment": "Cube1",
			"from": [ 1, 5.5, 3.5 ],
			"to": [ 3, 7.5, 4 ],
			"rotation": { "origin": [ 1, 5.5, 3.5 ], "axis": "x", "angle": -22.5 },
			"faces": {
				"down": { "uv": [ 2, 12, 5, 14 ], "texture": "#texture", "cullface": "down" },
				"up": { "uv": [ 2, 12, 5, 14 ], "texture": "#texture" },
				"north": { "uv": [ 13, 9, 16, 12 ], "texture": "#texture" },
				"south": { "uv": [ 13, 9, 16, 12 ], "texture": "#texture" },
				"west": { "uv": [ 13.5, 9, 14, 12 ], "texture": "#texture", "cullface": "west" },
				"east": { "uv": [ 13.5, 9, 14, 12 ], "texture": "#texture" }
			}
		},
		{
			"__comment": "Cube1",
			"from": [ 0.5, 7, 2.5 ],
			"to": [ 2.5, 12, 3.5 ],
			"rotation": { "origin": [ 0.5, 7, 2.5 ], "axis": "x", "angle": -22.5 },
			"faces": {
				"down": { "uv": [ 2, 12, 5, 14 ], "texture": "#texture", "cullface": "down" },
				"up": { "uv": [ 2.5, 2, 5.5, 4 ], "texture": "#texture" },
				"north": { "uv": [ 2.5, 3, 5.5, 11 ], "texture": "#texture" },
				"south": { "uv": [ 2.5, 3, 5.5, 11 ], "texture": "#texture" },
				"west": { "uv": [ 2, 3, 3, 10 ], "texture": "#texture", "cullface": "west" },
				"east": { "uv": [ 5, 3, 6, 10 ], "texture": "#texture" }
			}
		},
		{
			"__comment": "Cube1",
			"from": [ 1, 11.5, 1 ],
			"to": [ 3, 13, 1.5 ],
			"rotation": { "origin": [ 1, 11.5, 1 ], "axis": "x", "angle": -22.5 },
			"faces": {
				"down": { "uv": [ 5, 2, 6, 4 ], "texture": "#texture", "cullface": "down" },
				"up": { "uv": [ 5, 3.5, 6, 6 ], "texture": "#texture" },
				"north": { "uv": [ 5, 2, 6, 4 ], "texture": "#texture" },
				"south": { "uv": [ 5, 4, 6, 6 ], "texture": "#texture" },
				"west": { "uv": [ 5, 2, 6, 8 ], "texture": "#texture", "cullface": "west" },
				"east": { "uv": [ 5, 2, 6, 6.5 ], "texture": "#texture" }
			}
		},
		{
			"__comment": "PlaneZ24",
			"from": [ 3, 2.5, 5 ],
			"to": [ 13, 13, 5.001 ],
			"rotation": { "origin": [ 3, 2.5, 5 ], "axis": "x", "angle": -22.5 },
			"faces": {
				"north": { "uv": [ 16, 0, 0, 14 ], "texture": "#texture1" },
				"south": { "uv": [ 0, 0, 16, 14 ], "texture": "#texture1" }
			}
		}
	],
	"display": {
		"gui": {
			"rotation":  [ 36, -28, 0 ],
			"translation":  [ -1.25, -0.62, 0 ],
			"scale":  [ 0.8, 0.8, 0.8 ]
		},
		"fixed": {
			"rotation":  [ -90, 0, 0 ],
			"translation":  [ 0, 0, -14 ],
			"scale":  [ 2, 2, 2 ]
		}
	}
}