{
	"__comment": "Designed by Galingueur with Cubik Studio - https://cubik.studio",
	"textures": {
		"particle": "block/m_a1_bottom",
		"texture": "block/m_a1_bottom",
		"texture1": "block/m_a1_screen_lit"
	},
	"elements": [
		{
			"__comment": "Cube1",
			"from": [ 7, 0, 3 ],
			"to": [ 9, 4, 4 ],
			"faces": {
				"down": { "uv": [ 7, 12, 9, 13 ], "texture": "#texture" },
				"up": { "uv": [ 7, 3, 9, 4 ], "texture": "#texture" },
				"north": { "uv": [ 7, 12, 9, 16 ], "texture": "#texture" },
				"south": { "uv": [ 8, 0, 10, 4 ], "texture": "#texture", "rotation": 180 },
				"west": { "uv": [ 2, 0, 3, 4 ], "texture": "#texture", "rotation": 180 },
				"east": { "uv": [ 13, 0, 14, 4 ], "texture": "#texture", "rotation": 180 }
			}
		},
		{
			"__comment": "Cube1",
			"from": [ 0, 4, 2 ],
			"to": [ 16, 16, 4 ],
			"faces": {
				"down": { "uv": [ 0, 0, 16, 1 ], "texture": "#texture" },
				"up": { "uv": [ 0, 0, 16, 1 ], "texture": "#texture" },
				"north": { "uv": [ 0, 2, 16, 14 ], "texture": "#texture" },
				"south": { "uv": [ 0, 0, 16, 13 ], "texture": "#texture1" },
				"west": { "uv": [ 2, 0, 12, 1 ], "texture": "#texture" },
				"east": { "uv": [ 3, 0, 12.5, 1 ], "texture": "#texture" }
			}
		},
		{
			"__comment": "Cube1",
			"from": [ 4, 6, 0.5 ],
			"to": [ 12, 14, 2 ],
			"faces": {
				"down": { "uv": [ 4, 7, 12, 8 ], "texture": "#texture" },
				"up": { "uv": [ 4, 7, 12, 8 ], "texture": "#texture" },
				"north": { "uv": [ 4, 4, 12, 12 ], "texture": "#texture", "rotation": 180 },
				"south": { "uv": [ 4, 4, 12, 12 ], "texture": "#texture", "rotation": 180 },
				"west": { "uv": [ 6, 4, 7, 12 ], "texture": "#texture", "rotation": 180 },
				"east": { "uv": [ 7, 4, 8, 12 ], "texture": "#texture", "rotation": 180 }
			}
		},
		{
			"__comment": "Cube1",
			"from": [ 6, 0, 2 ],
			"to": [ 10, 4, 3 ],
			"faces": {
				"down": { "uv": [ 6, 13, 10, 14 ], "texture": "#texture" },
				"up": { "uv": [ 6, 2, 10, 3 ], "texture": "#texture" },
				"north": { "uv": [ 5.5, 0, 9.5, 4 ], "texture": "#texture", "rotation": 180 },
				"south": { "uv": [ 6, 0, 10, 4 ], "texture": "#texture", "rotation": 180 },
				"west": { "uv": [ 2, 0, 3, 4 ], "texture": "#texture", "rotation": 180 },
				"east": { "uv": [ 13, 0, 14, 4 ], "texture": "#texture", "rotation": 180 }
			}
		},
		{
			"__comment": "Cube1",
			"from": [ 7, 0, 1 ],
			"to": [ 9, 6, 2 ],
			"faces": {
				"down": { "uv": [ 7, 14, 9, 15 ], "texture": "#texture" },
				"up": { "uv": [ 7, 0, 9, 1 ], "texture": "#texture" },
				"north": { "uv": [ 1, 0, 3, 6 ], "texture": "#texture", "rotation": 180 },
				"south": { "uv": [ 1, 0, 3, 5.5 ], "texture": "#texture", "rotation": 180 },
				"west": { "uv": [ 1, 0, 2, 16 ], "texture": "#texture", "rotation": 180 },
				"east": { "uv": [ 14, 0, 15, 16 ], "texture": "#texture", "rotation": 180 }
			}
		}
	],
	"display": {
		"gui": {
			"rotation":  [ 16, -47, 0 ],
			"translation":  [ -2.29, -1.04, 0 ],
			"scale":  [ 0.8, 0.8, 0.8 ]
		},
		"fixed": {
			"rotation":  [ -90, 0, 0 ],
			"translation":  [ 0, 0, -14 ],
			"scale":  [ 2, 2, 2 ]
		}
	}
}