{
	"__comment": "Designed by Galingueur with Cubik Studio - https://cubik.studio",
	"textures": {
		"particle": "block/m_screen_2_base",
		"texture": "block/m_screen_2_base",
		"texture1": "block/m_screen_2_hologram"
	},
	"elements": [
		{
			"__comment": "Cube1",
			"from": [ 0, 0, 1.5 ],
			"to": [ 3, 13.5, 3.5 ],
			"faces": {
				"down": { "uv": [ 2, 12, 5, 14 ], "texture": "#texture", "cullface": "down" },
				"up": { "uv": [ 2, 12, 5, 14 ], "texture": "#texture" },
				"north": { "uv": [ 6.5, 2, 10.5, 16 ], "texture": "#texture" },
				"south": { "uv": [ 1.5, 2, 5.5, 16 ], "texture": "#texture" },
				"west": { "uv": [ 0, 2, 2, 16 ], "texture": "#texture", "cullface": "west" },
				"east": { "uv": [ 5, 2, 7, 16 ], "texture": "#texture" }
			}
		},
		{
			"__comment": "Cube1",
			"from": [ 3, 1, 2 ],
			"to": [ 16, 2, 3 ],
			"faces": {
				"down": { "uv": [ 1, 0, 16, 1 ], "texture": "#texture" },
				"up": { "uv": [ 1, 0, 16, 1 ], "texture": "#texture" },
				"north": { "uv": [ 1, 0, 16, 1 ], "texture": "#texture", "rotation": 180 },
				"south": { "uv": [ 1, 0, 16, 1 ], "texture": "#texture" },
				"east": { "uv": [ 13, 0, 14, 1 ], "texture": "#texture", "cullface": "east", "rotation": 180 }
			}
		},
		{
			"__comment": "Cube1",
			"from": [ 15, 2, 2 ],
			"to": [ 16, 3, 3 ],
			"faces": {
				"up": { "uv": [ 13, 0, 14, 1 ], "texture": "#texture" },
				"north": { "uv": [ 13, 0, 14, 1 ], "texture": "#texture", "rotation": 180 },
				"south": { "uv": [ 13, 0, 14, 1 ], "texture": "#texture", "rotation": 180 },
				"west": { "uv": [ 13, 0, 14, 1 ], "texture": "#texture", "rotation": 180 },
				"east": { "uv": [ 13, 0, 14, 1 ], "texture": "#texture", "cullface": "east", "rotation": 180 }
			}
		},
		{
			"__comment": "Cube1",
			"from": [ 14, 2, 2 ],
			"to": [ 15, 2.5, 3 ],
			"faces": {
				"up": { "uv": [ 13, 0, 14, 1 ], "texture": "#texture" },
				"north": { "uv": [ 13, 0, 14, 0.5 ], "texture": "#texture", "rotation": 180 },
				"south": { "uv": [ 13, 0, 14, 0.5 ], "texture": "#texture", "rotation": 180 },
				"west": { "uv": [ 13, 0, 14, 0.5 ], "texture": "#texture", "rotation": 180 }
			}
		},
		{
			"__comment": "PlaneZ12",
			"from": [ 3.5, 2, 2.5 ],
			"to": [ 15.5, 12, 2.501 ],
			"faces": {
				"north": { "uv": [ 16, 0, 0, 14 ], "texture": "#texture1" },
				"south": { "uv": [ 0, 0, 16, 14 ], "texture": "#texture1" }
			}
		},
		{
			"__comment": "Cube1",
			"from": [ 3, 12, 2 ],
			"to": [ 16, 13, 3 ],
			"faces": {
				"down": { "uv": [ 1, 0, 16, 1 ], "texture": "#texture" },
				"up": { "uv": [ 1, 0, 16, 1 ], "texture": "#texture" },
				"north": { "uv": [ 1, 0, 16, 1 ], "texture": "#texture", "rotation": 180 },
				"south": { "uv": [ 1, 0, 16, 1 ], "texture": "#texture" },
				"east": { "uv": [ 13, 0, 14, 1 ], "texture": "#texture", "cullface": "east", "rotation": 180 }
			}
		},
		{
			"__comment": "Cube1",
			"from": [ 15, 11, 2 ],
			"to": [ 16, 12, 3 ],
			"faces": {
				"down": { "uv": [ 13, 0, 14, 1 ], "texture": "#texture" },
				"north": { "uv": [ 13, 0, 14, 1 ], "texture": "#texture", "rotation": 180 },
				"south": { "uv": [ 13, 0, 14, 1 ], "texture": "#texture", "rotation": 180 },
				"west": { "uv": [ 13, 0, 14, 1 ], "texture": "#texture", "rotation": 180 },
				"east": { "uv": [ 13, 0, 14, 1 ], "texture": "#texture", "cullface": "east", "rotation": 180 }
			}
		},
		{
			"__comment": "Cube1",
			"from": [ 14, 11.5, 2 ],
			"to": [ 15, 12, 3 ],
			"faces": {
				"down": { "uv": [ 13, 0, 14, 1 ], "texture": "#texture" },
				"north": { "uv": [ 13, 0, 14, 0.5 ], "texture": "#texture", "rotation": 180 },
				"south": { "uv": [ 13, 0, 14, 0.5 ], "texture": "#texture", "rotation": 180 },
				"west": { "uv": [ 13, 0, 14, 0.5 ], "texture": "#texture", "rotation": 180 }
			}
		}
	],
	"display": {
		"gui": {
			"rotation":  [ 14, -33, 0 ],
			"translation":  [ -2.71, -0.2, 0 ]
		},
		"fixed": {
			"rotation":  [ -90, 0, 0 ],
			"translation":  [ 0, 0, -14 ],
			"scale":  [ 2, 2, 2 ]
		}
	}
}