{
	"__comment": "Designed by Galingueur with Cubik Studio - https://cubik.studio",
	"textures": {
		"particle": "block/i_gun_yellow",
		"texture": "block/i_gun_yellow"
	},
	"elements": [
		{
			"__comment": "Cube2",
			"from": [ 1, 8, 0.5 ],
			"to": [ 3, 10, 1.5 ],
			"faces": {
				"down": { "uv": [ 1, 7, 3, 8 ], "texture": "#texture" },
				"up": { "uv": [ 1, 6, 3, 7 ], "texture": "#texture" },
				"north": { "uv": [ 3, 6, 1, 8 ], "texture": "#texture" },
				"south": { "uv": [ 1, 6, 3, 8 ], "texture": "#texture" },
				"west": { "uv": [ 1, 6, 2, 8 ], "texture": "#texture" },
				"east": { "uv": [ 2, 6, 3, 8 ], "texture": "#texture" }
			}
		},
		{
			"__comment": "Cube2",
			"from": [ 3, 14, 0 ],
			"to": [ 7, 15, 2 ],
			"faces": {
				"down": { "uv": [ 3, 13.5, 7, 16 ], "texture": "#texture" },
				"up": { "uv": [ 3, 1, 7, 2 ], "texture": "#texture" },
				"north": { "uv": [ 7, 1, 3, 2 ], "texture": "#texture" },
				"south": { "uv": [ 3, 1, 7, 2 ], "texture": "#texture" },
				"west": { "uv": [ 3, 1, 4, 2 ], "texture": "#texture" },
				"east": { "uv": [ 5, 1, 7, 2 ], "texture": "#texture" }
			}
		},
		{
			"__comment": "Cube2",
			"from": [ 9, 12, 0 ],
			"to": [ 11, 14, 2 ],
			"faces": {
				"down": { "uv": [ 9, 14, 11, 16 ], "texture": "#texture" },
				"up": { "uv": [ 9, 2, 11, 3 ], "texture": "#texture" },
				"north": { "uv": [ 11, 2, 9, 4 ], "texture": "#texture" },
				"south": { "uv": [ 9, 2, 11, 4 ], "texture": "#texture" },
				"west": { "uv": [ 13, 0, 16, 3 ], "texture": "#texture" },
				"east": { "uv": [ 13, 0, 16, 3 ], "texture": "#texture" }
			}
		},
		{
			"__comment": "Cube2",
			"from": [ 2, 12, -0.5 ],
			"to": [ 9, 14, 2.5 ],
			"faces": {
				"down": { "uv": [ 2, 3, 9, 4 ], "texture": "#texture" },
				"up": { "uv": [ 2, 2, 9, 3 ], "texture": "#texture" },
				"north": { "uv": [ 9, 2, 2, 4 ], "texture": "#texture" },
				"south": { "uv": [ 2, 2, 9, 4 ], "texture": "#texture" },
				"west": { "uv": [ 2, 2, 3, 4 ], "texture": "#texture" },
				"east": { "uv": [ 8, 2, 9, 4 ], "texture": "#texture" }
			}
		},
		{
			"__comment": "Cube2",
			"from": [ 1, 11, 0 ],
			"to": [ 8, 12, 2 ],
			"faces": {
				"down": { "uv": [ 1, 4, 8, 5 ], "texture": "#texture" },
				"up": { "uv": [ 1, 4, 8, 5 ], "texture": "#texture" },
				"north": { "uv": [ 1, 4, 8, 5 ], "texture": "#texture" },
				"south": { "uv": [ 1, 4, 8, 5 ], "texture": "#texture" },
				"west": { "uv": [ 1, 4, 2, 5 ], "texture": "#texture" },
				"east": { "uv": [ 1, 4, 2, 5 ], "texture": "#texture" }
			}
		},
		{
			"__comment": "Cube2",
			"from": [ 10, 14, 0.5 ],
			"to": [ 11, 15, 1.5 ],
			"faces": {
				"down": { "uv": [ 10, 1, 11, 2 ], "texture": "#texture" },
				"up": { "uv": [ 10, 1, 11, 2 ], "texture": "#texture" },
				"north": { "uv": [ 10, 1, 11, 2 ], "texture": "#texture" },
				"south": { "uv": [ 10, 1, 11, 2 ], "texture": "#texture" },
				"west": { "uv": [ 10, 1, 11, 2 ], "texture": "#texture" },
				"east": { "uv": [ 10, 1, 11, 2 ], "texture": "#texture" }
			}
		},
		{
			"__comment": "Cube2",
			"from": [ 4, 8, 0.5 ],
			"to": [ 5, 9, 1.5 ],
			"faces": {
				"down": { "uv": [ 1, 1, 2, 2 ], "texture": "#texture" },
				"up": { "uv": [ 1, 1, 2, 2 ], "texture": "#texture" },
				"north": { "uv": [ 14, 0, 15, 1 ], "texture": "#texture" },
				"south": { "uv": [ 1, 1, 2, 2 ], "texture": "#texture" },
				"west": { "uv": [ 1, 1, 2, 2 ], "texture": "#texture" },
				"east": { "uv": [ 15, 1, 16, 2 ], "texture": "#texture" }
			}
		},
		{
			"__comment": "Cube2",
			"from": [ 1, 12, 0 ],
			"to": [ 2, 13, 2 ],
			"faces": {
				"down": { "uv": [ 1, 3, 2, 4 ], "texture": "#texture" },
				"up": { "uv": [ 1, 1, 2, 2 ], "texture": "#texture" },
				"north": { "uv": [ 1, 1, 2, 2 ], "texture": "#texture" },
				"south": { "uv": [ 1, 3, 2, 4 ], "texture": "#texture" },
				"west": { "uv": [ 1, 3, 2, 4 ], "texture": "#texture" },
				"east": { "uv": [ 1, 1, 2, 2 ], "texture": "#texture" }
			}
		},
		{
			"__comment": "Cube2",
			"from": [ 5, 9, 0.5 ],
			"to": [ 6, 11, 1.5 ],
			"faces": {
				"down": { "uv": [ 5, 6, 6, 7 ], "texture": "#texture" },
				"up": { "uv": [ 5, 5, 6, 6 ], "texture": "#texture" },
				"north": { "uv": [ 5, 5, 6, 7 ], "texture": "#texture" },
				"south": { "uv": [ 5, 5, 6, 7 ], "texture": "#texture" },
				"west": { "uv": [ 5, 5, 6, 7 ], "texture": "#texture" },
				"east": { "uv": [ 5, 5, 6, 7 ], "texture": "#texture" }
			}
		},
		{
			"__comment": "Cube2",
			"from": [ 2, 10, 0 ],
			"to": [ 4, 11, 2 ],
			"faces": {
				"down": { "uv": [ 2, 5, 4, 6 ], "texture": "#texture" },
				"up": { "uv": [ 2, 5, 4, 6 ], "texture": "#texture" },
				"north": { "uv": [ 4, 5, 2, 6 ], "texture": "#texture" },
				"south": { "uv": [ 2, 5, 4, 6 ], "texture": "#texture" },
				"west": { "uv": [ 2, 5, 3, 6 ], "texture": "#texture" },
				"east": { "uv": [ 3, 5, 4, 6 ], "texture": "#texture" }
			}
		},
		{
			"__comment": "Cube2",
			"from": [ 2, 7, 0.5 ],
			"to": [ 4, 8, 1.5 ],
			"faces": {
				"down": { "uv": [ 2, 8, 4, 9 ], "texture": "#texture" },
				"up": { "uv": [ 2, 8, 4, 9 ], "texture": "#texture" },
				"north": { "uv": [ 2, 8, 4, 9 ], "texture": "#texture" },
				"south": { "uv": [ 2, 8, 4, 9 ], "texture": "#texture" },
				"west": { "uv": [ 2, 8, 4, 9 ], "texture": "#texture" },
				"east": { "uv": [ 2, 8, 4, 9 ], "texture": "#texture" }
			}
		},
		{
			"__comment": "Cube2",
			"from": [ 7, 14, 0 ],
			"to": [ 8, 15, 2 ],
			"faces": {
				"down": { "uv": [ 4, 1, 5, 2 ], "texture": "#texture" },
				"up": { "uv": [ 4, 1, 5, 2 ], "texture": "#texture" },
				"north": { "uv": [ 4, 1, 5, 2 ], "texture": "#texture" },
				"south": { "uv": [ 4, 1, 5, 2 ], "texture": "#texture" },
				"west": { "uv": [ 4, 1, 5, 2 ], "texture": "#texture" },
				"east": { "uv": [ 4, 1, 5, 2 ], "texture": "#texture" }
			}
		},
		{
			"__comment": "Cube2",
			"from": [ 1, 14, 0.5 ],
			"to": [ 2, 15, 1.5 ],
			"faces": {
				"down": { "uv": [ 1, 1, 2, 2 ], "texture": "#texture" },
				"up": { "uv": [ 1, 1, 2, 2 ], "texture": "#texture" },
				"north": { "uv": [ 14, 0, 15, 1 ], "texture": "#texture" },
				"south": { "uv": [ 1, 1, 2, 2 ], "texture": "#texture" },
				"west": { "uv": [ 1, 1, 2, 2 ], "texture": "#texture" },
				"east": { "uv": [ 15, 1, 16, 2 ], "texture": "#texture" }
			}
		},
		{
			"__comment": "Cube2",
			"from": [ 4, 14, 2 ],
			"to": [ 7, 14.5, 2.5 ],
			"faces": {
				"down": { "uv": [ 4, 1, 5, 2 ], "texture": "#texture" },
				"up": { "uv": [ 4, 1, 5, 2 ], "texture": "#texture" },
				"north": { "uv": [ 4, 1, 5, 2 ], "texture": "#texture" },
				"south": { "uv": [ 4, 1, 5, 2 ], "texture": "#texture" },
				"west": { "uv": [ 4, 1, 5, 2 ], "texture": "#texture" },
				"east": { "uv": [ 4, 1, 5, 2 ], "texture": "#texture" }
			}
		},
		{
			"__comment": "Cube2",
			"from": [ 4, 14, -0.5 ],
			"to": [ 7, 14.5, 0 ],
			"faces": {
				"down": { "uv": [ 4, 1, 5, 2 ], "texture": "#texture" },
				"up": { "uv": [ 4, 1, 5, 2 ], "texture": "#texture" },
				"north": { "uv": [ 4, 1, 5, 2 ], "texture": "#texture" },
				"south": { "uv": [ 4, 1, 5, 2 ], "texture": "#texture" },
				"west": { "uv": [ 4, 1, 5, 2 ], "texture": "#texture" },
				"east": { "uv": [ 4, 1, 5, 2 ], "texture": "#texture" }
			}
		}
	],
	"display": {
		"thirdperson_righthand": {
			"rotation":  [ 0, 90, 0 ],
			"translation":  [ 6.5934, -2.197, -3.516 ]
		},
		"thirdperson_lefthand": {
			"rotation":  [ 0, -90, 0 ],
			"translation":  [ -7.472, -2.197, -3.516 ]
		},
		"firstperson_righthand": {
			"rotation":  [ 0, 90, 0 ],
			"translation":  [ 4.1868, -1, 0 ]
		},
		"firstperson_lefthand": {
			"rotation":  [ 0, -90, 0 ],
			"translation":  [ -9, -1, 0 ]
		},
		"gui": {
			"translation":  [ 2.6373, -3.076, 0 ]
		},
		"head": {
			"rotation":  [ 0, 90, -90 ],
			"translation":  [ 27.691, 0.0001, 1.7666 ],
			"scale":  [ 1.4175, 1.6372, 4 ]
		},
		"ground": {
			"translation":  [ 3.0769, -0.879, 7.912 ]
		},
		"fixed": {
			"translation":  [ 3.0769, -3.076, 10.109 ],
			"scale":  [ 1.5, 1.5, 1.5 ]
		}
	}
}